band_id_original,band_4,band_5,band_6,band_7,band_8,band_9,band_10,band_11,band_12,band_13,band_14,band_15,band_16,band_17,band_18,band_19,band_20,band_21,band_22,band_23,band_24,band_25,band_26,band_27,band_28,band_29,band_30,band_31,band_32,band_33,band_34,band_35,band_36,band_37,band_38,band_39,band_40,band_41,band_42,band_43,band_44,band_45,band_46,band_47,band_48,band_49,band_50,band_51,band_52,band_53,band_54,band_55,band_56,band_57,band_58,band_59,band_60,band_61,band_62,band_63,band_64,band_65,band_66,band_67,band_68,band_69,band_70,band_71,band_72,band_73,band_74,band_75,band_76,band_77,band_78,band_79,band_80,band_81,band_82,band_83,band_84,band_85,band_86,band_87,band_88,band_89,band_90,band_91,band_92,band_93,band_94,band_95,band_96,band_97,band_98,band_99,band_100,band_101,band_102,band_103,band_104,band_105,band_106,band_107,band_113,band_114,band_115,band_116,band_117,band_118,band_119,band_120,band_121,band_122,band_123,band_124,band_125,band_126,band_127,band_128,band_129,band_130,band_131,band_132,band_133,band_134,band_135,band_136,band_137,band_138,band_139,band_140,band_141,band_142,band_143,band_144,band_145,band_146,band_147,band_148,band_149,band_150,band_151,band_152,band_153,band_167,band_168,band_169,band_170,band_171,band_172,band_173,band_174,band_175,band_176,band_177,band_178,band_179,band_180,band_181,band_182,band_183,band_184,band_185,band_186,band_187,band_188,band_189,band_190,band_191,band_192,band_193,band_194,band_195,band_196,band_197,band_198,band_199,band_200,band_201,band_202,band_203,band_204,band_205,band_206,band_207,band_208,band_209,band_210,band_211,band_212,band_213,band_214,band_215,band_216,band_217,band_218,band_219
4,1.0,0.019997121911150967,0.00015733902769072983,-0.01258867565337696,-0.02925888545152072,-0.041013985609078527,-0.052122030223727564,-0.06134522733805616,-0.07372565080914975,-0.08658608186662445,-0.09992119961169986,-0.10508083239221837,-0.09541329429552839,-0.07380378950047625,-0.05861324657175342,-0.05584064516572273,-0.06589549523506567,-0.09508605850053549,-0.12113280220886852,-0.11790866208486406,-0.08436720682704171,-0.050962954260238946,-0.054638129104401405,-0.053840537120013444,-0.049651394285759584,-0.05352339922641999,-0.046785244880175415,-0.03974546578628097,-0.03380951783196754,-0.03855184439199174,-0.037753396502891216,-0.02557604901165263,0.032648301620856635,0.17207984788236308,0.29993323797634175,0.370223454123719,0.40539734526985516,0.4214141261437797,0.4279225616004066,0.4293307972772113,0.4287976046902244,0.42814178223936533,0.4268771861833046,0.4255138358494718,0.4239486750551926,0.42218601352583307,0.42126973142510793,0.4208984576436554,0.42000633258685643,0.4190778778306383,0.41821341580170135,0.4171863450948058,0.4161130377069722,0.41461397888828366,0.41272950742477904,0.41123649744607027,0.41013485205991296,0.40692382011433853,0.40379470492225045,0.4004449995293803,0.3969865146002295,0.39530915889611323,0.39404908710025544,0.3939383208020768,0.39392429361376863,0.394264621935523,0.39481084456910376,0.39533664810036173,0.3958831106944556,0.3959658888577478,0.39585329224389076,0.39560559341832713,0.3947032876880485,0.39358491085367564,0.3918199343588937,0.3894369803495538,0.3857760881491036,0.37938218734165136,0.3740541797936367,0.36558213486767277,0.3550784421288611,0.3504996364940303,0.3474055608792007,0.34433731343381724,0.34143963287465956,0.33957344476170404,0.3387894232180896,0.33993831146806314,0.34155419492072986,0.34237450144612774,0.3427255907521965,0.3445410377663718,0.3407088023010457,0.34017393944330054,0.3390811711265549,0.33905477242701326,0.3383095815965423,0.3354873448549376,0.3304913026815978,0.32346742496001885,0.3137616746394291,0.2996442127084804,0.28419642806360434,0.250459224197519,0.1178676032882538,0.11216808195715058,0.10717910805972734,0.10533791021296297,0.10789151932139947,0.10884644646524051,0.11159440714538373,0.12064792236433512,0.13186258148375932,0.14013621332508086,0.1487396004843836,0.15611430432290818,0.16315006054087067,0.16982549106054884,0.1760909480561426,0.18144603327525904,0.1854036696670428,0.1901840628019673,0.19391055786043818,0.1957234877590071,0.19830523797962338,0.20061529860580807,0.2018823261623856,0.20224790011570776,0.2021312262202211,0.20125543524898049,0.20106250430677872,0.20041524806595523,0.19847700735119211,0.19546386654129413,0.19172331264524212,0.1882861100315026,0.18520123956903692,0.18301295753161495,0.1795701777798558,0.17502495424427633,0.1719880251274016,0.16816625237359553,0.1640690972406687,0.1551782294180049,0.15131844342083253,0.07267509623095922,0.070482328119958,0.07057993586906547,0.07252221640659892,0.07440419272563517,0.07653031449993203,0.07701332098590732,0.08236780235308229,0.08946714748885583,0.0948533864569473,0.10068565590058598,0.10588182648756572,0.111964992094194,0.11712564104980802,0.12212888910618709,0.12584669537872017,0.12927051437622764,0.131996226482226,0.1334109053828967,0.1348837914309092,0.13558474197946663,0.1375970439933484,0.1391148110983898,0.1413970984934076,0.14327168494831297,0.14555729270154802,0.14734384788350086,0.14967248633338814,0.14951443082326324,0.1495301849984299,0.14855089524490528,0.14671434965997301,0.14386845223799488,0.14084390789967383,0.13667423467239184,0.13203708552060803,0.12599651020119554,0.12267683472785068,0.12471699883813334,0.12414476344171843,0.12049557320224523,0.11676608919910209,0.11724781127931722,0.11703090018419847,0.11590066273472638,0.11374190624808408,0.11036322524847945,0.10931740363871906,0.10720200040877088,0.10580891827035602,0.10589580610670954,0.10623740243707647,0.10531164529607642
5,0.019997121911150963,1.0,0.9863613647083083,0.9850718088925147,0.9797972551943727,0.9730346819132449,0.969129538959038,0.9658215633805705,0.9622544398913596,0.9584032104027418,0.9531425141572647,0.9499625462996496,0.9507081365285321,0.9491805096287582,0.9454936658896642,0.9398690746933738,0.9343659390439173,0.9299622669919345,0.9274820892645064,0.930724169817033,0.9312603716719747,0.9196626920725247,0.9158723460446538,0.9108029390742085,0.9024637123917338,0.8971075476795793,0.8878753683390874,0.8790958533385497,0.8702299528857175,0.8699544990239299,0.8639483581526212,0.8485520209610937,0.7880404077382197,0.5983009132982241,0.3354483155814424,0.12908829328919516,-0.004533315063629123,-0.0745760748986321,-0.10757905617836715,-0.11958637184579285,-0.12670212740631528,-0.1301242572179584,-0.13233394061586032,-0.1344234247851635,-0.1365289710488664,-0.1363379669628626,-0.1391124717040062,-0.14262294556149793,-0.14608707373275953,-0.14868020716090236,-0.1510022297649928,-0.15322700484386756,-0.15463066030233105,-0.15419041960378926,-0.15296736338170833,-0.15236383518165494,-0.15350464300046654,-0.14397539358974748,-0.13883147057566825,-0.1332631831196559,-0.12742374987767524,-0.1288991529153929,-0.13022789632414325,-0.1346129265824907,-0.13898888614896424,-0.1438142288311098,-0.1491767847085883,-0.15444675298476077,-0.15921704381840385,-0.16317243253878697,-0.16618367206620488,-0.16830189817608512,-0.1694427877213579,-0.16912575488577364,-0.167418589049272,-0.16330390191112568,-0.15511650030765864,-0.14042198623287183,-0.13170530565651206,-0.11367908213721913,-0.09163117064899237,-0.08588774184228413,-0.08377111365456566,-0.08021941969163307,-0.07718062442538837,-0.07616981862565413,-0.07825375003469226,-0.08374439979081034,-0.09015001385585901,-0.095225687468115,-0.0990304244367738,-0.10135910868381436,-0.09497240153579449,-0.09772525222325727,-0.09870114882975892,-0.0989045264340398,-0.09770853914851935,-0.09245402654523034,-0.08324220205795736,-0.06869085740109611,-0.04935327183951477,-0.022277289956846077,0.005389634935188444,0.06642275023361444,0.37956806087454203,0.40096857317903667,0.41330203429227924,0.41894596307930143,0.4127723070789633,0.408892624632953,0.4007100110658471,0.3807804055203899,0.35560296507439587,0.3333962809264957,0.3113472845393458,0.2909033351122427,0.2719972175152805,0.2549646260375747,0.23915594997150402,0.22512787645386048,0.21305298744946924,0.20054411969043362,0.18920255648380405,0.17919074946374244,0.16914577486635185,0.16071511446028913,0.15426143170796355,0.14967318479066152,0.14834243744120368,0.14950649472247476,0.15075188432765188,0.15365876419373578,0.159568679268747,0.16704079577052386,0.17621071801800123,0.1855370456805076,0.19242251038031064,0.19650651090196003,0.20437973506375504,0.21411806290780167,0.22168354725577089,0.22856320041612707,0.23592718600147097,0.2487650689040075,0.26477821273661634,0.5476958166831427,0.5358872792601269,0.5199526041280397,0.5061649311438864,0.49242966167768537,0.48201900855595403,0.47693871273176114,0.4631807375078436,0.4657631522892699,0.46289416346745477,0.4654170721226512,0.46919528869009275,0.4721401669615578,0.4704597390037526,0.4673865988628884,0.46269631124381316,0.45712303115728053,0.450683219994809,0.44387624271537485,0.4370817248783848,0.42968114685073616,0.422133299458452,0.4144703098183642,0.4054457632921912,0.39653979764753977,0.38590475182480033,0.37607181841776355,0.36745357904449977,0.3622459832997225,0.3611580401681727,0.36704340331244256,0.37744345203826246,0.39078131048280174,0.4042480727381243,0.41129788902226466,0.4144782469519161,0.4197748302719251,0.42684504470096346,0.42628388212334895,0.4236414177696293,0.4274146602273111,0.4381149245192012,0.4487656962461634,0.4613119768768985,0.4733086348970696,0.48050281897255714,0.484805004410539,0.4925395623204226,0.5007520854267713,0.5092148640260321,0.5173472881473802,0.5295511390370585,0.539382321288888
6,0.00015733902769072983,0.9863613647083082,0.9999999999999998,0.9942454784071254,0.9924666804337949,0.9886592343616356,0.9859229113465902,0.9835904457426676,0.9807293386208505,0.9774255530737455,0.9729671621203155,0.9702046163921022,0.9709482263198762,0.9696763335286861,0.9656603698948535,0.9599721239883652,0.9548977303806172,0.9512594643871984,0.9489320680630454,0.9514074315963365,0.9503591026837731,0.9371416289170987,0.9329350284257697,0.9270988127469323,0.9182370788503006,0.9128144854729029,0.9027415664595314,0.8930973521791294,0.8833349405409817,0.8857212324777227,0.8795368010485257,0.8634005250194832,0.7990870871447139,0.6004845544853094,0.3283584264454341,0.1159349291314868,-0.021182138712447923,-0.09314164400302588,-0.12718441073415004,-0.13962600166830985,-0.14703513927540246,-0.15056418498397459,-0.15285519591951868,-0.155030423287283,-0.15717843502422016,-0.15703500440878404,-0.1598187922875431,-0.1633517347546647,-0.16685818502245084,-0.1694916414613631,-0.17185855448790416,-0.17409292258299858,-0.17551282208408112,-0.17505362505779212,-0.17375716956966406,-0.17308663205087796,-0.17418408177167258,-0.1644969994873038,-0.15908463207139914,-0.15317887525711263,-0.146936137488637,-0.14824280718522115,-0.1494888313674393,-0.1538769601872632,-0.15834379749754507,-0.163284826146739,-0.168785341518411,-0.1741738816522229,-0.1790625109683461,-0.1830917529453347,-0.1861387122843205,-0.1882735675793785,-0.18935266204932164,-0.18896224651167393,-0.18713383923926014,-0.18284878932677287,-0.17439826136691622,-0.1592661054791853,-0.14999421778925667,-0.1311433254988185,-0.10806730740953707,-0.10181136352199781,-0.09940240604659507,-0.09560293515625949,-0.09231466861704603,-0.0911664686207181,-0.09317394590436995,-0.0987284493739225,-0.10525608616025779,-0.11042945966660227,-0.11424409313714852,-0.11660185205553926,-0.10994242426452394,-0.11231477640680808,-0.11324223565016966,-0.11349726935070495,-0.11226468777464849,-0.1068330990043493,-0.09727536768144847,-0.082185092834081,-0.062157052623142084,-0.03414752975815728,-0.005624823788647389,0.05695704347855161,0.3697182483849507,0.3930928157502235,0.4066018912631677,0.4138756042818484,0.4103226185902341,0.406810740356854,0.39798340508332486,0.3789238195062948,0.3544689918229774,0.3322017653637683,0.30996165630770856,0.2891730805162618,0.2698684512366787,0.25248157585612,0.2363232057463169,0.22194650109741795,0.20954113112703515,0.19677979210779853,0.18520151678748634,0.17492588389503633,0.16465389500334618,0.15608003584303679,0.1494865643585046,0.14478341095760003,0.14342872637800022,0.14463475171518325,0.14583190834932125,0.14881374361320773,0.1548287783356886,0.16249353865947158,0.17186103418430324,0.1813808784352406,0.18837525792575044,0.19252968801572343,0.2005501720933499,0.21040717259414102,0.2179294963731126,0.22464098191052523,0.23164836343141545,0.2431153645657691,0.2573901046575615,0.5505439609927844,0.538526063756091,0.5222854181088402,0.5090021884862556,0.49565369739238097,0.4852543028003007,0.47952088820898525,0.46579901749440145,0.4684780552934717,0.4661310443626938,0.46891299457562063,0.47264350896707275,0.4754965591545773,0.47387779221780696,0.4710141301590065,0.466207153797096,0.46060610274111896,0.4540219654095705,0.44701653589139817,0.4401049271743878,0.4325275279339791,0.42467721783608475,0.4168387651014113,0.40751362281617554,0.3982099639811563,0.38731067473616276,0.37710156484657614,0.36834929369673447,0.36310916819380507,0.36204469010226425,0.3681290137696603,0.3787635647483106,0.3922821512103741,0.4061098459468936,0.4133971704462066,0.4168172930388347,0.42216003043395706,0.42934251816976365,0.42880715411491843,0.42600058987222267,0.4297992725592237,0.44047678977445953,0.45131708889270006,0.46360328551237406,0.47596089941657915,0.48317309448480084,0.4876472028325362,0.4954654207428759,0.5035160515992418,0.5122872633460401,0.5207292825170845,0.5326909676866668,0.5428394668273551
7,-0.012588675653376959,0.9850718088925147,0.9942454784071253,1.0,0.9955191194930046,0.9929460310134411,0.9909071087687562,0.989093689457531,0.9867200551533377,0.9840587350523073,0.9802159976822558,0.9778327335504159,0.9783553322976104,0.9765631782325227,0.9721421342932247,0.966552197602234,0.9619579792393622,0.959384325174214,0.9577438263272734,0.9596918668690129,0.9567803035596613,0.9417439953336296,0.9373362569760059,0.9310973027603171,0.9218304516083797,0.9163507780445536,0.9056481141530356,0.895375898266974,0.8851125727597188,0.8883338333183802,0.8819670157330483,0.8651573773328091,0.7979306171031458,0.5929281303440622,0.3150967400571293,0.09950105453128434,-0.039033450787954685,-0.11150398380125456,-0.14570389346979498,-0.1581832721777505,-0.16554792956821776,-0.16905436243322539,-0.171327212998245,-0.17347111534733428,-0.17560264913464244,-0.17546133821417698,-0.17822458262945684,-0.18175799968807396,-0.18524301654658368,-0.1878745821642414,-0.19023109633177387,-0.19246256296885436,-0.19387159051419184,-0.19340553488261777,-0.19209558058837092,-0.19142082306449468,-0.19248352619728173,-0.18279684554245224,-0.17733804123841615,-0.17136151082892662,-0.1650460259053701,-0.16628669613795732,-0.16748533610227245,-0.171860835629675,-0.17632043522699326,-0.18125799267366366,-0.18675645191307813,-0.19214361236831431,-0.19702860367614408,-0.2010558133190908,-0.2040850325367698,-0.20620484805229564,-0.2072616738493346,-0.20684600859316485,-0.20497980411438882,-0.20065650392874454,-0.19217565433686798,-0.1769405419807959,-0.16752593840449626,-0.1484841550098233,-0.125172948318341,-0.11877483454809763,-0.11628132960428303,-0.1124120166807215,-0.10903475400002718,-0.10782914725291877,-0.10981380506119262,-0.11538569799129753,-0.12193148976205971,-0.12711183347528926,-0.1309377458835387,-0.1332870736703364,-0.1265571426569572,-0.12884320508103278,-0.12977732951289944,-0.13004270708511081,-0.1288044736059293,-0.12332463619242927,-0.11365963623784021,-0.09843753997880275,-0.07817439853534952,-0.04986273477984113,-0.02097699472551965,0.04165772547918681,0.35724006867456826,0.3815860222464136,0.39563875196535064,0.4036214368781671,0.400708102576295,0.3973030348768348,0.38820276174930723,0.3691384781554916,0.34456877056208807,0.32205788751042647,0.2995220696641149,0.27845176162208063,0.25886366161713503,0.241216455344751,0.22480058626653765,0.21021424002897857,0.19759823209734284,0.18466104421766966,0.17292671403333204,0.16252339558418438,0.1521347254614496,0.1434651783034335,0.1368076756876165,0.1320526820597646,0.13070925913131878,0.13196669835282743,0.13319135994458686,0.13621207693533674,0.14230224736188585,0.15006385391485025,0.15957866062051684,0.1692281482607953,0.17632319626137122,0.18049297619160276,0.1886354161141798,0.19861609045645878,0.2061839244885829,0.21290731136042926,0.21989513384114276,0.23106861001400372,0.2446446432037256,0.5438343205318348,0.532134565477313,0.515428018520642,0.5022017276030277,0.4888923333574074,0.4783782953858067,0.4724903668643465,0.45841897777281443,0.46110926662169427,0.45879800608107435,0.4615704440783752,0.46520537578765453,0.46794875303625805,0.466238053452337,0.46325940795452475,0.4583651463901746,0.4526420716423644,0.4459440059941126,0.43881627458842154,0.43182411662524844,0.4241137075359124,0.4160930500881753,0.40807251116044185,0.3985767782981048,0.3890742285128424,0.37798809833528174,0.3674922497256135,0.35863072899788473,0.3534049413285958,0.3523691150758344,0.35853580045504685,0.36934220157926345,0.3831358680800051,0.39723324189934456,0.40474952030913547,0.40826264439376747,0.4137653492655173,0.42122628056147887,0.420703668988309,0.4177001096341292,0.42157173698792283,0.43243239249759413,0.4432391890660889,0.455626271819552,0.46810605771889013,0.47548549918589544,0.4800149865448105,0.48788538943674636,0.4960536840124726,0.5050113502878925,0.5133931477438082,0.5255349927993557,0.5358257739156832
8,-0.029258885451520715,0.9797972551943727,0.992466680433795,0.9955191194930045,0.9999999999999998,0.9970996095924066,0.9960486435450071,0.9949249240265211,0.9932479025738187,0.991105418271977,0.9881181008439293,0.9862472589769903,0.9866900354094774,0.9847985737467746,0.9801620297013618,0.9747821359491635,0.9708213409074561,0.9691620443240253,0.9679113378545733,0.9690190439516717,0.9640778216178385,0.9470845531179647,0.9422395682339842,0.9353808062443935,0.9255887886476417,0.9199710755836111,0.9085046948922688,0.8974970969958118,0.8865400888272968,0.8915249623497143,0.8849148336097195,0.8673979648109197,0.7968900640719451,0.5851626010908333,0.3014287618647562,0.08257615218354653,-0.057365127360439416,-0.13036006386740787,-0.16475895481208086,-0.17729714409067582,-0.18468251583778622,-0.18819760352835538,-0.19047260408926397,-0.19265623373001092,-0.19480406680913753,-0.1947123723216642,-0.19746951761806478,-0.20100485353235067,-0.20449448786027508,-0.207145515601851,-0.2095196411861469,-0.21175090532423063,-0.2131680372814154,-0.2127376483782762,-0.21143876299632236,-0.21076503028130475,-0.21182140375386785,-0.20216937979155747,-0.19664810251472437,-0.19059547708970273,-0.1841782057697063,-0.18534564400703546,-0.18651858770725185,-0.19086344297641364,-0.19531970893985767,-0.20027586034056255,-0.20578121662878987,-0.21117401580548842,-0.2160748389250894,-0.22009188306335242,-0.22311046884959027,-0.2252139861225048,-0.22623880431604726,-0.22579153978296906,-0.22390113599512476,-0.2195396297041053,-0.21102740304485632,-0.1957068907719976,-0.1861637987678985,-0.16689232976314383,-0.14332219390066583,-0.13676158496049756,-0.13416734817302664,-0.13022155244607816,-0.1267596888918316,-0.12549491356281056,-0.12744804208440505,-0.13300546193027643,-0.13956118967499784,-0.14473886600209873,-0.14854563090137962,-0.1509238452073884,-0.14404261563908435,-0.1460952416794609,-0.14699909900175434,-0.14733127661995163,-0.146116478175117,-0.14061646679845352,-0.13086427951604904,-0.11549782284181666,-0.0950324890436585,-0.06642676548554112,-0.0372377658231099,0.02568308705729731,0.34096241025500823,0.3667021214016482,0.3816340428754924,0.390562829372781,0.3890436682537567,0.38584775138538746,0.37636071361946355,0.35767541405257414,0.3333857571582008,0.3107296532005506,0.28800864955043637,0.26667313737479115,0.2468053660207565,0.22888958567922632,0.21221892479006926,0.19740276298009665,0.1845606343126291,0.17144928053730213,0.15956207053766222,0.148997580968664,0.13847948805943674,0.12969205770620698,0.12295811534478755,0.11813047262174806,0.11677354319853397,0.11803086927736665,0.11926400543831418,0.12231430855442367,0.128481553943977,0.13630839658435612,0.14593239849186496,0.15568253193862872,0.1628395035415767,0.16703178801666035,0.17527576212428003,0.18534337413348406,0.19290136368080038,0.19955348161383046,0.20631779277985016,0.21674276662943764,0.22913761073781316,0.5357822725437467,0.5242097635014861,0.5072690800558817,0.4943320284442737,0.48110385123328425,0.47053215361934264,0.4642157968932714,0.45012795397467104,0.4526365167814633,0.4505730859417358,0.45337397349478475,0.45691101366065767,0.45950766847688834,0.4577688996214517,0.4548403514637459,0.4498214742194355,0.4440283148446124,0.4371635631394441,0.4298529843270706,0.4227355420561312,0.4148536759328373,0.4066453298003653,0.39836226968504684,0.3886415522243851,0.37886821219110256,0.3674800041201593,0.35673261641493853,0.34769624612437855,0.34245217482233214,0.34140174959697384,0.3477638413813189,0.35882830920195835,0.37286423333019275,0.38729891000316014,0.39504548391558664,0.3987554178835919,0.4044206760243959,0.4120190015038161,0.41137995702352914,0.40830313198642265,0.4122973941199015,0.4231592608393507,0.4340444032709135,0.4465417532010684,0.45902947027396446,0.4664927601484438,0.47116925167570217,0.4790857097719377,0.48717439540032176,0.49639179550755186,0.504956074416,0.5170738557581427,0.5276118611418619
9,-0.04101398560907853,0.973034681913245,0.9886592343616357,0.9929460310134411,0.9970996095924065,1.0,0.9984079804352565,0.9979517151466819,0.996898708452459,0.9953385539639564,0.9930648789213532,0.9916649259510505,0.9920371061011274,0.9900329900346896,0.9851928606422943,0.9800581679843714,0.9766725917251836,0.9759043534466513,0.9749980711322367,0.9753734692961596,0.9685881826858694,0.949910920073508,0.9446877244795919,0.937279850091536,0.927049089625306,0.921368811487609,0.9092148405548747,0.8975733733844259,0.8859933339922362,0.8925890670814043,0.8858592266764151,0.8677583813746735,0.7944583858005182,0.5770608265364076,0.28850195655592475,0.06711077931929905,-0.07380982057416235,-0.14711436176119916,-0.18160189530466245,-0.1941661920870608,-0.20155245861692891,-0.20505691759619776,-0.20735731890437692,-0.20953723357365137,-0.2116945712161229,-0.21164540555052255,-0.21439600967457995,-0.21792305888372315,-0.22140830308337642,-0.22406620237590222,-0.2264525106252355,-0.22868650501367163,-0.23011391172081067,-0.2297035970705216,-0.22841073075124607,-0.22774897278802278,-0.2287898596609458,-0.2191879503204033,-0.21364873645600568,-0.20753863998681932,-0.2010561175366723,-0.20214959558676432,-0.2032889128455775,-0.20760456712617462,-0.21205891898067414,-0.2170099384360651,-0.22250758892995656,-0.22789348592512426,-0.23278008838021375,-0.23679406650027965,-0.23979156896077716,-0.24187455658282228,-0.24287766306329547,-0.24240162458286704,-0.24048993943204422,-0.23611346106839098,-0.22758243545083615,-0.21223503566174928,-0.20256817112769812,-0.183164207952053,-0.159412523604646,-0.15273287393921636,-0.15005103953135504,-0.14603833122128732,-0.142511465450842,-0.14120247358012497,-0.1431189773523415,-0.14867987369285962,-0.1552243554262703,-0.16039579500116138,-0.16419558907366993,-0.16657742176361634,-0.15960259046723507,-0.16143663673207956,-0.16232020041266865,-0.16268396529938567,-0.16148817409238206,-0.15599156814933618,-0.1461848329971731,-0.13072853252680225,-0.11012767837410782,-0.08132016611432281,-0.051938232555367496,0.010876242897309428,0.32572042269752133,0.3525353236954511,0.3681404223636487,0.3779404468254684,0.3777248629900474,0.37476935518304477,0.3649088440612608,0.34663603133035875,0.322670341655217,0.29994878183152435,0.27708624835892987,0.25556300842217305,0.23547613013354862,0.21734999297162091,0.20049621820592442,0.18548861181201984,0.17246660356235116,0.1592146225380845,0.1472076864956286,0.13650900264389457,0.1258810633288461,0.11702782602477406,0.11022765691858166,0.10533945773345485,0.10396247680936455,0.10524895090520445,0.10649171814815003,0.1095819546784906,0.11579873102972642,0.12370200889585678,0.13341135514128427,0.14323280105253558,0.15041742212956902,0.15461547466625222,0.16293723184614936,0.17305494102867633,0.1805654094009738,0.18711227462542834,0.19365505727236373,0.20331876406415106,0.21467706383037483,0.5276712351014017,0.5164028467801951,0.49921063200941945,0.48647981537231255,0.4733781059324578,0.4627788763693811,0.4560672160568337,0.44178604749954636,0.4442869743551108,0.44247405142824925,0.4453288694357065,0.44873653844291794,0.4512365617716426,0.44947365202130873,0.44655721942814897,0.4414558169611311,0.4355962436616438,0.42860668975590527,0.42117252972480024,0.41394378025588663,0.40594097556431386,0.39756545968517226,0.3890646123600872,0.3791661441608067,0.3691868801947291,0.35759010334435265,0.3465613457140044,0.3374160109844951,0.33215625568289125,0.33111978660471536,0.33758988451977856,0.3488601110777819,0.36311843320576487,0.37785246939032274,0.3857357677743777,0.3895860956070449,0.3953876591781945,0.40312406697806896,0.40238439210559757,0.3992570817191386,0.4033034481753435,0.4141569805868548,0.4251716372826368,0.43765084460315523,0.45022349804536554,0.4576716588750056,0.4625016099622498,0.4704012093535946,0.47851944241361294,0.48787267117427846,0.496500189170853,0.5085138758080104,0.519336175075583
10,-0.05212203022372757,0.969129538959038,0.9859229113465902,0.9909071087687563,0.9960486435450071,0.9984079804352562,0.9999999999999999,0.9988258289677886,0.9982757433521356,0.9970729763538031,0.9952978890091545,0.9941073451961666,0.9943106159039676,0.9919668770480481,0.9868665014055511,0.9817709978042858,0.9787497061820872,0.9786802683106908,0.9782068406145724,0.9781376849089232,0.9699689005138604,0.9499944059106952,0.9446350508749446,0.9369483757157199,0.9264344314480142,0.9207473082043048,0.9081756802394803,0.8961579763343644,0.8842172192559613,0.8915259244959272,0.8847047011558017,0.8661892004134062,0.7909371330641338,0.5695510699336069,0.27781694484922775,0.05494504318431375,-0.08649864962846568,-0.15994343947987455,-0.19446794011413782,-0.20703829906773633,-0.214402782686944,-0.217892684787375,-0.22017898310296471,-0.22234615825441684,-0.22448647567466767,-0.22443410346000403,-0.2271580020910756,-0.23065573464464184,-0.23412328722853346,-0.23676441755774594,-0.23913597729018254,-0.2413485030952134,-0.24275826371089365,-0.24234145035689886,-0.24103904896021816,-0.2403607538346082,-0.2413758905050577,-0.2317786865787704,-0.22619022243344625,-0.22002691956347545,-0.2134898612018422,-0.2145477431832759,-0.21566043669597623,-0.2199535276952239,-0.22439988643812722,-0.22934729598462314,-0.23483816908263158,-0.24021379839230012,-0.24509510910400958,-0.24909696030226017,-0.2520849967412725,-0.25415717338899213,-0.25513308433324394,-0.25463734072999195,-0.25270126405070736,-0.24829428020239452,-0.23973439448286893,-0.22432087737868395,-0.21459013162719545,-0.1950668277199471,-0.17117097008284196,-0.16440574156700707,-0.16166839785510415,-0.15761877672868793,-0.154042839993121,-0.1527021882864328,-0.15459934476654305,-0.16015977522848307,-0.1667001662635835,-0.17186534603464187,-0.1756508875836348,-0.17804444703513128,-0.1710057331885011,-0.1727191072271253,-0.1735867753441088,-0.17397059713910684,-0.17278147202441518,-0.16725577878986445,-0.157386370063824,-0.14183680507326185,-0.12109585912899755,-0.09208992282626177,-0.06249163887822615,0.00043580107406465207,0.31624737299105565,0.3436062561326637,0.35944747307499925,0.3696352080925404,0.3699072779475872,0.3670257882322598,0.3569844962910917,0.3387985364847437,0.3148591616300713,0.2920236374876293,0.2690369384415427,0.24736004433484404,0.2271252260181007,0.2088659061042474,0.19186777167513372,0.176752275682551,0.16361869081575367,0.15027569124629436,0.13819817201639656,0.12744182827909728,0.11675739330390321,0.10785738344184967,0.10103194155774671,0.09612312550381955,0.09474778006024995,0.0960372572067281,0.09727307285013469,0.10037178828734246,0.10662113735188514,0.1145676170520843,0.12431545669361782,0.1341855388041349,0.14141908211640714,0.1456551447556271,0.15403998478272105,0.16423351193653574,0.1717777764982139,0.17831952056872316,0.18482779992794848,0.19427649255104906,0.20521108166845148,0.5217854541450503,0.5105027054782547,0.4930328559808785,0.4804626882688309,0.4673682107814337,0.4567316775390823,0.4498953754912167,0.43539218762448473,0.43785585347308664,0.4360275132662645,0.4388092398160698,0.4420642353610782,0.4443976932647817,0.44253779926067166,0.4395698276866953,0.4344058302214646,0.4284751639466345,0.42141221406303375,0.4139027953923259,0.40662344386941657,0.3985737142163641,0.39012213584795197,0.38155517829246627,0.3715594104881636,0.36149244463700636,0.34983173994097083,0.3387003459596218,0.32949449370033496,0.32424168690596206,0.32322552390750087,0.3297396366363931,0.34110506776994526,0.35539639307061655,0.3702603488615267,0.3781993274773013,0.3821608172207542,0.3880724707012744,0.39588508515199056,0.3951983902391941,0.3920682658012401,0.39614390355016477,0.4070575872863105,0.41808961250698307,0.4305936974946543,0.44319349383458834,0.4507873297424921,0.45565221717871274,0.46357196857530286,0.47163093316669213,0.4811082422383503,0.4897333084461249,0.5016833064838818,0.5125918452041932
11,-0.061345227338056155,0.9658215633805705,0.9835904457426679,0.9890936894575308,0.9949249240265212,0.9979517151466818,0.9988258289677886,1.0,0.9990147124763209,0.9982559941787933,0.9968930798296264,0.9958821032906734,0.9957614112208423,0.9927779489397565,0.9871977191097611,0.9820292343489431,0.979279716514658,0.9799809750784109,0.980113490372308,0.9796117164686476,0.9699858779249098,0.9486428956910797,0.9431932323080431,0.9352876508617272,0.92450676025111,0.9188330387030472,0.9058827431717879,0.8935145004326955,0.8812543939649046,0.8890712283383847,0.8821819637149682,0.863195146865628,0.7858839646615724,0.5602834497179069,0.2652900702815111,0.040979226643259946,-0.10092208826409732,-0.1744727868943303,-0.20899105036413818,-0.22154169039423913,-0.22886114015718145,-0.23231928384667414,-0.23456348145976305,-0.2367050528403855,-0.2388159042971436,-0.23873936738153267,-0.24141716459160895,-0.24487928713666515,-0.2483120069654865,-0.2509187263264103,-0.2532581079632273,-0.2554367315138741,-0.25681897326041137,-0.25637766187745514,-0.25504884330851396,-0.2543389574218255,-0.25532287845774326,-0.24571121988034555,-0.24007555308122158,-0.23386305832325446,-0.22728252107430116,-0.22829436652041413,-0.2293746675386049,-0.23363560902305863,-0.2380678524563586,-0.24299571874002873,-0.2484730276687455,-0.2538330569573677,-0.25870127956679967,-0.26268612110317735,-0.26565366770889143,-0.267700415135931,-0.2686562183656518,-0.2681341446318304,-0.2661658359198106,-0.26172897389783134,-0.2531354059677123,-0.2376742441470057,-0.22784972175581475,-0.2082292452184552,-0.18420234622520834,-0.17735374796197467,-0.1745630165594287,-0.17046046741975804,-0.16683423198416303,-0.1654550413396704,-0.1673266218130753,-0.17287555296677815,-0.17941286237659174,-0.18457077906712896,-0.1883446860192606,-0.19073203970237457,-0.18365421284654576,-0.1853329908389428,-0.1861776816498105,-0.18655714521248867,-0.18533760927096402,-0.17977177493690327,-0.16982949740296702,-0.15418538306131058,-0.13329899557654615,-0.10411782036281003,-0.07434263761842126,-0.011356702894175215,0.30642967239295865,0.3339982321255162,0.3500541083160047,0.36052500523773007,0.36118378466361983,0.3583464260354465,0.3481608789335118,0.3299934482722827,0.3060286353323221,0.28307589755458523,0.25995748940638214,0.2381382358300025,0.21775703796577217,0.1993601119750275,0.1822287193097033,0.16699963580792684,0.15375683841104734,0.14032756742002248,0.12819027009092876,0.11739495010467037,0.10666602259461508,0.09774397908880343,0.09089566810066323,0.08597927132751108,0.08461336495055992,0.08591637779452095,0.08715244540519224,0.0902549858144753,0.09652958869287619,0.10451224633447723,0.1143234186381462,0.12423542036294016,0.13152406435311653,0.13580077482922356,0.14427366206117836,0.15452589212726336,0.1621031127411144,0.16864560247405472,0.17513652441275704,0.18438697231308965,0.19499065439678423,0.5152954199622102,0.5040144867771327,0.4863441025282443,0.47373561178715634,0.4606834704766933,0.4500115062522795,0.4430442199014575,0.42840037712045914,0.43071373451507894,0.4287953058204522,0.43146512235369855,0.43453190012892484,0.4366994064936725,0.4347284815832223,0.4316624139727165,0.4264148357439599,0.42037970765339955,0.4132520455189495,0.4056932737530417,0.398387290357505,0.3903009521119136,0.3817814227156788,0.3731613372279147,0.3631050004842659,0.35299156382089514,0.34127613739944135,0.33009521385051804,0.3208719123661488,0.3156036480187072,0.31456599519432293,0.3210878146843823,0.332473792589442,0.346794977957393,0.36173601541503037,0.3697557602768326,0.37384728631687497,0.3798422308794099,0.38779245380579,0.38708814026511607,0.38394134445006084,0.3880920267711014,0.3991113098611224,0.4101727147724636,0.4227186132829679,0.43544213336391213,0.4430546975302971,0.4479805408941079,0.4559522347007401,0.4640639805028069,0.473608908152822,0.48227066753299874,0.494146399568458,0.5051113788502232
12,-0.07372565080914975,0.9622544398913597,0.9807293386208505,0.9867200551533377,0.9932479025738187,0.9968987084524589,0.9982757433521356,0.9990147124763208,1.0,0.9990484635073126,0.9981930013931344,0.9973777759934246,0.9968670834627532,0.9931426669169947,0.9870462843918967,0.9817830068307597,0.9793416902117277,0.9809701386126944,0.981766180835189,0.9807288562506639,0.9693065804634778,0.9462576092301366,0.9407126822459011,0.9325310164253133,0.9214130393187508,0.9157087917274791,0.9022889470632651,0.8894930059861782,0.8768563463307565,0.8851520283777847,0.8781472782106269,0.8585961235464993,0.7789050242812622,0.5485447876759161,0.25004964915021305,0.02436591219634865,-0.11786459307206146,-0.19140084462162626,-0.22585746604149304,-0.23837335980200614,-0.2456316515199759,-0.2490562409180705,-0.2512700233568907,-0.25338864072847345,-0.25546007766100876,-0.2553622328879069,-0.25800982999788363,-0.2614300442871576,-0.264826254503248,-0.2674046909938601,-0.2697137215735167,-0.27186256077055576,-0.27322336800491304,-0.2727624533252473,-0.27140996825595737,-0.2706834673661497,-0.27164135979537046,-0.26203211003574395,-0.25636263167751644,-0.2501206570500998,-0.24351166481492464,-0.24448696068214237,-0.24553751603163176,-0.2497728528338076,-0.2541754516213733,-0.25908683947090216,-0.26453993347124105,-0.26987810443555177,-0.27472629862449216,-0.2786902662863602,-0.28163899412922594,-0.28366805072832096,-0.28459790179940225,-0.2840573354402797,-0.2820671003165849,-0.27760760466130313,-0.2690021689098775,-0.25350257867378617,-0.2436294267376055,-0.22393613285407504,-0.19981546202510223,-0.1929180423525811,-0.19007420936162425,-0.1859268632677216,-0.18225776704845068,-0.1808478667171296,-0.18269721402187966,-0.18823663517728267,-0.19476591702915047,-0.1999081520750586,-0.20366636372198313,-0.2060513306214844,-0.19894696155800526,-0.20058477031115654,-0.20140852942047494,-0.201792935323419,-0.20055353139785828,-0.19495670464911213,-0.18494527543393885,-0.16922809327838645,-0.14822641618520524,-0.11886552091996236,-0.08889764779675206,-0.02552177824050512,0.29455593156088594,0.32226041118648985,0.3384428558171213,0.34910471956384725,0.34994068251716753,0.3471371844961876,0.33682125223338255,0.318544236705279,0.2944708056646041,0.2713431246891795,0.24805101600638754,0.22607247495508484,0.20552782419830395,0.18697784113409166,0.16970593154134592,0.15435728223219283,0.14101816692172015,0.12749393148778623,0.11529367140088606,0.10445562085266782,0.09368756073005513,0.08473615693081289,0.07787394204072863,0.07294954532421388,0.07158067135649453,0.07291051211152852,0.07414432281946517,0.07725831603945249,0.08355745188924797,0.09158588072901183,0.10146008448543267,0.11141851563381328,0.11876769614806251,0.12309170991548474,0.13163795149426863,0.1419771425769106,0.14959727557473224,0.15618030899535046,0.1626931497229895,0.17191041020440245,0.18246743112823538,0.5062190752163287,0.4948237883001893,0.4769683735927405,0.4643286054112273,0.4512579194553097,0.4405299113977016,0.4334822153481531,0.4186524728224369,0.420783183511276,0.41874204667849196,0.42127149855146967,0.42417287007866505,0.4261562619726149,0.4240380637011735,0.4208613478911895,0.4154925817430662,0.40937646347970275,0.4021738243381657,0.3945351187554901,0.3871886313786548,0.3790656301095904,0.3704794303161279,0.3618090676765716,0.3516875206097829,0.3415296486851106,0.3297473808778361,0.31850820732859153,0.3092414381372018,0.30397088890593243,0.302942705420316,0.30946432158084725,0.32088421374905757,0.3352393371030431,0.3502282835828502,0.35838872582906667,0.36261352942634417,0.3687444537527983,0.3767549668570374,0.376067273248255,0.3728988390701773,0.377170023597921,0.38824627702223,0.39937187385499184,0.41197233826091023,0.4247550034460842,0.43248813247792667,0.43748358928195086,0.4454881522337484,0.453717326893552,0.46325039936378726,0.47202281265450746,0.4838965226177235,0.49478950528985655
13,-0.08658608186662445,0.9584032104027419,0.9774255530737453,0.9840587350523072,0.991105418271977,0.9953385539639564,0.9970729763538032,0.9982559941787932,0.9990484635073127,0.9999999999999999,0.999136596630429,0.9985737198865294,0.997617466531251,0.9929875518903175,0.9863281818004302,0.9809959024827098,0.9789520845412182,0.9816902753153341,0.9833463820958388,0.9815977650846611,0.9678095604851326,0.9425324058933555,0.9368058574691371,0.9282651444491399,0.9166538670095219,0.9108553604593808,0.8968191152346784,0.8834683444845566,0.8703668818493407,0.8790316315640735,0.8718489808400075,0.8515427447714095,0.7688613109454479,0.5327305026801082,0.2302758393462181,0.0032373593977062967,-0.13917410488819232,-0.21256651667951712,-0.24689412807147357,-0.25935457713096194,-0.26656657937991673,-0.26996775259427036,-0.2721611433458629,-0.2742546823275931,-0.2763142496956034,-0.2762219004127087,-0.27885463019775936,-0.2822565937816989,-0.2856271350858339,-0.28819047708932355,-0.29048374222683787,-0.29261426287700465,-0.2939609473574241,-0.2934994328147849,-0.2921434815690626,-0.29141167585411504,-0.2923506760797548,-0.2827755318877289,-0.2771149958311842,-0.2708743384141056,-0.2642653350846544,-0.2652076854810122,-0.266235407881065,-0.27044243368020154,-0.2748158833574041,-0.27969741534053577,-0.2851280989602252,-0.2904324542802243,-0.29525329985205917,-0.2991927016244407,-0.3021159562751618,-0.3041242526254211,-0.3050357314447727,-0.3044797399896734,-0.30248089326933986,-0.29801364590688983,-0.2894204777131438,-0.2739210363785011,-0.2640258699221547,-0.24431011151030574,-0.22014528695753008,-0.2132049718012684,-0.21031648737704944,-0.20613426516095845,-0.20242848674851957,-0.20099314237639226,-0.20281071948746043,-0.20833689351450713,-0.2148561813944824,-0.21998018399271407,-0.22371892159988316,-0.22611881106271653,-0.21897986789255133,-0.2206179899458723,-0.2214121443843367,-0.22180161273037546,-0.22056412799165262,-0.21495327813209533,-0.20490136171800727,-0.18912320070483138,-0.1680288029159789,-0.13850510183370196,-0.10832985203245259,-0.04453166429360858,0.27857627159347115,0.3063885616210141,0.3227742034430158,0.33355493021037924,0.3344231032336608,0.33159569773285374,0.32116159111646514,0.30266793514605955,0.2782977324596019,0.2549419275498643,0.231415472074001,0.2092275568048594,0.18849879738999917,0.16977621178797936,0.15234162633257053,0.13686340492850488,0.1234288042052608,0.10979500524296841,0.09750658921971629,0.08663154392384054,0.07581623079798089,0.06682486347312167,0.0599360186161164,0.055006522250767985,0.053653751214561805,0.05499401445436899,0.05624178415005452,0.05936481141477191,0.06571500743772174,0.07380352031542917,0.0837536133044543,0.09379465067160904,0.10121183068205289,0.10558853161259465,0.11421402271497944,0.12465853594068318,0.13235110607001632,0.1390008826556531,0.1455881519028548,0.1549049910909225,0.1654586717799572,0.493144828642939,0.48157003695907064,0.46334709254046885,0.4505513589167204,0.4373739591989799,0.42656324731789147,0.41942735991689983,0.40448855144313256,0.40641048192442364,0.40417568210607735,0.4065692185618823,0.40932623900002807,0.4111492287372213,0.40889727234873213,0.4055824071221212,0.40008869280757586,0.3938735064916523,0.3865635993309007,0.37886107696538607,0.37143679929630896,0.36327930809626335,0.3546110490130903,0.34584276619692944,0.33562256302511273,0.3253738552724032,0.3134974050674496,0.3021444510165596,0.2928109719455064,0.2875590235798597,0.28653051873354907,0.2930997599944547,0.3045933966964626,0.3190668095454583,0.3342222804256825,0.34253458742992215,0.34688240626375616,0.35319442164226483,0.36134522051071305,0.3606769881457669,0.35741772712097425,0.36177572278382547,0.3730167224045334,0.38416944912133033,0.39683751982928417,0.4096855766221944,0.4175434524460758,0.4226090819944425,0.43072924121652567,0.438996609704373,0.44862052231863403,0.4574312288588758,0.46939370816952974,0.4803008501857587
14,-0.09992119961169986,0.9531425141572648,0.9729671621203155,0.9802159976822559,0.9881181008439291,0.9930648789213533,0.9952978890091545,0.9968930798296264,0.9981930013931343,0.999136596630429,1.0,0.9993580141143267,0.9982010169438456,0.9930784871498711,0.9861644392308722,0.9809843659833384,0.9794419922648013,0.9831476093123107,0.9854799311595522,0.9830486471926557,0.9672118741573557,0.9399682682332378,0.934037286961515,0.9251333854896542,0.913092964263053,0.9071857625306804,0.8925652843231755,0.8786806453649295,0.8651271088524489,0.8743491037923705,0.8670078638808303,0.8460667893927264,0.7608522121986412,0.5198579377608695,0.2139440188303285,-0.014368555735530706,-0.1569807903719991,-0.23026230541413534,-0.26447584333387697,-0.2768932536952181,-0.2840492105876831,-0.2874236466373013,-0.28960217546854133,-0.29168404561059885,-0.293737205354494,-0.29365383829569053,-0.2962835222481502,-0.2996755091391311,-0.3030341732206193,-0.30558861849463237,-0.30787675306817325,-0.30999129121466423,-0.3113388487699378,-0.31088708386312824,-0.3095419997392054,-0.3088179782579623,-0.3097462103058635,-0.3002318497235757,-0.29457551791875075,-0.2883426252391016,-0.2817427152066052,-0.28264929023200297,-0.2836490722007141,-0.2878205153179407,-0.2921686485917243,-0.2970221580864892,-0.3024196621058491,-0.3076942068412937,-0.31248221287106964,-0.3163952728495975,-0.31929215113097686,-0.321278548010601,-0.3221719747119655,-0.32160178992915994,-0.3195993045120971,-0.31512951552390644,-0.3065633309740124,-0.2910733158708446,-0.2811634083264854,-0.2614470487610403,-0.2372580836591929,-0.2302741617193319,-0.22734210984956038,-0.22312002188830368,-0.21937962886067672,-0.21791521337763606,-0.21970847254901338,-0.22521679908189776,-0.23171878191616427,-0.23682281447459747,-0.2405418864741802,-0.2429791908101832,-0.23576672598270387,-0.23738970628711298,-0.23816923518402447,-0.2385730997836386,-0.23734804602994153,-0.231741257075088,-0.2216752020311815,-0.20587376000116078,-0.18472509902447007,-0.15510257656089133,-0.12480415224064269,-0.06086750458808947,0.26389984049935095,0.2920310649028783,0.30869067692603247,0.3197240145264778,0.3208018671719888,0.31800852506060584,0.3074400474523756,0.28886593052046555,0.26438457750676175,0.24087556341568722,0.2171750320318593,0.19483136345393642,0.17395276704669255,0.15508973383819766,0.13752778735023338,0.12193704778079159,0.10841099797377167,0.09469099453912502,0.08233892792542674,0.07141953645318368,0.06055607550613585,0.051522542766469025,0.044610607403733106,0.039677574977163996,0.03832390522298255,0.03968782949724008,0.04094117651101061,0.0440851326148275,0.0504783747464117,0.058622431622386964,0.06864412257637112,0.07873538295153944,0.08620515525664744,0.09059158251288928,0.09927682559954654,0.10978148248644348,0.11748555392897041,0.12414875963671941,0.13072667905798543,0.13997206503169296,0.15031911454660682,0.48130751839504954,0.46969981503698494,0.4513436545540762,0.43848190438706336,0.42526188202186044,0.4143948568575233,0.40716430445867263,0.39212311235333763,0.3938692719864092,0.3915791440065827,0.3938913171867524,0.39655053535203993,0.3982415441263464,0.3958886365503204,0.39251213431208903,0.3869409744066164,0.3806388428126623,0.3732517931128068,0.365478021965392,0.3579935189814455,0.3497678130717274,0.3409956147984648,0.3321218229338792,0.32180692577916536,0.3114238053882922,0.29943936361765444,0.287930832795955,0.27850427664651445,0.2732739513501144,0.2722433432731577,0.278918659441405,0.290560029945179,0.3051971177114123,0.3205161459893942,0.32897515532931315,0.33345510962651786,0.33993324049015194,0.34818915453063093,0.34748450377283774,0.3441599589378451,0.3485847927258969,0.3598924778724842,0.3710427762102429,0.3837331309932955,0.3966020603924824,0.4045239314092614,0.4096619673141039,0.4178205190653634,0.42614412848460803,0.43581332698140957,0.4447029168167353,0.45669171648750506,0.46765426032160445
15,-0.10508083239221837,0.9499625462996496,0.970204616392102,0.9778327335504159,0.9862472589769902,0.9916649259510505,0.9941073451961666,0.9958821032906734,0.9973777759934246,0.9985737198865294,0.9993580141143267,1.0,0.9988213379038583,0.9941911125659244,0.9877649583481205,0.9830728854167246,0.9819322603164727,0.9859322234092964,0.9882799415232524,0.9855839334781497,0.9692008426110115,0.9414215986864279,0.935326096013759,0.9262639329981078,0.9140920405774388,0.9080648366804651,0.893179595527129,0.8790589126857431,0.8653729442290373,0.8749102289872528,0.86747170563571,0.8464133425993333,0.7607943432235481,0.5190190295322233,0.2124259885826784,-0.016305823728191334,-0.15907561774298515,-0.23238588193149717,-0.26660115451142397,-0.2790254805044758,-0.2861827492183936,-0.289564638672545,-0.2917531275119531,-0.2938462220214893,-0.295903640822464,-0.29585999047244055,-0.29851587471142527,-0.30194656388473995,-0.3053143828725439,-0.3078897739927866,-0.31019827904686537,-0.3123274861484129,-0.3136897713933635,-0.31326729597928277,-0.31194389016919033,-0.31123351091387236,-0.3121701349261876,-0.30270803988502165,-0.2970507196632757,-0.29083646697776094,-0.2842448325343142,-0.28513811507612163,-0.28612466669655107,-0.2902820271161748,-0.29462416720456414,-0.2994722861498753,-0.304859232874346,-0.3101268167607666,-0.31490709307953774,-0.31881082012266093,-0.3217033216922724,-0.32368216865674676,-0.32457239263305654,-0.3239982259066464,-0.3219967231674709,-0.3175340300227337,-0.3089828092935491,-0.2934836755314824,-0.2835672858576496,-0.2638508278205653,-0.23966235946550132,-0.23266272369474136,-0.2297014455249685,-0.22546786486472914,-0.22170613026048994,-0.22022946609721558,-0.22201196237653842,-0.22751300546439052,-0.23400933519191464,-0.23910618222982832,-0.24282371754574023,-0.24531844072469072,-0.23801293133020066,-0.23964606092050922,-0.24042007456104672,-0.24087044460205675,-0.23968621028926992,-0.2341176047740993,-0.22407570845244515,-0.20829335637306423,-0.1871532364321681,-0.15750448371724737,-0.12717252003733137,-0.0634385850571727,0.26036206497744985,0.288901765855284,0.3058007310760771,0.3170938943922233,0.3183964872810788,0.31564108300046106,0.3050489333174093,0.28654699044224236,0.26210863277410423,0.2386189062283638,0.21489941969418516,0.19254531202521247,0.17165949429485233,0.15278448864243274,0.13520120413567022,0.11960767092842463,0.10607263699303558,0.09233758787753911,0.07996636839124345,0.06904911199804059,0.05816461574877216,0.04911355413560614,0.04219682675464931,0.03725952555551744,0.03590565014081506,0.037276471414886755,0.038540500094157305,0.04170344689982353,0.048114769620085894,0.056282850227099106,0.06632414535510883,0.07643332277381973,0.08389992812560217,0.08824891481390076,0.09691738820605753,0.10740325573168825,0.11508268789514811,0.12170004449411073,0.12822843110550886,0.1372993384370735,0.14726885658909256,0.4784113121643644,0.4669852162447094,0.44863941399769314,0.43585480308456553,0.4226971656711778,0.41184022738700454,0.40458538443969055,0.38963736991494413,0.3913765595082078,0.3891125366001844,0.39148467919953767,0.39415559582140813,0.3958769338029191,0.3935705564958719,0.3902035042736981,0.3846256675463562,0.37834005893908895,0.3709544014554961,0.3631588220195242,0.35567257014746556,0.3474206103013625,0.33860490459688797,0.32966398760752075,0.3192560460739123,0.30882286304171797,0.2967234028286104,0.2851229358083134,0.275593599948277,0.2703950979029639,0.2693853041068126,0.2761566714902812,0.287968726747977,0.3027705217758231,0.3182157531362049,0.32673719408179847,0.33127204144483935,0.3378002432279681,0.3460981778864762,0.34533388615497296,0.34192008578480004,0.34633002267908275,0.35760595052279165,0.36865136115963876,0.3812645965026568,0.39404727059913297,0.4019457426166944,0.40703858101560964,0.4151869125632266,0.42347220634300153,0.43314755282431505,0.4420634327802555,0.4539846594184867,0.4650334195410902
16,-0.09541329429552839,0.9507081365285321,0.9709482263198763,0.9783553322976104,0.9866900354094774,0.9920371061011274,0.9943106159039675,0.9957614112208423,0.9968670834627533,0.997617466531251,0.9982010169438456,0.9988213379038583,1.0,0.9974571870246627,0.9929596602462247,0.9893196376730656,0.9883258773955242,0.9909778277792135,0.9918818948580884,0.9895929482846837,0.9756070253715748,0.9500620378867203,0.9438601584054575,0.934985621141004,0.9232820706279989,0.9170578735029458,0.9025550077185763,0.8887955141187416,0.8755398821096664,0.885012616146522,0.8776510999364919,0.8574993771961152,0.7757517575008734,0.5416607219612636,0.24022050396191963,0.013051017603686436,-0.1296139655350825,-0.20314564902182825,-0.23757704458692838,-0.2501313979335321,-0.25739609379426687,-0.2608374276883855,-0.2630870535717772,-0.2652380012118038,-0.2673602581641227,-0.26740052913652973,-0.2701357730226334,-0.2736539746716327,-0.27709307253257137,-0.2797394958963474,-0.28212276968288313,-0.2843071080029592,-0.28573276491905353,-0.28536600763558356,-0.28408591432075514,-0.2834311623141383,-0.2844028186655423,-0.2749730376409373,-0.26933381909896553,-0.2631435182027431,-0.2565933221116051,-0.2575068754784926,-0.2585137833773781,-0.2626995604173569,-0.2670754816274633,-0.27196065195006736,-0.27738246789753934,-0.2826843105840715,-0.2875016985055386,-0.29144186755157436,-0.29436076103833286,-0.29636829160567163,-0.29728809087293084,-0.29673763960094035,-0.29476627115111065,-0.2903197039987559,-0.28179172070469116,-0.26625963847704215,-0.2563837719335528,-0.23672160345831475,-0.21261105390729285,-0.20567510870313804,-0.20273095297235316,-0.19852471284837642,-0.19479127307110947,-0.19334597786404503,-0.19514591332708028,-0.20065379131880848,-0.20716350969432867,-0.2122717602449008,-0.21601335730116542,-0.21858693470896629,-0.21119206507213503,-0.2128328332461553,-0.21363483742888345,-0.2141635103482828,-0.21307517669295944,-0.20760967778703274,-0.19767573942444552,-0.18202655150137906,-0.16105421093539657,-0.13161480131543968,-0.10153714219814049,-0.03915287332475423,0.2784152197900051,0.30741655252439715,0.32448026177731604,0.3359482179830822,0.3375578797097617,0.3348960862387877,0.32444527808316226,0.3064120434957561,0.28246089895538645,0.25936290759175695,0.23599208352834086,0.21395704772820906,0.1933715842982386,0.1747615103769516,0.15742003771751528,0.1420284414462033,0.12866124589965336,0.11507711420475306,0.10280641004002398,0.09196815910340028,0.08113992105807698,0.07212816896487001,0.0652412122878546,0.0603178841200136,0.05894816432586604,0.06029633472260002,0.061566962511147634,0.06472966968070203,0.07112259770885732,0.07922577183169839,0.08917927815092257,0.09919653757068603,0.10654595169624137,0.11076146422127625,0.11926711528200894,0.12955219861693085,0.13706394763238586,0.1435222025546891,0.1498503423126141,0.1584556357473585,0.16766232019646898,0.4931735276047096,0.48209442049415263,0.4642268489262534,0.45181681170708204,0.4388740966125107,0.4281859622916341,0.4209877822608119,0.4063644683233988,0.40842734516520507,0.40653376633394117,0.40919748813240225,0.41213101197457636,0.41416509332072804,0.4121009398739643,0.40898452773205024,0.4036173407662633,0.3975105251825736,0.3902794770789561,0.3825859990471816,0.3751927980040686,0.3670086604349201,0.3582423554211379,0.3493312145511555,0.33895356042839386,0.328528818247727,0.3164105925623001,0.3047768361291785,0.29518819102238364,0.29004227189432313,0.2890493890134197,0.2959111675627646,0.30789456764999384,0.32275410251039055,0.33817741128406453,0.3465886291808488,0.3509736103520432,0.3573649144623438,0.36550238319092615,0.36453234143319657,0.3611239265513607,0.3652709599943759,0.37629072816418346,0.387151269161483,0.39956433874658315,0.4120759882930294,0.419707568839303,0.42465947301106777,0.4325799535635108,0.4407233306955007,0.4502757546999736,0.4591300603736429,0.4708720035312493,0.4820341027013733
17,-0.07380378950047625,0.9491805096287582,0.9696763335286861,0.9765631782325226,0.9847985737467747,0.9900329900346897,0.9919668770480481,0.9927779489397563,0.9931426669169947,0.9929875518903176,0.9930784871498712,0.9941911125659244,0.9974571870246628,1.0,0.9983260713791722,0.9963513823936625,0.9953722316846083,0.9954074362245209,0.9935049268397115,0.9918348739548895,0.9820438320550274,0.9605205704951182,0.9540716169086793,0.9454543907044421,0.9345477068449307,0.9279968567214382,0.9142035253236398,0.9011451756257561,0.8886314258551097,0.8981310981396117,0.8909338568126669,0.8724210190670887,0.797670831075172,0.5781247371352094,0.28738105867380587,0.0643489944618813,-0.07720355744453908,-0.15064419793638306,-0.18524538603020232,-0.19796171041665736,-0.20540811118768976,-0.20895436734422326,-0.21133987274024257,-0.21360856662076083,-0.21586062304697076,-0.21606299900322093,-0.21893755821171637,-0.22260140771054823,-0.22616715277028548,-0.22894398111282543,-0.23144284796175932,-0.23374237408040274,-0.2352816041199729,-0.2350292413277113,-0.23386026216525485,-0.23330295029458056,-0.23435814456820916,-0.22505901647078422,-0.21949391843572888,-0.21340741034970093,-0.20697961537994478,-0.20794562680468512,-0.20900646487655747,-0.21322913229893822,-0.21766087748710994,-0.2225947784869118,-0.22805649929504443,-0.23340524335556984,-0.2382711474297942,-0.24226003412151942,-0.2452306532631615,-0.24728975709492065,-0.2482741544221575,-0.24778235771487084,-0.24588779414953096,-0.24151907496533873,-0.233103333104232,-0.21764445462409893,-0.20792859871501554,-0.18849377190140906,-0.16470002699270994,-0.15792295902194017,-0.1550543661147211,-0.1509372167524362,-0.1473006423369378,-0.14593021242607382,-0.14776477220070516,-0.15326662875912858,-0.15975884654565842,-0.16487626449737203,-0.1686410357312644,-0.17129805358244962,-0.16384717511700947,-0.16545828684989114,-0.1663119178952622,-0.16697139393346835,-0.16605549359246935,-0.1607928397295465,-0.1511272539445778,-0.1358069638666827,-0.11527809762156932,-0.08641401137521429,-0.0570129802063082,0.0026811776498881705,0.3074394551624922,0.33699071263993174,0.3541342014677306,0.3658998492020049,0.3682131434808708,0.3657605429779838,0.35556213061286646,0.3385272080980991,0.31566828608663156,0.29339462073952866,0.27078254998222684,0.24941895819193216,0.22946728677704567,0.2114156756748641,0.1945844423594435,0.17962846830044002,0.1666040633819239,0.1533600198327882,0.14133686704875037,0.13066847893262032,0.11998739892533888,0.11109518612160565,0.10428538437593193,0.09939425654739106,0.09799741368800723,0.09929007038690044,0.10055012862867814,0.10369828303132085,0.11000323308659321,0.11794823633966059,0.12767627172569448,0.1374726464243529,0.14456417010457798,0.14853452654488655,0.15670746442417516,0.1665859318925315,0.17378147697349272,0.17989093609597567,0.18580550632009668,0.19342573344469005,0.201352973706803,0.5162210721076244,0.5058186516618941,0.4887701902490531,0.47706024590376095,0.46458538039934766,0.45419915724785115,0.44705928590927213,0.43299954173270755,0.43569198984981855,0.43452657366349573,0.4377168429915459,0.44111630423177495,0.4436880030449091,0.4421270266469869,0.43948041911262076,0.4344945012190333,0.42875056566330233,0.42180885327271145,0.4143260839444361,0.40711439095659596,0.399042754420897,0.39043076568007656,0.3816047737704411,0.37135034804740824,0.3609936996230778,0.3489378813291457,0.3373170321700039,0.32771335576449007,0.3226493642399996,0.3216890675763063,0.3286443759825943,0.340769304166565,0.3556257763989746,0.3709252006349731,0.3790544116917345,0.3831710053644662,0.38916749841561243,0.3969664951569359,0.39575415076873083,0.3923526961085004,0.39606482375524854,0.4065676354025147,0.41708574597982856,0.4290921557736295,0.4411532009843683,0.44834934174342367,0.4530205709620154,0.460648617796589,0.46839829122982407,0.4776906714423075,0.4863409734881288,0.4978526505383775,0.5091757711841988
18,-0.05861324657175342,0.9454936658896643,0.9656603698948536,0.9721421342932247,0.9801620297013618,0.9851928606422943,0.986866501405551,0.9871977191097612,0.9870462843918966,0.9863281818004302,0.9861644392308722,0.9877649583481204,0.9929596602462247,0.9983260713791722,1.0,0.9991067607966491,0.9983393671911706,0.9966228205232227,0.9927875929425152,0.9915180807139459,0.9845639887247373,0.9657529946861004,0.9590899353070141,0.9506605240137374,0.9403027153317243,0.9334641526194193,0.920146332615901,0.9075733819878825,0.8956324216473405,0.9049319358185353,0.8978093118630044,0.88044729091748,0.8108739856056718,0.6023464089769248,0.3201163195791952,0.10071717918667739,-0.03956939980039766,-0.11266238389173973,-0.14722506821644907,-0.16001485666612372,-0.16755155239466857,-0.17117195155549164,-0.17364479966488217,-0.17600076853982666,-0.1783529216398113,-0.17868583337762478,-0.18168029296164379,-0.1854661390176957,-0.18912506996529116,-0.1920014494807694,-0.19459946797685154,-0.19698221355971599,-0.1986155162238504,-0.198470277387972,-0.1974008392195181,-0.1969445384111353,-0.1980675687280831,-0.18892820227223303,-0.1834632708127178,-0.17750881952756561,-0.17122660258592692,-0.17223170306939445,-0.17333482878591944,-0.17757506280796995,-0.182029404399327,-0.1869790332657321,-0.19244859235880687,-0.1978062034663313,-0.20268425602930706,-0.20668878908854635,-0.2096826461095209,-0.2117720533926204,-0.2128005393767911,-0.21235644406856152,-0.2105373058208527,-0.20625019537417283,-0.1979607872894744,-0.18263717233359456,-0.1731001914438373,-0.15394515984075652,-0.13051694595812235,-0.12389733173799099,-0.12110472717456189,-0.1170820661528036,-0.1135324628289713,-0.11223019912108068,-0.11409243442244447,-0.1195656931648842,-0.12602083806210312,-0.13112410221723883,-0.13489528417026767,-0.13763705855839412,-0.13014130923285902,-0.13181234651264187,-0.13271332635099933,-0.1334686365262114,-0.13269358781481047,-0.12761862354658873,-0.11819710219975137,-0.10320136310083951,-0.08309833778397414,-0.054786042158273825,-0.026001473213001197,0.03127575998520986,0.32627748621777647,0.3563299993294526,0.3735950284392359,0.3855056294538194,0.38816708623782403,0.3858441521133873,0.3758744991904881,0.35949005629068226,0.33734238116472254,0.3156809490128636,0.2936268298889538,0.27277862628965943,0.2533188645106117,0.23571352751698516,0.21928120517530778,0.2046768107488041,0.19194356405774093,0.1789699392432411,0.16714626419870535,0.15662693519567206,0.14607192192200688,0.13727557322946035,0.13053537391088238,0.12567748024388617,0.12425226413697452,0.1254994395841746,0.126762196042999,0.12989971055494795,0.1361444524369038,0.14397208838067033,0.15351894416202,0.16313296409871153,0.17002166543859804,0.17379132836078287,0.18169909786741195,0.19126513284983312,0.19821962990083367,0.2040726367211737,0.20968682462764482,0.2166591531903433,0.2236590132114071,0.5298086878026591,0.5199698990920268,0.5035847971894511,0.49233393923089946,0.4801314285070235,0.4699731357969327,0.462973290005581,0.44937414978043977,0.45250073989296946,0.45176378219528734,0.4553621048123128,0.45911527399557295,0.46212797826185636,0.46092525015691316,0.45861008658526686,0.45390587396800675,0.4484365501150386,0.4417193231008572,0.43438382773567236,0.4272970734810734,0.41931750443072263,0.41080104953105284,0.4020295943127375,0.3918523822602307,0.38152721282703983,0.369488934760979,0.3578655822983388,0.3482344915969896,0.34328225258870493,0.34236002082118966,0.3494328179913548,0.36174105800894896,0.37667309385216285,0.3918972490201659,0.39984147732554,0.40374017319718597,0.4095021713308137,0.4170675064918642,0.41566914224061996,0.4122447050842995,0.4156171418546904,0.42571091655896354,0.4359505557062635,0.44762277427597713,0.45930626107075123,0.4661437188865333,0.4705781250984835,0.4779501205419518,0.48549497307962103,0.4945456748394,0.5030583533463105,0.514379962152726,0.5258529366800546
19,-0.05584064516572273,0.9398690746933737,0.9599721239883653,0.966552197602234,0.9747821359491635,0.9800581679843715,0.9817709978042858,0.9820292343489431,0.9817830068307597,0.9809959024827098,0.9809843659833384,0.9830728854167247,0.9893196376730655,0.9963513823936625,0.9991067607966491,0.9999999999999999,0.9993271752062688,0.9971840352009711,0.9927105722972839,0.9915981627156454,0.9857376754763394,0.967969371421222,0.9612259161559814,0.9528787944722725,0.9427800402248547,0.9358246338146969,0.9226528491051394,0.9102392470336538,0.898552676798809,0.9078356154697732,0.9007575397270029,0.883926385499008,0.8165481053372837,0.6126482334509598,0.33393797776319417,0.11592440447509286,-0.023891764188503632,-0.09680872346319397,-0.13131773150691603,-0.1441049471598674,-0.15163618385621763,-0.15525971948170528,-0.15775750284432027,-0.16013212433250718,-0.16250909064512278,-0.16291109529479242,-0.16595483620749532,-0.16979744928992238,-0.17348670311880202,-0.17639952327995703,-0.17904203666363575,-0.18145923351286336,-0.1831321565565059,-0.1830431799845077,-0.18202561377383092,-0.18161132079836265,-0.18276097316785575,-0.17373680512853018,-0.16832346587392819,-0.16241468530981737,-0.15619118290947256,-0.1571889555314707,-0.1582919234607622,-0.16251858256120078,-0.16696637197074513,-0.1719043884795995,-0.1773592214793847,-0.18269684458668126,-0.18756030413334596,-0.19155530269806081,-0.19453921930112955,-0.19662574099820054,-0.19765953874175837,-0.1972241670708543,-0.19542990562563897,-0.1911785727121134,-0.18295983961180726,-0.16772460853283722,-0.1582405534343977,-0.13919670089176425,-0.11592451366324956,-0.10935763157631515,-0.106574815391816,-0.10257726307189502,-0.0990524909186105,-0.09777019364681566,-0.09963283575374056,-0.10507993568552348,-0.11149987507084454,-0.11657640695410472,-0.12033686638215733,-0.1231543171074946,-0.1155743869811308,-0.11729095505139334,-0.11821273907476032,-0.11902196650906628,-0.11831992013657731,-0.11334360775694868,-0.10404391614136851,-0.08920562836055697,-0.06930279483957298,-0.0412510796347499,-0.012755043942516853,0.0429383664444684,0.33301073157198025,0.36366846722986607,0.38120688081350373,0.39340222854543044,0.3964200943886669,0.3941953719154854,0.38430408434525054,0.3682760392282251,0.34649443499259264,0.3251220115586855,0.30331014911470056,0.2826927290382265,0.26344249889097426,0.24602821416672435,0.2297577008661969,0.21530228199850568,0.20268996588871627,0.18981988857442703,0.17807277070894362,0.16762826872574857,0.15711626431702422,0.1483508882958325,0.1416370936020742,0.13679084721967738,0.1353473730496442,0.13657138013841832,0.13784367009939588,0.14099013484464326,0.1472177955272129,0.15499679581074838,0.16446509584586635,0.1740006302306286,0.18079707404799575,0.1844551554714259,0.192251120445178,0.20166509666603755,0.20848781133171412,0.21419762528878283,0.21962109016158213,0.22610834962815704,0.2322858223638327,0.534895755511776,0.5254027740634737,0.5093544371642155,0.4983661115402886,0.48635044364389296,0.4763196997653683,0.46937579096781945,0.4560250770716359,0.4593271263875335,0.4587873761310426,0.4625251315831178,0.4664302983302798,0.469601428179398,0.4685646196104968,0.4663836622822036,0.46179412536151526,0.4564407709074566,0.44981252543523104,0.4425270623986516,0.4354990282233587,0.4275514373269195,0.41902747444055244,0.4102440872570004,0.40005546897965344,0.389714048137986,0.37763319771683646,0.36593032862704433,0.356221655240158,0.3513533120089886,0.3504700445762475,0.3576655017186173,0.3701662039295708,0.385225038717004,0.4004670190207673,0.4084066517979106,0.4122589549132044,0.4179741488118205,0.42546090665155906,0.4239260350958116,0.42044660634760056,0.4236721547940243,0.4335790526913586,0.4435872776109478,0.4551058940652478,0.46647409548010926,0.47315880799414517,0.4774666950712612,0.48466144858259563,0.4920893407722322,0.5010220688561783,0.5094568704496811,0.5206542059266068,0.5322452452491698
20,-0.06589549523506567,0.9343659390439173,0.9548977303806173,0.9619579792393623,0.9708213409074561,0.9766725917251835,0.978749706182087,0.9792797165146581,0.9793416902117276,0.9789520845412182,0.9794419922648012,0.9819322603164728,0.9883258773955242,0.9953722316846084,0.9983393671911707,0.9993271752062688,1.0,0.9983156929561384,0.9944189136965021,0.9932683197231038,0.9868019613885206,0.9684198343130564,0.9617069773621596,0.9533121577180581,0.9431804985939671,0.9362852579040678,0.9229296362799168,0.9103318168953418,0.8985328317182533,0.9080999185052228,0.9010216827726273,0.88405914465372,0.8158157387414403,0.6098394459618456,0.3291819860746436,0.10999832724693806,-0.0303619940250942,-0.10345916952703685,-0.13799062774528573,-0.15075621294346295,-0.15822881704811118,-0.16181431429350854,-0.16426854929866014,-0.16659758907073338,-0.16894093207726685,-0.16933320318337597,-0.1723630016417163,-0.17620022013912412,-0.1798679456843974,-0.18276608059467375,-0.1853964705038395,-0.18779503123167782,-0.18945051288927292,-0.1893616900423532,-0.1883324898961952,-0.18790716073923613,-0.18903209943425223,-0.18002272140071485,-0.17457475626382535,-0.16862699151404129,-0.16235265275686533,-0.16328675887389132,-0.16435441308812895,-0.16854754235498579,-0.17297104472653357,-0.1778895408289097,-0.18332413164836406,-0.1886412979219226,-0.193481283079306,-0.19745158142182265,-0.20040869592896998,-0.20246605306527493,-0.2034652598508143,-0.2029986482731768,-0.2011729314728684,-0.1968888960565556,-0.1886487371321786,-0.17336780275939329,-0.16379457363987748,-0.14464292828915515,-0.1212388284028646,-0.11458038777173041,-0.11173054183701635,-0.10767682291123941,-0.10409294511085548,-0.10277717766161482,-0.10461319882978617,-0.11005002093536452,-0.11646258671034851,-0.12152360152273219,-0.125273100802954,-0.1281374518677056,-0.12045829690512197,-0.12224128015747357,-0.12316484095351561,-0.12396964590970125,-0.1232574207998511,-0.11825740051976674,-0.10891687629594672,-0.09401961980803904,-0.07402985018904486,-0.045874731389873406,-0.01729233679989934,0.03777122104687815,0.32823519056721606,0.3596448562510207,0.3776104147419069,0.39018825113815286,0.39363921073434816,0.3914875613900691,0.3814938127459681,0.3655433279744167,0.343823510881873,0.3224170782465294,0.30053898453619593,0.2798412142625085,0.26051775673812366,0.24301722320346583,0.22666282055091744,0.21213912887537967,0.19945053286661585,0.18652454251642725,0.1747259902999593,0.16423827702202629,0.1536880378629844,0.14489178092337984,0.13815609298370488,0.13329562593007518,0.13185352162388259,0.13309438813050029,0.13437666783978877,0.13754768577782145,0.14381689949598964,0.1516334499869427,0.16114212652546883,0.17071016094969094,0.17751994893600712,0.18116985135313132,0.18899027468085677,0.1984346359165801,0.2052285939085299,0.2108859471247311,0.21621336722591214,0.2223659581901595,0.22790331095116026,0.5324433148978521,0.5230731585152552,0.507063786286613,0.49626057989261824,0.4843023389265167,0.47429739045829594,0.4672882534067913,0.4538848414856022,0.4571526596640918,0.4566023657371294,0.4603026280852565,0.46411242769808364,0.46719045415070887,0.4660986423873862,0.4638869806302489,0.4592467853924782,0.45384538022180265,0.4471836038547263,0.43985706865968777,0.4328129229312307,0.4248258559493353,0.4162354264208356,0.40735437267928903,0.3970711635033047,0.38664468529381213,0.37445258058003744,0.3626304216262867,0.35281665658000216,0.348016060211216,0.34713872956819203,0.3544620156177582,0.36717044738355437,0.38237801201359917,0.3977454287465851,0.40580542099965144,0.40977321641968123,0.4156429763842476,0.4231881541931824,0.4215813305776833,0.41806045458536745,0.4213119518097243,0.4312045947944561,0.4411176337510824,0.45256779763965266,0.4638497168689463,0.47050607410697776,0.4748229837487356,0.48201743474715447,0.4893817750897269,0.4983446463988273,0.506752723986179,0.517844591489571,0.5295269980472869
21,-0.09508605850053549,0.9299622669919346,0.9512594643871983,0.959384325174214,0.9691620443240253,0.9759043534466513,0.9786802683106908,0.979980975078411,0.9809701386126943,0.9816902753153341,0.9831476093123107,0.9859322234092965,0.9909778277792136,0.9954074362245208,0.9966228205232227,0.9971840352009711,0.9983156929561383,1.0,0.9983600440404362,0.9967582752066282,0.9868115836745287,0.9650458948812256,0.9585444372583825,0.9499399855232757,0.9392354503125258,0.932626026513046,0.9185520713943822,0.9052238001568622,0.8927877920728223,0.9027055687811397,0.8954998573449638,0.8772971325019371,0.8033541232484834,0.5848414274312679,0.29403036120196574,0.07003782582128666,-0.0722071756145851,-0.14588420175210337,-0.18051194034315562,-0.19321050911112805,-0.20052317718450505,-0.20400197484657606,-0.20632413865951046,-0.2085271016313677,-0.210734267431126,-0.21100726273696832,-0.2139195808493844,-0.21766200476147532,-0.22122216026977415,-0.22402457935967546,-0.22655701031198108,-0.22885826125286157,-0.23041669567772083,-0.23023157172904812,-0.22909605848436104,-0.22857221348634077,-0.2296085264157591,-0.22047642491585115,-0.21488692150472782,-0.20876164158475566,-0.2022948100014209,-0.2031099343978788,-0.20407498085942466,-0.20820816286128105,-0.21257525534678867,-0.21745525602645469,-0.2228615127708342,-0.2281400251606217,-0.23293837246312904,-0.23686036477873004,-0.23975769392021865,-0.2417444532518314,-0.2426631030668972,-0.24210279187109096,-0.24016891368005805,-0.23575712567848844,-0.22735638822538137,-0.21187435438636948,-0.20200174718633532,-0.1824386029750171,-0.1585151397190733,-0.15157833397691156,-0.14855377878583326,-0.1443292349126209,-0.14057907890621185,-0.1391430227512265,-0.14091602480675638,-0.1463578943318955,-0.15280046078948087,-0.15785705462314262,-0.16158770320537844,-0.16447642613573088,-0.15665761119765576,-0.15846336334115843,-0.15933366946176833,-0.16007555449834177,-0.15923272113583115,-0.15405034301651546,-0.14442880963800764,-0.1291642078366447,-0.10865839094306529,-0.07982357048726393,-0.05051467235885483,0.005778232261821517,0.30555605823200443,0.33766204242776415,0.3561091194912073,0.3690914092173672,0.37272593213412464,0.37055441782066617,0.3602412155213594,0.343772014827136,0.32139901618291083,0.2993870983755958,0.27689742102769044,0.2556292093952414,0.23576503598012297,0.21776883704438382,0.20094542330166115,0.18602140136615147,0.1730059643039458,0.15975241607734608,0.14769845047098212,0.1370472961989408,0.12632862380922832,0.11739413970463017,0.11057007184300324,0.105671911503834,0.1042517902855142,0.10555292552027709,0.10686321330062568,0.11007345130174033,0.11646266612735462,0.12445736372534262,0.13418841336463866,0.14397423597681663,0.1509929481222032,0.15479740859614904,0.1628869731607559,0.17263995446319766,0.17962736869498871,0.18546270139228763,0.19095581421638116,0.19730534923417492,0.20275342201414137,0.5167220658285544,0.5072038132074198,0.4907848070816347,0.4796864301680246,0.4675370251973863,0.45736912886880726,0.4502810643042282,0.43644438369306393,0.439226882779647,0.4382200544312719,0.4415165027063232,0.4449127368714852,0.44751737030327865,0.44603572654920126,0.44345305426158865,0.43848166029789165,0.43281123898212004,0.4258971473773986,0.4183926693719273,0.4112092035048317,0.40311328688236975,0.3943080391655344,0.38525985908829313,0.3747608888914764,0.3641929534990749,0.35180938021155433,0.33978913250599674,0.3298286122822595,0.3250563211077593,0.32419148870658865,0.3316122597952568,0.34447616342655757,0.35990980160988306,0.3755317387556884,0.383942103460825,0.388263396269505,0.39457546336578175,0.40244542411054324,0.40087583973593494,0.3973117197639189,0.40085401061991255,0.41107719658229613,0.42111671876377654,0.43267489660924385,0.4441413252227272,0.45107099920767285,0.45552390600067827,0.4629006060156869,0.47047772640394164,0.47957581801384513,0.4880885628079468,0.4992887643095795,0.5109467183675245
22,-0.12113280220886852,0.9274820892645065,0.9489320680630454,0.9577438263272733,0.9679113378545732,0.9749980711322366,0.9782068406145725,0.980113490372308,0.9817661808351891,0.9833463820958388,0.9854799311595522,0.9882799415232523,0.9918818948580885,0.9935049268397115,0.9927875929425152,0.9927105722972839,0.9944189136965023,0.9983600440404361,1.0,0.9984234568171299,0.9864414477310236,0.9626241438828171,0.9567534262623905,0.9483746895139069,0.9375343128946907,0.9314824275622986,0.9172350215820114,0.9036442762652938,0.8909553736481278,0.9006624417281305,0.893534200652826,0.8745002358828614,0.7961884527254592,0.5671303008959894,0.2671883289317102,0.03845741254373832,-0.10595921555831274,-0.18048585114974972,-0.21533930737448218,-0.22797186557470858,-0.23512065578421026,-0.23848256381528693,-0.24062798056857707,-0.24266640944804144,-0.244698634925824,-0.24477591948180785,-0.2475438661880187,-0.2511613588580945,-0.2546040278552795,-0.2572757375548426,-0.2596820215849869,-0.26186449713891574,-0.2632954662094493,-0.2629671594245645,-0.2616760576134019,-0.2610136715584311,-0.26194022702029773,-0.2525715080672261,-0.24678614149186642,-0.2404167479843125,-0.2336863516502707,-0.2343763745197301,-0.23524086338960426,-0.23932671391893048,-0.2436510467417144,-0.2485095131178842,-0.2539044172718289,-0.25916692639418165,-0.26394608892277976,-0.26782779848804084,-0.27067610091852223,-0.27259279620455185,-0.27341580121111086,-0.2727556743188828,-0.27067741323094374,-0.2660972441397912,-0.2574560917362642,-0.24166388350353288,-0.23142577749315102,-0.2113179915621169,-0.18672532780601314,-0.17947468996948907,-0.1762670407246771,-0.1718492002084611,-0.1679168627205968,-0.1663514589390847,-0.16806650747989324,-0.17354065334967222,-0.18004446905362442,-0.18511777692805567,-0.18883971457219012,-0.19175086439354166,-0.18379052270793225,-0.18562096241880766,-0.1864366642649104,-0.18707036725519058,-0.18605740196934512,-0.18063014286893453,-0.1706544839136097,-0.15492368361472791,-0.13379087558905342,-0.10414484779658928,-0.07397736345563795,-0.016097961826969452,0.29392607853283653,0.32656174145197037,0.34537003289225304,0.3585330289532426,0.36205735437098346,0.3597939435287141,0.3492650638189351,0.3321419732024642,0.30900629534168944,0.286377079960813,0.26327673080712627,0.24146524986770057,0.22108070453906914,0.20259660358366727,0.18531774827360975,0.17000638418225278,0.156686574088198,0.14311082268358327,0.13080859818611584,0.12001109032280356,0.10913483582929581,0.10007027409623233,0.09316919799669947,0.0882440868724496,0.08685467071640895,0.08821984049536388,0.08955372493169877,0.09279991023077597,0.09930265404817328,0.1074708495449819,0.11743610441315434,0.12743378955176385,0.13468945618489417,0.13867678197340036,0.14704984918912717,0.15715038259529054,0.16436930831035915,0.1704448930718563,0.17620369888181714,0.18296776954098087,0.1885803073743934,0.5103556031345519,0.5005079092776465,0.48388887839844524,0.472553196387465,0.46020430003102764,0.4499005176701218,0.4428218578129197,0.42862968904602183,0.43091405040341246,0.4293315053714101,0.4321465966495769,0.43511545004134217,0.4372025182402381,0.4352847392979813,0.432300768208173,0.4270239016879147,0.42107555101664834,0.41394929015635673,0.406315481764863,0.3990195524692839,0.39085866377944023,0.38192892755542607,0.3727824789941353,0.36215632879062104,0.3515146868066072,0.3390409072010419,0.3269542050037625,0.3169127143714388,0.3121721094546534,0.31130141533945416,0.31875224284036496,0.33164953647045636,0.34719579954219404,0.3629396184423381,0.3716691133163665,0.37628176189543094,0.38303921668337043,0.39116022326910854,0.38970837522152774,0.3861175467627555,0.3899775561883459,0.40056793025511306,0.4106947409438029,0.4223482108158018,0.43393189895506495,0.4411750400457426,0.4457868992667238,0.4533327593359128,0.46104369279876256,0.47026440739907,0.47879759895414997,0.48999443766461886,0.5015260481886403
23,-0.11790866208486406,0.9307241698170329,0.9514074315963366,0.9596918668690129,0.9690190439516717,0.9753734692961596,0.9781376849089232,0.9796117164686478,0.9807288562506639,0.9815977650846611,0.9830486471926558,0.9855839334781497,0.9895929482846837,0.9918348739548896,0.9915180807139459,0.9915981627156454,0.9932683197231037,0.9967582752066283,0.9984234568171299,0.9999999999999999,0.9930244958812383,0.974134158776977,0.9695279406780599,0.9625840640463152,0.9532757474888054,0.9481725679049706,0.9356526355438692,0.9235157239031433,0.9120760255099263,0.9205894504812474,0.9141719020590805,0.8967764628321632,0.8234409034106892,0.6014163948814601,0.30390366583654005,0.07387742550549094,-0.07268225636756005,-0.1487742785476021,-0.18438293204316192,-0.19715684844714765,-0.2042720434806489,-0.20756957848156007,-0.20957178373553736,-0.21147522186698875,-0.21335263795941212,-0.2132200440073978,-0.21587181127130375,-0.21943028696185796,-0.22279940075806132,-0.22539117752813986,-0.2277134249386524,-0.22981694763798638,-0.23114646192554616,-0.2306669527324201,-0.2291953898124275,-0.22838701764999922,-0.22922660963165692,-0.21946230608698628,-0.21340584157631667,-0.2067185748040595,-0.19964603032953898,-0.2002422148190245,-0.20104397654481534,-0.20516588691179324,-0.20952703620533528,-0.2144501541757304,-0.2199337648950125,-0.22527853897710826,-0.23012376043994137,-0.23404925078252395,-0.23690970296020333,-0.23881109497746947,-0.23957823146112364,-0.23882062225578843,-0.2365925364431157,-0.23179973387753594,-0.2228062137578372,-0.20656123387180692,-0.1958988967403467,-0.17513164478836588,-0.14979766316049245,-0.14226693651005057,-0.13892969897529506,-0.13436333856566265,-0.13029306651240938,-0.12864604352827952,-0.13035595792546453,-0.1359146820726357,-0.1425328662503398,-0.14767993484646993,-0.15145145139871896,-0.1543845608894119,-0.14629979130201237,-0.14812276827243193,-0.14893426236871188,-0.14947962847778365,-0.14832117140265724,-0.1426771447677491,-0.13239908591673474,-0.11626565515382925,-0.0946407134456064,-0.06443622013390253,-0.03379376293070789,0.023864756168259015,0.33471307286344887,0.3680216179618675,0.3868789586545104,0.4001226910071544,0.4038633131430991,0.401638769727963,0.39118962085415526,0.37424996317460785,0.3512851626170424,0.32879129899709725,0.30580144021676653,0.2840655276405439,0.26373120902453956,0.24526951937903785,0.2279918515384355,0.21266733978646937,0.19932993651461506,0.18573103548043954,0.173403872192891,0.16259471649159535,0.15170523443357462,0.1426210344224129,0.13570749500516935,0.13077836038529644,0.12939450728703,0.13077741134093257,0.1321249317846574,0.13537568954802276,0.1418907829300701,0.15008387765444323,0.1600740937164448,0.17009691589668488,0.17738102503347047,0.18140114877475494,0.18981187962093815,0.19996357326888228,0.2072035312111443,0.2132938964263542,0.21904693434183498,0.22570069787840574,0.23081714641067333,0.5483756050492514,0.5391163797421519,0.5232583985826156,0.5124165341190007,0.5003049237048384,0.4902137058797569,0.4833464125691947,0.46915842387103607,0.4716059306432283,0.4700091801830443,0.4726833425764077,0.4755551075410225,0.47752223469548566,0.4755591518628648,0.4725464736284981,0.467310746461587,0.46141037237109855,0.45438274373584303,0.44687008461949934,0.43969401271982284,0.43166560747352656,0.42286466311012394,0.413851057813309,0.4033697698075772,0.3928948237659082,0.3805829653331758,0.36865150789823703,0.35871142106870685,0.3540728240371978,0.3532134929938748,0.3605823658599816,0.37329495598452894,0.3886354546802587,0.4041476248052285,0.4127892926024647,0.4173775833412136,0.424077869755465,0.43211100812823866,0.43055446086359134,0.42719642620943465,0.43103802365750477,0.4415060240714693,0.4514590873508973,0.4628837988031656,0.4742669984468727,0.48136063024488435,0.48593234723382717,0.49331702863699145,0.5008675011072676,0.5098819027709134,0.5180382826135885,0.5289526304285778,0.5402735604957415
24,-0.08436720682704171,0.9312603716719748,0.9503591026837731,0.9567803035596611,0.9640778216178385,0.9685881826858694,0.9699689005138603,0.9699858779249098,0.9693065804634777,0.9678095604851326,0.9672118741573558,0.9692008426110115,0.9756070253715748,0.9820438320550274,0.9845639887247372,0.9857376754763394,0.9868019613885207,0.9868115836745287,0.9864414477310237,0.9930244958812384,1.0,0.9936259826943484,0.9911766795743774,0.9871148527429022,0.9813544405057913,0.977775123530079,0.9692302255407343,0.9605612162160166,0.9521413326777884,0.9583374318592288,0.9534338490164177,0.9405759176664323,0.8828786119866912,0.6881807521797277,0.4072171836080206,0.18079579413668748,0.03286047204196551,-0.045182624015833096,-0.08192914867645021,-0.09495876426657449,-0.1021144572320192,-0.10536100922451266,-0.10719912719202213,-0.10894677090800321,-0.11064359349643998,-0.11024621598113704,-0.11276842774777132,-0.1162900391806852,-0.11960167352868557,-0.12211727910178813,-0.12436387069288517,-0.12639502521457643,-0.12761035650529592,-0.12694603632360177,-0.1252486604535741,-0.1242675181254109,-0.1250158423597546,-0.11470159104193416,-0.10830108987598325,-0.1011975226380726,-0.09368925236948654,-0.0941936704505046,-0.09494338036260487,-0.0991392026086124,-0.10358646775569251,-0.10862793770641742,-0.11425970050571853,-0.11975155634572723,-0.12472525644462833,-0.12874469462936533,-0.13165315150298432,-0.1335641742916263,-0.13428687217624777,-0.13342485040155633,-0.1310248856317379,-0.1259667481766992,-0.11652127211682649,-0.09969897734741134,-0.08855121517444019,-0.0670425324759784,-0.04094229370314905,-0.03314323208557089,-0.02971887497127429,-0.0250377129575741,-0.020872193777006432,-0.019174213469728387,-0.020909686288627258,-0.02656788074560815,-0.033314668498075996,-0.03856189322024392,-0.04240254110575897,-0.04536927060790418,-0.0371653530694841,-0.03894964484769155,-0.03978787527639225,-0.04024750419081516,-0.038968119315088326,-0.03315093969143621,-0.02265126933786918,-0.006229390411576176,0.015678140171145508,0.04607285526525621,0.07667516837155935,0.13183258710719592,0.4310667994859488,0.4651686772147405,0.4837534732351677,0.49696223435984155,0.5013676318441446,0.4993567334245848,0.4893953093545508,0.47368712643921734,0.45211301895796036,0.4307278669222992,0.4087917047220465,0.38795809213772264,0.36842404970321224,0.3506468618181321,0.333973253940377,0.3191401760050709,0.30619221024468857,0.2929720151550529,0.28094551406993445,0.27034521312501264,0.25967302462381187,0.2507542170615627,0.24395883179391648,0.23909113840192162,0.23771295381352917,0.23905584127408333,0.2403951145850942,0.24360417085819375,0.24998206431397837,0.25799070531551477,0.26772337294675985,0.27748992665455385,0.28455170238643784,0.2884202838863673,0.2965596801950512,0.3063793703115718,0.3133496786369953,0.3191728649250905,0.3245826113192046,0.33038670268295284,0.3340174282587999,0.632393475976011,0.6244352281975636,0.610874612404095,0.6013778752087469,0.5901097366143425,0.5807062633098176,0.5742882429191112,0.5607414112880275,0.5639594753148762,0.5628571417521312,0.5657230712226106,0.5687868842630858,0.5709645385252475,0.5693726090620831,0.5667216971624249,0.5619297852258612,0.5564800162473412,0.5499331233525634,0.542880728201702,0.5361230924860576,0.5285173761038743,0.5202029443635263,0.5116557144605288,0.501698836081043,0.49171058695844144,0.47993022018122655,0.4685134464850252,0.45893311130310294,0.45449414740848254,0.4536752891813861,0.4607797813932603,0.4730160928168847,0.48769232789998845,0.5024291211680494,0.5105569702502339,0.514714385545441,0.5208598184213817,0.5283332641392321,0.5265299178376975,0.5235764426327332,0.5270570637409151,0.5368477917974248,0.5462102432896845,0.5568937948948957,0.5675617577640977,0.5740697313559565,0.5783300499681403,0.5851289660601658,0.5920152180211576,0.6005207342252534,0.6078531622993677,0.6178806795089805,0.6287777315890862
25,-0.05096295426023895,0.9196626920725246,0.9371416289170987,0.9417439953336295,0.9470845531179647,0.949910920073508,0.9499944059106952,0.9486428956910797,0.9462576092301366,0.9425324058933556,0.9399682682332378,0.9414215986864279,0.9500620378867203,0.9605205704951182,0.9657529946861003,0.9679693714212219,0.9684198343130564,0.9650458948812256,0.962624143882817,0.974134158776977,0.9936259826943484,1.0,0.99939528264775,0.9981183608399375,0.9958188822235401,0.9937513758675677,0.9890980694126579,0.983857000794971,0.9784128168242164,0.9824474292147426,0.9790730494056812,0.9707301897022896,0.9287467180887852,0.7627325580744369,0.5012399178256907,0.2811772226269556,0.1338424040965275,0.05493628120958,0.017574770279039087,0.004464160446862484,-0.0026315915905353007,-0.00578561779395947,-0.007445727692729105,-0.009017591650921334,-0.010521513396804056,-0.009879151783369584,-0.012237250948236944,-0.015663682078480956,-0.01887494831002121,-0.021278979697142347,-0.023420462117497553,-0.025355963811328965,-0.026448394749261993,-0.025612995705084955,-0.0237223983711698,-0.022579089651482653,-0.023231237401660665,-0.012533409869946737,-0.005876365572659347,0.0015343778631858864,0.009370017012991746,0.008965051323265642,0.008275368607407756,0.004066474153293213,-0.0004042280221036159,-0.005492282358636537,-0.011195883264755678,-0.016757007229201322,-0.02179148204947102,-0.02584706424088629,-0.02876663702429425,-0.030660253002053352,-0.031330495133183756,-0.030382148935195124,-0.02785013596331337,-0.022603553512242084,-0.01285071419280652,0.004303888676599051,0.015768002367054137,0.037716478968005944,0.0642185150964648,0.07216604526138111,0.07563654323992842,0.0803630574889923,0.0845691984755141,0.08629136643534475,0.08455728332523563,0.07887498492218832,0.07209680640205778,0.06682257886258183,0.06296762735021458,0.06002929196484916,0.06821389350450603,0.06650529940949561,0.06564299368218188,0.065275969517632,0.06665878709664551,0.07256672757302873,0.08314797087297579,0.09962644603932627,0.12151884098991443,0.15168518455290206,0.18180827912776293,0.23358628367578144,0.5174305053893007,0.5519709822165133,0.5700861963499035,0.583184781914246,0.5883754040255639,0.5866435820706916,0.5772252914639108,0.5630046399522384,0.5431561335417376,0.5231495608465138,0.5025347259720169,0.48284374120391016,0.46433429718857155,0.44744513692434495,0.43157181773108183,0.4173930114972027,0.4049726601519383,0.39229476058848284,0.38071577832756753,0.3704433947515252,0.3601176126879819,0.35147791596018557,0.3448765411556065,0.3401257736769261,0.3387753676478268,0.34006120350519403,0.3413698358082014,0.3444889856506153,0.35065160779009646,0.35836700148026285,0.3677181004013784,0.377109400210989,0.38386087455873114,0.38752635890677006,0.3952945056605122,0.4046611912634843,0.4112674315786517,0.4167204815090719,0.4216664528827264,0.4264066962075183,0.42840664886040575,0.704997041140937,0.6985661450046474,0.6872987715558312,0.6792674514978305,0.6690073214355668,0.6603903396366183,0.6544435821325401,0.6415998780832507,0.6455532260005455,0.6450313768401298,0.6480432937607795,0.651217191443725,0.6535560744029787,0.6523301157841767,0.6500730495650279,0.6457739105298126,0.6408255103494122,0.6348248600454193,0.6283077439466462,0.6220321770890603,0.6149363585681037,0.6071846561463885,0.5991991793820955,0.5898774325565606,0.5804708426713729,0.5693699978089082,0.5585855069956288,0.5494929394844328,0.545307599285639,0.5445181214022252,0.5512724210797234,0.5628583050423414,0.5766912203141229,0.5905025373373136,0.5980148176356557,0.6017234792950855,0.6072416298732396,0.6140744341768269,0.612050327161864,0.609581427268818,0.6126375380097555,0.6216109035775329,0.6303305369721993,0.640153119225418,0.6500090277900895,0.655883205638239,0.6597850314135593,0.6659087996213043,0.6721136156666854,0.6799677299254026,0.6863163600064152,0.6954518763207803,0.7058314595521017
26,-0.054638129104401405,0.9158723460446538,0.9329350284257697,0.937336256976006,0.9422395682339841,0.9446877244795918,0.9446350508749447,0.9431932323080432,0.940712682245901,0.9368058574691371,0.9340372869615149,0.9353260960137592,0.9438601584054573,0.9540716169086793,0.9590899353070141,0.9612259161559813,0.9617069773621596,0.9585444372583825,0.9567534262623906,0.9695279406780599,0.9911766795743774,0.9993952826477499,1.0,0.9993419588370055,0.9978376019205069,0.9963755723767681,0.9926291373757632,0.9881472983068684,0.9833582073512144,0.9866503373690853,0.9837042072120963,0.9760984462998326,0.9360788684203736,0.7726415711686729,0.5122077128778255,0.291914561809523,0.143967328522122,0.06458103791416792,0.027013740302442225,0.013925021220484434,0.006925801766724169,0.0038460030559837174,0.002307019609210803,0.0008501581213414738,-0.0005265192754719413,0.00027063584356697054,-0.001973622405149402,-0.00530953846995112,-0.00843135774744782,-0.010742611105922251,-0.012793626666454288,-0.01464196175949999,-0.015642583175000613,-0.014692969760875974,-0.012676575259214593,-0.011426275605104355,-0.01200512185052039,-0.0010917185697338443,0.005726743787193438,0.01332100230013019,0.021345748441603658,0.021010804738463455,0.020381801156196994,0.016187522609784566,0.01173133386568956,0.006642405184504098,0.000925764164870276,-0.004647788829356398,-0.009686180584660697,-0.013738162102171325,-0.016641684644800706,-0.018505827446790635,-0.019124299900122547,-0.018111993595933993,-0.01548366608649552,-0.010116875622613285,-0.00018200567438076486,0.017208841680902285,0.028905338627067283,0.0511941618227454,0.07807794562389128,0.08618317515452195,0.08973840056513563,0.09455765793049603,0.09885222048330942,0.10063646119459044,0.09892640293151884,0.09322474039231432,0.0864119521518842,0.08112277104707072,0.07726856112801944,0.07432809564341583,0.08256092037758378,0.08087700690119147,0.08004921717009231,0.07973956469844556,0.08121381829324449,0.0872486476654388,0.09801034098329714,0.11471287054503075,0.13688566541043426,0.16737819735153583,0.19779775802944077,0.24965989806088415,0.534509802785464,0.5691480328227294,0.5871888593239016,0.6002428218845205,0.6053899588392291,0.6036622756215664,0.5943244288015167,0.5801166423532055,0.5602756278436313,0.5403304479165996,0.5197726833593066,0.500139103838187,0.48166722358897757,0.464799335816069,0.44893334423025877,0.43476079081079105,0.4223562345018478,0.4096811603490526,0.3981168609011907,0.38788963249782243,0.37760183492793836,0.368985379254977,0.36241107838716863,0.3576923882785748,0.3563673631688665,0.35766699921575895,0.3589764658161875,0.3620809566450331,0.3682255991737113,0.3759411703401253,0.385294460409888,0.3946823654239072,0.40146508350545745,0.4051804539756225,0.41298171950111207,0.4223979937835748,0.42903971714517236,0.4345431495640648,0.43954951782878887,0.4443689356821384,0.4461960955805024,0.7201852233084296,0.714020295809191,0.7031862081699576,0.6953802876097263,0.6852697546074817,0.6767946188884123,0.6710027139695802,0.6581880378147945,0.6620219513660122,0.66132280547053,0.6641117018700844,0.6671003157986973,0.6692051950797482,0.6678482990762805,0.6654829523278052,0.6611518619884176,0.6562106133088026,0.6502631390496975,0.6438301936477975,0.6376519619236956,0.6306818938595385,0.6230524157487153,0.6151994548351742,0.606001963373875,0.5967595276513964,0.5858255232613632,0.5752154923185376,0.5662377679262072,0.5621282467990348,0.5613475994275887,0.5679799862079447,0.5793575114782834,0.5929612715239476,0.6065516598702603,0.6140131226473554,0.6177412412460309,0.6232921101751412,0.630051160280274,0.6280214413990864,0.6256882252402075,0.6288199530729772,0.6377504936600303,0.6463298120605745,0.6560279021082719,0.6657567720793359,0.671583270192734,0.6754860310870952,0.6815282704595964,0.6876360834383586,0.6953379400035541,0.7014713488181074,0.7103771630997258,0.7204962493588165
27,-0.05384053712001344,0.9108029390742086,0.9270988127469324,0.9310973027603172,0.9353808062443936,0.9372798500915361,0.9369483757157199,0.9352876508617272,0.9325310164253132,0.9282651444491399,0.9251333854896542,0.9262639329981078,0.934985621141004,0.9454543907044421,0.9506605240137374,0.9528787944722725,0.953312157718058,0.9499399855232757,0.9483746895139069,0.9625840640463152,0.9871148527429023,0.9981183608399375,0.9993419588370054,1.0,0.9992524025361452,0.9983834951464063,0.9957242007440823,0.9921833844656697,0.9882220529822818,0.9905937983383163,0.988131567535445,0.9815568901164108,0.9447918551054572,0.7867364475349911,0.5297603429991177,0.31046536431105115,0.16245095166869747,0.08278802054469105,0.04508993021685357,0.03203868178563289,0.025122885260890012,0.022109895317688217,0.020683073691392294,0.019328952842568227,0.018063138471263448,0.01899850780055541,0.0168551955650807,0.013595017104415,0.01054969996225754,0.008318261077766995,0.006344298642752878,0.0045692567761259515,0.0036527759034759807,0.004695212841601719,0.006818693055703174,0.008157641006846295,0.007644261848816112,0.018736499699730444,0.025687423051850213,0.03342445270703035,0.04159771328558832,0.0413148047006699,0.04073558151885812,0.03655557956235011,0.03211191846219439,0.02702582881346936,0.021298283088573518,0.01571730505734718,0.010671648254321304,0.006624181867024748,0.003732961295160276,0.0018926962007660675,0.0013117349269801057,0.0023756937252124408,0.005078675281036738,0.01054024406415177,0.020624815151266702,0.03819531900758987,0.05006626083004701,0.07259446711702972,0.09973906820449091,0.107946623857414,0.11155698544790099,0.11643755458776749,0.12078681067243716,0.12261304022299872,0.120921572656371,0.11520859432304213,0.10837152171285708,0.10307735005787125,0.09922270563482707,0.0962750029174119,0.10454311626796815,0.10289079700083698,0.10208713903721743,0.1018251219932478,0.10336141507154117,0.1094828127289904,0.1203599877336415,0.1372046571467007,0.15953888637288935,0.19020997476116655,0.22076991298811202,0.2723965602926173,0.5561265147371083,0.5907716455275034,0.6086150695222862,0.621524263042526,0.6265415662497941,0.6248031091018771,0.6156328443701942,0.6015271478533595,0.581811062834286,0.5620653621857403,0.5416989551069319,0.5222596428496513,0.5039569741584313,0.48722968216029694,0.47148080477904225,0.4574146542149353,0.44511564372876966,0.43251593875097394,0.4210306885676606,0.4109068428278413,0.40070076062437937,0.3921487223852725,0.3856327323829966,0.3809639072026693,0.37965972657080665,0.3809656019229847,0.3822690084673374,0.3853486985237675,0.39145120179470894,0.399124534826284,0.4084341841299043,0.41776626285446516,0.42453883670621173,0.4282621928614273,0.4360421987114348,0.44543512022185844,0.4520702338717851,0.4575944919394672,0.46263834969653306,0.4675259051539409,0.4691815656398072,0.737889764324161,0.7320654862847694,0.7218907033787794,0.7143580051334859,0.704448810443454,0.6961597746549522,0.690594736450362,0.6779224354478055,0.6817369306306613,0.6808968420095259,0.6834910526201984,0.6863612853604982,0.6883214789512608,0.6868983489232208,0.6844800014738706,0.6801901643100189,0.675303660728572,0.6694635089934224,0.6631729458599787,0.6571298736900867,0.6503190913661034,0.6428638461290976,0.6351865729325024,0.6261845692858227,0.6171514889078114,0.6064339713260485,0.5960545336255063,0.5872255366155019,0.5831928891542925,0.5824225124280474,0.5889210265485187,0.6000649622759593,0.6133974909353878,0.6266853716160415,0.6340282730007537,0.6377305802437178,0.6432302777815657,0.6498564897269422,0.6478095824831335,0.6456129985719937,0.6487446071826585,0.6575466247100222,0.6659852396500022,0.6754621123738205,0.684999596670909,0.69071079761824,0.6945407896637995,0.7004674415553365,0.7064084727772451,0.7139075769338021,0.719735325619761,0.7284065133926892,0.7382368985831042
28,-0.049651394285759584,0.9024637123917338,0.9182370788503006,0.9218304516083798,0.9255887886476417,0.927049089625306,0.9264344314480142,0.92450676025111,0.9214130393187508,0.9166538670095219,0.913092964263053,0.9140920405774388,0.9232820706279989,0.9345477068449308,0.9403027153317243,0.9427800402248547,0.943180498593967,0.9392354503125256,0.9375343128946908,0.9532757474888054,0.9813544405057913,0.9958188822235401,0.997837601920507,0.9992524025361451,0.9999999999999998,0.9995508076174231,0.9981248192486626,0.995653744962802,0.9926331546179615,0.9942590192738786,0.9923370591134311,0.9871012824874525,0.9546970936926095,0.8044289694974207,0.5529145519449458,0.3355607448791382,0.18788237917792397,0.10808552766713053,0.07029119714236545,0.05727803162319625,0.050454992912756534,0.047515854219404845,0.04619468706391745,0.04494332465319975,0.043790506622058877,0.044851324585059145,0.04281042208131259,0.03963378696802953,0.03666758780929631,0.034517819379140426,0.03261880826219833,0.03091855646884791,0.030080840985569787,0.031212297114717735,0.033433956343130816,0.03485587312953982,0.03440725725436291,0.04564272842332999,0.05270868332282681,0.06057658209306357,0.06888909870265707,0.06867282522367,0.06814184774399554,0.06398890682453835,0.059565903052985904,0.05449121470529667,0.04876397660833277,0.043184572916610944,0.0381447910988016,0.03410787688923554,0.031234533801026053,0.029421923293579136,0.02888317494453212,0.029997569399859945,0.0327679199673261,0.03831497725350545,0.04851602991896845,0.06621630587484958,0.07823637678886503,0.10095046341244647,0.1282828428889709,0.1365818286649037,0.1402395653862253,0.14516311376058025,0.14955526407584674,0.15141333302926602,0.14974208847393466,0.1440352502716836,0.1372015651850732,0.13191584035940476,0.1280728809479997,0.12514064420918053,0.1334001234852148,0.13178032367341597,0.1309874306306619,0.1307744768459001,0.13237038932870424,0.13855349985697774,0.14950210636604958,0.16640984720541835,0.1888038306186784,0.21947641014491062,0.24995321026080874,0.30045188570920583,0.5801633648621923,0.6149159442544266,0.6326040703374264,0.6454936523938736,0.6507798624396057,0.6491360674279951,0.6401279321489042,0.6264637988259425,0.6072589135311591,0.587927917871472,0.5679657102658574,0.5488749968285808,0.5308813113035706,0.5144147562703796,0.49889590982600596,0.48502547232004367,0.4728865396807327,0.4604488994299266,0.44911299441891767,0.43911764655322505,0.42904407668022426,0.42059858136270345,0.4141606903280801,0.40955051354255495,0.40827179661982993,0.4095644397312227,0.4108539109095735,0.4138971785550507,0.4199300238045071,0.42750986833977284,0.4367060534970682,0.44591743015073915,0.4526025936751938,0.4562923926650553,0.46397989823511515,0.47325476799865457,0.4797916738819173,0.4852170269353799,0.49013266261825505,0.4946822618782723,0.49570913582037945,0.7579077790034957,0.7525606847776897,0.7431348871745089,0.7361045154055614,0.7265516948635564,0.718539520971688,0.7131285657655966,0.7006524298011361,0.7045436804062791,0.703755764690958,0.706249237359296,0.7089974946946315,0.710852907888488,0.7094350782813031,0.7070422929922109,0.702870300977033,0.6981065658950214,0.6924288350085049,0.6863242172902779,0.6804578463460783,0.673848841452685,0.6665964347450968,0.6591239925101553,0.6503666308010859,0.6415736738857963,0.6311174398855283,0.6209860704448659,0.6123552106925606,0.6084368773021678,0.6076834961349207,0.6140295328175601,0.6248982403414541,0.6378927420272802,0.6508240255307447,0.6579794823353713,0.6616046796131924,0.6669754000581278,0.6734070831572925,0.6713407740335321,0.6693022800783469,0.6723371735034058,0.6809245276036292,0.6891070985309646,0.6982705804354776,0.7075331627007648,0.7130763567147154,0.7168421919951627,0.7225320488833498,0.7282565173893366,0.7355141577245292,0.740985281766974,0.7492526735896315,0.7588140033517823
29,-0.053523399226419986,0.8971075476795791,0.9128144854729028,0.9163507780445536,0.9199710755836111,0.9213688114876091,0.9207473082043048,0.9188330387030473,0.9157087917274791,0.9108553604593808,0.9071857625306803,0.9080648366804651,0.9170578735029458,0.9279968567214382,0.9334641526194192,0.9358246338146968,0.9362852579040677,0.932626026513046,0.9314824275622986,0.9481725679049706,0.977775123530079,0.9937513758675677,0.9963755723767681,0.9983834951464063,0.9995508076174231,1.0,0.9991095603990583,0.9972250575243281,0.9946685303742863,0.9959296428161554,0.9943759415992546,0.9897008858987372,0.9584988161564791,0.8097089716949916,0.5588074128993942,0.34134439059950544,0.19335302829310735,0.11329695405587571,0.07540718188248167,0.062432264357053326,0.05569973771582353,0.05283090672806797,0.05161040198329905,0.05045088861786775,0.04939794963970853,0.05057470904668678,0.04862973253709112,0.04553574679529486,0.04264706871408573,0.04057141638315117,0.03874741604022338,0.0371149228020871,0.03635393987422134,0.037573393928472844,0.03988646967053555,0.04139362717892094,0.041008166611503936,0.0523833545285112,0.05956345050115332,0.06756735118708218,0.0760339434243391,0.07588712278761983,0.07540861593572082,0.07127902846596343,0.06687393813427929,0.06180759157066142,0.056080274319291155,0.05050175151250346,0.04546567318116399,0.04144062848993518,0.03858867881718962,0.03680633514952683,0.0363128254522603,0.037481303551060406,0.04032615293847042,0.04596317936773548,0.056294978103142906,0.07414186430149117,0.08634292996591267,0.10931626622287056,0.13694078210757651,0.1453791491798208,0.1491093552478336,0.15410871278474614,0.15857167481699813,0.16048074356423814,0.15883381404264243,0.15311959746227452,0.14626679090378988,0.14097684724369355,0.1371417738645425,0.13423794322024152,0.14249680090448216,0.1409046185578564,0.14012997634598895,0.13997918760225983,0.1416677587342135,0.14795912324010727,0.1590444916145784,0.176116365936921,0.19871518022073434,0.2295989016867976,0.26024139577911753,0.310498446221583,0.5906105847275258,0.6255764720815254,0.6432923891420113,0.6562496933724998,0.6617899668879218,0.6601875310319051,0.6511871306886146,0.6376582032165877,0.6186051330621779,0.5993572967075051,0.5794686510257132,0.5604255383601293,0.5424579081799398,0.5260024919126777,0.5104912164990062,0.4966161321890807,0.4844713514117131,0.47203569067449946,0.460720049348097,0.45074125194596887,0.44069707485667153,0.4322786975699422,0.42585971105763964,0.4212643051374979,0.42000462307358505,0.4213065665322856,0.42258984511420633,0.4256211229686729,0.4316457073469901,0.4392227477102977,0.44841343004887246,0.457611281875224,0.46430892555872566,0.4680277288918204,0.4757463135931604,0.4850481457402838,0.49158769601696906,0.4970005683697306,0.5018914862133541,0.5063104397073234,0.5070211667343247,0.7681595141659147,0.7630124431868991,0.7539429424610207,0.7471401434044738,0.7377568066956972,0.7298624002852128,0.7245000367386412,0.711957814399318,0.7157886988719995,0.7149201137504125,0.7172413736853569,0.7197836672505007,0.7214306685034593,0.7199013213613339,0.7174410739949247,0.7132391580330681,0.7084699905980119,0.7028223864092046,0.6967792322903331,0.6909736061732081,0.6844459358457583,0.6772728968016111,0.6698901989693543,0.6612312528155115,0.6525431546031826,0.6422232708886499,0.6322129317477643,0.6236815873726703,0.6198280403097616,0.619071650119255,0.6253261220052011,0.6360303705338147,0.6488312796243256,0.6615981421200355,0.6687369045843855,0.6723868878501783,0.6777652142073729,0.6841605415820894,0.682116438105474,0.6801831012425553,0.6832847509490697,0.6918209312601846,0.6999228061506244,0.7089562584270668,0.7181408775296735,0.7236411163061718,0.7274146691154237,0.7330271721074656,0.7386502765286461,0.7458222323584596,0.7510805424513943,0.7591715822690248,0.7685208856091151
30,-0.046785244880175415,0.8878753683390874,0.9027415664595314,0.9056481141530356,0.9085046948922689,0.9092148405548748,0.9081756802394803,0.9058827431717879,0.902288947063265,0.8968191152346784,0.8925652843231755,0.893179595527129,0.9025550077185764,0.9142035253236397,0.9201463326159008,0.9226528491051394,0.9229296362799168,0.9185520713943822,0.9172350215820113,0.9356526355438692,0.9692302255407342,0.9890980694126579,0.9926291373757633,0.9957242007440823,0.9981248192486626,0.9991095603990583,1.0,0.9992591375371581,0.9978170695794577,0.9980328047083196,0.9971154033536501,0.9939061896624755,0.9675316468460728,0.8276453673221238,0.5834266780807231,0.36877446425247506,0.22161889073315025,0.14167171883002383,0.10379461038312024,0.09090515635780749,0.08427035215422868,0.08146814312292519,0.08034966714723048,0.07928405850741962,0.07833671141979245,0.07964169231662295,0.07780207210338874,0.07479392402986923,0.07198482896686365,0.0699891078948949,0.06823964464862416,0.06667829615845491,0.06599625174740714,0.06730083383890516,0.06970605097123261,0.07129192149869226,0.07096385581786732,0.0824732136308623,0.08974709198001316,0.09786617234264754,0.10644601454389474,0.10634736885649605,0.10590711077069695,0.10179543684114638,0.09741223169243814,0.09235862869845134,0.0866343308005148,0.0810617549088094,0.07603180656418734,0.07201752190174766,0.06918245830810565,0.0674249465693703,0.0669660280418875,0.06817467192451804,0.07107978210359413,0.07678498109482802,0.08722522587580747,0.10516317331867289,0.11747369818467769,0.14057923968088396,0.16832560710504643,0.1768216126978551,0.1805717248095942,0.18559262888740002,0.19007708713837815,0.19200766300372585,0.1903771845324277,0.18467502798253518,0.17783059730804132,0.1725550516579315,0.16873379139121256,0.16584967795162195,0.1740807853347564,0.1725538184180111,0.17180094062009016,0.17170090938223373,0.1734431736422374,0.17978371009535943,0.19091713817341358,0.20803036137707323,0.23064448422545264,0.26149162131541,0.29204675508445394,0.3415785457773068,0.6175219360536222,0.6523845177937311,0.6697865978922345,0.6825251277044067,0.6880463763321967,0.6864903290107106,0.6777265725314624,0.6645226764685265,0.6458720797754177,0.6270366740383233,0.6075553322899333,0.588885258975621,0.5712603672792126,0.5550993518959453,0.5398502698347606,0.5262033802757439,0.5142604495572674,0.5020132908535604,0.490859372607985,0.48104145151687083,0.47115075803992656,0.46284774760147807,0.45652161466679314,0.45199639961753824,0.4507565453820394,0.4520401893699303,0.4533109559144441,0.45630213125986935,0.4622448330149247,0.46972652070855564,0.4787924094984626,0.487854872875005,0.49447816277427104,0.49817604469441945,0.5057967353467857,0.5149909383236989,0.5214564155501885,0.5268258145939936,0.5316760180849709,0.5360187493308152,0.5364496063286351,0.789518245792924,0.7849202121014672,0.7765776252583309,0.7702560999618118,0.7611901983107436,0.7535740746421654,0.7484555575816069,0.7361175592522066,0.740053381366424,0.7391627411152137,0.741357780418207,0.7438130478316656,0.7453634088420524,0.7438547559791975,0.7414189638105867,0.7373303438607407,0.7326943578964805,0.7272223366715396,0.7213776606899861,0.7157580109243186,0.709447442970959,0.7025063352774088,0.6953647985443778,0.6869737671478031,0.6785563820148418,0.6685429662328477,0.6588369919578748,0.65053781380091,0.6467879155495139,0.6460422722754587,0.6521112859756518,0.6624876807476979,0.6749028169415586,0.6872646528175699,0.6941981635030854,0.6977362126308705,0.7029575197187099,0.7091307146535635,0.7070606731203315,0.7053171459591272,0.7083398161261232,0.7166414666561494,0.7244966876780485,0.7332472779670333,0.7421198873693761,0.7474564755411275,0.7511172820195818,0.756551348221659,0.7619106738680828,0.7688434394384526,0.7737286227305097,0.7814754122584022,0.7904899916443089
31,-0.03974546578628098,0.8790958533385497,0.8930973521791294,0.8953758982669738,0.8974970969958118,0.897573373384426,0.8961579763343644,0.8935145004326955,0.8894930059861782,0.8834683444845567,0.8786806453649294,0.8790589126857431,0.8887955141187416,0.9011451756257561,0.9075733819878825,0.9102392470336539,0.9103318168953418,0.9052238001568622,0.9036442762652938,0.9235157239031433,0.9605612162160166,0.9838570007949711,0.9881472983068684,0.9921833844656697,0.9956537449628019,0.9972250575243282,0.9992591375371582,1.0,0.9994149050984353,0.9987458248273887,0.9983986747363046,0.9964841773676825,0.9744537990455906,0.8428994306605134,0.6052156524385017,0.3935302242648554,0.24742779364786502,0.1677507411439206,0.12996231742232972,0.11715999255946774,0.11061932771057026,0.10787048867907684,0.1068297541563998,0.10583690724474963,0.10496907151238273,0.10637466897586179,0.10462138471812027,0.10169311596374062,0.09895223572613472,0.09702055961668075,0.09533268532875724,0.0938285959240945,0.09320331959892314,0.09457518742523263,0.0970483258258799,0.09869297377441168,0.0984074487465032,0.11001353901999962,0.11734244063277796,0.1255368891986617,0.13418367391756592,0.13411301941453244,0.13369586093138255,0.12960106182318062,0.12523618196368208,0.12019612949925668,0.11447917364084229,0.10891574425919491,0.1038933352741023,0.09989008937419079,0.09706710795668855,0.09532651952904046,0.09489185247403412,0.09612709025194723,0.0990717496315212,0.1048175117791363,0.11532052534111635,0.13329997121677328,0.14566709992406396,0.16882960622767929,0.19660780342900466,0.2051169887545736,0.20886064740542437,0.2138812975769548,0.21836606888793933,0.22030285011093828,0.21867937562655107,0.21299146789502235,0.20616885227432877,0.20091165329848426,0.19710635175766028,0.19424196899538818,0.20243375388334192,0.20097273580027375,0.2002405358474701,0.20017742139057068,0.2019516970994861,0.20831888759422304,0.21946601926524098,0.2365760044231328,0.25915909166618667,0.28991968525092504,0.3203541481185569,0.3692521740222425,0.6411311565129592,0.6757899116464585,0.6928923740783302,0.7054021079245719,0.7108217810111154,0.7092793660616882,0.7007586337938646,0.6878203012121534,0.6694937984530439,0.6510269856893218,0.6319122815199532,0.6135945463189741,0.5962882470712727,0.5804101635494355,0.565412347227548,0.5519806262176651,0.5402372733112278,0.5281635861854127,0.5171704441289703,0.5075110687120999,0.4977613667549488,0.4895692665317388,0.4833329725274257,0.4788725839511204,0.4776437901118681,0.4789024646448402,0.4801568122726901,0.4831116370522108,0.4889741211352696,0.49635847086272644,0.5053001066368483,0.5142368324618988,0.5207867434591722,0.5244689976951881,0.5319986279552648,0.5410947405539235,0.5475051538594295,0.5528515777210857,0.5576901574813411,0.5620426504586346,0.5622827480729979,0.8077586544672669,0.8035173126052946,0.795917786818394,0.7899531868594513,0.7811608682656589,0.7737799782124123,0.7688994767843111,0.7568030105611541,0.7607871906672865,0.759855894934735,0.7619360182332017,0.7643280724192263,0.7658146818057967,0.7643124607692078,0.7619066339163005,0.7579229000878506,0.753410285769411,0.7480904095611743,0.7424251543517838,0.7369670595448644,0.730836392860218,0.7241118008480087,0.7171894674608202,0.709048554296818,0.7008867042389562,0.6911445842437722,0.6817271669010851,0.6736310146387591,0.6699819701722913,0.6692351694399673,0.6751414956039706,0.6852074754382683,0.6972714429135117,0.7092783602191779,0.7159993162290721,0.7194295367405489,0.7244922899449191,0.7304612973575462,0.7283632448958827,0.7268081057123458,0.7297539086971491,0.7378431016445258,0.7454638733433937,0.753972743608445,0.7625943691618412,0.767774790104746,0.7713397111128243,0.7765816108645875,0.7817605989825643,0.7884377970800137,0.7929837253638723,0.8004224179856243,0.8091773314937315
32,-0.03380951783196754,0.8702299528857176,0.8833349405409816,0.8851125727597188,0.886540088827297,0.8859933339922363,0.8842172192559614,0.8812543939649045,0.8768563463307565,0.8703668818493409,0.865127108852449,0.8653729442290373,0.8755398821096665,0.8886314258551097,0.8956324216473402,0.8985526767988091,0.8985328317182534,0.8927877920728223,0.8909553736481279,0.9120760255099262,0.9521413326777883,0.9784128168242165,0.9833582073512144,0.9882220529822818,0.9926331546179615,0.9946685303742865,0.9978170695794577,0.9994149050984354,1.0,0.9982189860082132,0.9983461658016918,0.9976036492541762,0.9796190957704838,0.8558980106878512,0.6244744648212106,0.41571399583784263,0.2706959909189863,0.19132044147934132,0.15364120432406053,0.14093610136080878,0.13447707679143392,0.13178208030266758,0.13081710023601154,0.1298975647614776,0.12911026518672455,0.13060258687164145,0.12892454402919437,0.1260570168386089,0.12337898153989549,0.1215091707389587,0.11987839880959283,0.11842856868849362,0.11786076630377368,0.11928776277360677,0.12182064216616835,0.12351900996112,0.1232730796877998,0.13494917753824826,0.14233141404454813,0.1505785682355967,0.1592793030783837,0.15923728206332963,0.15884792842612894,0.1547781611606417,0.15043947374287356,0.14542263468217548,0.139723591303028,0.13417837048047385,0.12917371983899031,0.12519022976960656,0.12238415943567567,0.1206660967842251,0.12025659076453249,0.12151814356767139,0.12449663226297315,0.13027739939375355,0.14082822877547838,0.15883434364185509,0.1712430536574764,0.19442945304609363,0.2222033119477554,0.23071259548300999,0.23445950744544297,0.23948029247474545,0.24396270236178758,0.24590741272770558,0.2442958225403165,0.23863671621331925,0.23183895229497586,0.2266081285349951,0.22282365330383538,0.21995783022866255,0.22813606232806533,0.22670585508419733,0.22599782145416294,0.22595432632914572,0.22774352865013187,0.23411359394163198,0.2452563535697596,0.2623342793105383,0.2848515769840146,0.3154959776846302,0.3457939530473694,0.393936831220554,0.6615375353915459,0.6960442396281445,0.7128679142269475,0.7251477862761528,0.7304232466454317,0.7288961627485226,0.7206350915256987,0.7079446523762614,0.6899253158823232,0.6718320058656109,0.6530804457041495,0.6351237424980687,0.6181527026136014,0.6025649748385987,0.5878281170385621,0.5746271026515049,0.5630988230771145,0.551207828262587,0.540380384761334,0.5308899880178495,0.5212867191349578,0.5132066716514122,0.5070656645709899,0.5026739724997582,0.5014600793268401,0.5026985473462474,0.5039397354024047,0.5068551420496933,0.5126428165231764,0.5199299890813335,0.5287466419071631,0.5375539619719764,0.5440265042228742,0.5476739736420236,0.5550967372767432,0.5640754961363197,0.5704209077282038,0.5757292491520061,0.5805461392236553,0.5848945759138987,0.5849163467817723,0.8226625856734441,0.8188992216931924,0.8119461762317148,0.8063251239780024,0.7977740401369512,0.7906423543494654,0.7860224770295972,0.7741861090135937,0.7781950336618398,0.7772316262197559,0.7792200142835035,0.7815761542379145,0.783026636036988,0.7815494974446092,0.7791771281339733,0.7753043329956463,0.7709077816077677,0.7657578122536133,0.760269116732757,0.7549804045461888,0.7490328771849609,0.7425127823741736,0.735803102236713,0.7278937145618877,0.7199761778193148,0.7104817875707047,0.7013305574674367,0.6934188928144743,0.6898710916960707,0.6891440212844587,0.6949093517729164,0.7047195453372883,0.71647868529088,0.7281301028655365,0.7346869007098069,0.7379910855525273,0.7429148778481772,0.7486928530854089,0.7465768986137334,0.745158402567028,0.7480190374416474,0.7558854516802292,0.7632593340356505,0.7715266059048395,0.7798834467380179,0.7848639394146056,0.7883325537517518,0.7933740115457878,0.7983840186239083,0.8048188111555308,0.809074960277621,0.8162356337778148,0.8246798474104003
33,-0.03855184439199174,0.8699544990239297,0.8857212324777226,0.8883338333183803,0.8915249623497142,0.8925890670814043,0.8915259244959272,0.8890712283383847,0.8851520283777847,0.8790316315640736,0.8743491037923705,0.8749102289872528,0.8850126161465219,0.8981310981396117,0.9049319358185354,0.9078356154697732,0.9080999185052228,0.9027055687811398,0.9006624417281305,0.9205894504812474,0.9583374318592288,0.9824474292147427,0.9866503373690851,0.9905937983383164,0.9942590192738786,0.9959296428161554,0.9980328047083197,0.9987458248273887,0.9982189860082132,1.0,0.9995621143833304,0.998025561226862,0.9770389700078813,0.8476235100246331,0.6114083509125063,0.4001707406100195,0.25416672008078933,0.17443885782631713,0.13659381977319723,0.12378236906887002,0.1172283385364834,0.11447464973564404,0.11342796674932888,0.11242981917438154,0.11156330837884344,0.11295329544310757,0.11121296658016872,0.10829308647894313,0.10554976037350419,0.10361975722813857,0.10192849119024466,0.10041730782901662,0.09979533892949127,0.10115371878535825,0.10362682078695289,0.10526665464737932,0.10499014549769944,0.11656937686179038,0.12390747563431696,0.13213746196716564,0.14081146898961505,0.1407706468332075,0.14036572048757065,0.13629139687065223,0.13192642554264436,0.12688609116930744,0.1211782575546909,0.11561873672418756,0.11059650957245186,0.1065987707656973,0.10378408103490634,0.10205011397555525,0.10162886570971448,0.10287317748523718,0.10582317297055154,0.1115707663444279,0.12207131004427159,0.14004836654924926,0.1524402864575376,0.17562446129611828,0.20339511323783596,0.21194367854011092,0.21570958784648994,0.2207354948555348,0.22522677981498937,0.22717208706265965,0.22557260061263726,0.2199034136746281,0.21310437824469342,0.20785939699769873,0.20407137722024643,0.20121604352216893,0.20941687931075822,0.20809728232540559,0.20737631261494494,0.20728570060945004,0.2090518295639615,0.21539043948359352,0.22650538792132183,0.2435587683401458,0.26606819752250815,0.29668596661090246,0.3268695216986194,0.3744502626196515,0.6404063574623757,0.6756586482512844,0.6930398912517418,0.7062083941074078,0.7129722231902939,0.7117387811405401,0.7030305420922002,0.6909597660239392,0.6735539515193185,0.6554923656883507,0.63673336966294,0.618642432574173,0.6015082023477237,0.5857801165341047,0.5709070844665239,0.5575668721173159,0.5458489130123731,0.5338736320744041,0.5229622735570978,0.5132976056422317,0.5036043644327909,0.4954770203991209,0.48924935623229004,0.48478174876859975,0.4835614830235751,0.48481078995914934,0.4860420006556799,0.48898513015880024,0.4948025454793573,0.5021115085687957,0.5109590901633846,0.5198055137988181,0.526236535533082,0.5298340692711743,0.537269898335518,0.5462178274777812,0.5524452866321365,0.5575164925573026,0.5619594118186536,0.5652073607308847,0.5641629959565697,0.8097301167685259,0.805857564711464,0.7984148945723618,0.7929659982808173,0.784553044792763,0.7773571619058648,0.7721838503107078,0.7601743547755483,0.7642799200504774,0.7638391204644037,0.7660640874364226,0.7683824772669802,0.7698563189775879,0.7684873434308597,0.7662668719378023,0.7623635108763678,0.7579479586646044,0.7526951824107632,0.747069806811974,0.7416428438938878,0.7355483635420929,0.7288537540825106,0.7219328829333332,0.7137996426685188,0.7056522471293242,0.695926289342421,0.6864919389722396,0.6784393904971344,0.6748090474431507,0.6740629687512647,0.6799313056548209,0.6899979474570204,0.7019547936435148,0.7139198584669184,0.7205415642281413,0.7239427519414964,0.7289038264497251,0.7348028836852408,0.7326249056421121,0.7310814961249574,0.7339374155809025,0.7418230982925357,0.7493893105197753,0.7577525417037574,0.7662419256932437,0.7713036898928743,0.7748594473989096,0.7799236312964163,0.7848963471746766,0.7916417687523349,0.7960951817836308,0.8031252819754041,0.8120416081883018
34,-0.037753396502891216,0.863948358152621,0.8795368010485257,0.8819670157330484,0.8849148336097195,0.885859226676415,0.8847047011558017,0.8821819637149683,0.8781472782106268,0.8718489808400075,0.8670078638808303,0.8674717056357101,0.8776510999364918,0.8909338568126668,0.8978093118630044,0.9007575397270029,0.9010216827726273,0.8954998573449637,0.8935342006528258,0.9141719020590804,0.9534338490164177,0.9790730494056812,0.9837042072120962,0.988131567535445,0.992337059113431,0.9943759415992547,0.9971154033536501,0.9983986747363046,0.9983461658016918,0.9995621143833305,1.0,0.9988287607725387,0.9795824670793256,0.8532652700991552,0.6194326196309171,0.4092564993372894,0.2636035353269429,0.18395201129611272,0.14614130048571175,0.13339114592289997,0.12691384843630876,0.12421278185403571,0.12323500278196704,0.12230212397806452,0.12150902020517018,0.1229783354489342,0.121316621608135,0.1184688524030846,0.11578936883490275,0.1139191283252767,0.11228361870923088,0.1108294707430033,0.11026438900327105,0.11168318119685681,0.11422169080501851,0.11592113405121705,0.11568872708063316,0.12735723088249667,0.13476983010113605,0.14308012715841406,0.15184043386173113,0.15184045063490734,0.1514723994872361,0.14742464447175058,0.14308098070277364,0.13805692983247145,0.13235852980347526,0.12680888568022244,0.12180191790373228,0.11781815478674337,0.11502156491869604,0.11331136585278904,0.11292282874252176,0.11420182000355665,0.1171969850579326,0.1229968794149489,0.1335674043347569,0.15162072144167546,0.16410842265135583,0.18740733629751077,0.21530263982677478,0.22391082855145042,0.22771557182027732,0.23277826421443928,0.2373046607413796,0.239275483125948,0.2376951926036093,0.2320393381178969,0.2252501853540422,0.22001846443510115,0.21624674949348224,0.21341275259348325,0.22161265497895027,0.22028660477770953,0.21959403929122187,0.21952648990806722,0.22133318230944213,0.22771285735833288,0.23888222696373196,0.25599558624008606,0.2785709024260634,0.30923264306972864,0.3394083223867046,0.3864878740004508,0.6506253098666073,0.6859701950426486,0.7033315252860249,0.7165141507122524,0.7235471562099125,0.7223757748903596,0.7137191266015777,0.7019044961650115,0.6847881781490048,0.6669211966120855,0.6483525150923445,0.6304163908102264,0.6134122231933746,0.5977925684581284,0.5830087527282996,0.5697512046678349,0.5580916179506785,0.546184111003342,0.5353412899652478,0.5257365387584562,0.5161065187304399,0.5080348106664694,0.501845897414236,0.49740152831101675,0.4961960335987109,0.49743863381972087,0.49865770982724106,0.5015802833083189,0.5073649969064542,0.5146273708728751,0.5234225308050756,0.5322144618844716,0.5386150903874194,0.542215574027181,0.5496295242907477,0.5585388677125341,0.5647246833805687,0.5697465289242774,0.5741074320139218,0.5771218686916427,0.5756903784686451,0.8188149452624771,0.8151902508252531,0.8080238347010804,0.8028775163296791,0.7946571843946999,0.7876073454400235,0.782457160309892,0.7704718124241007,0.7745692749314328,0.774140922127515,0.7762545061296797,0.7784242835558932,0.7797742602891217,0.7783731931545517,0.776132432396915,0.7722599800123158,0.767876926480392,0.7626874202497975,0.7571369237370519,0.7517952627367783,0.7457957424848125,0.739197792589832,0.7323844737149133,0.7243745020278034,0.7163533922269947,0.706779180566928,0.697471899221239,0.68953811279883,0.6859686787842484,0.6852144169677916,0.6909851813251676,0.7008785514133399,0.7126350738171194,0.7244037471795904,0.7309487366466422,0.7343378174252139,0.7392542345961439,0.7450805477870087,0.7428558444915924,0.7414352890246151,0.7442716300991701,0.7520728602604108,0.7595173091217532,0.7677208306970486,0.7761361527059153,0.7810945044106521,0.7846256170200805,0.7896094174511572,0.794475092924077,0.8011013411393537,0.8053440318254282,0.8121775481348652,0.8209335394364612
35,-0.02557604901165263,0.8485520209610937,0.8634005250194832,0.8651573773328091,0.8673979648109197,0.8677583813746736,0.8661892004134062,0.863195146865628,0.8585961235464994,0.8515427447714095,0.8460667893927264,0.8464133425993333,0.8574993771961152,0.8724210190670886,0.8804472909174799,0.8839263854990081,0.8840591446537202,0.8772971325019371,0.8745002358828613,0.8967764628321631,0.9405759176664324,0.9707301897022896,0.9760984462998324,0.9815568901164109,0.9871012824874525,0.9897008858987371,0.9939061896624755,0.9964841773676826,0.9976036492541763,0.9980255612268621,0.9988287607725389,0.9999999999999998,0.9870256548112422,0.8735842330854465,0.6500955783228213,0.44473677810552364,0.3009215452783362,0.22180843595630934,0.18417523192300334,0.17154626783265856,0.16518628308073188,0.16256428916897292,0.16168581396399312,0.16085070512371022,0.16015461243958715,0.1617194782167576,0.16015572964022928,0.15738400148262813,0.1547903554510509,0.15299609130970473,0.1514301072512289,0.1500462114900452,0.14954951115718468,0.15102505654497633,0.15362629655846832,0.15538084972796587,0.15520234193583254,0.16689785227149245,0.17435099620433267,0.1827072308936197,0.19151189348520176,0.19156466690901733,0.19124139777011076,0.1872480554446657,0.18295106479864168,0.1779741346976794,0.17232048857382934,0.16681377556900015,0.16184423100785467,0.15789699402651375,0.1551379073361867,0.15346251388237597,0.15310740327105649,0.1544163927745407,0.15744212072293864,0.1632614847750456,0.1738431785917684,0.19185932429290078,0.20435124037826405,0.22758344881277684,0.25535287791048294,0.2639385907245998,0.2677352509264917,0.2727780267869617,0.2772810402935931,0.2792526919171878,0.27769845469003596,0.2721022247759208,0.26537821710666354,0.2602016287072722,0.25647313102174,0.25367507345238377,0.261794618207612,0.26048416051097256,0.25979146229664307,0.2597512399095714,0.2615710973707655,0.2679127353654445,0.2789910524275311,0.2959365831325779,0.31825504169401597,0.3484897431445387,0.3781243111730629,0.42291711037378105,0.6774457571219256,0.7126663725812963,0.7296946588440265,0.7427669989433013,0.7502019447832314,0.7491922992515003,0.7408312538739935,0.7298526849949454,0.7137291605568017,0.6966742791453429,0.6788892549957455,0.6616471484875036,0.645266143024411,0.6302019088693466,0.6159138828217123,0.603087880223349,0.5917723803476733,0.5802232928097216,0.5696965144617828,0.5603408569677677,0.5509666638949652,0.5431087818531536,0.5370739337851986,0.532733958493297,0.5315559519399141,0.5327636603264083,0.5339586759876555,0.5368104886520931,0.5424407724840125,0.5495028099666085,0.5580393181466947,0.5665642085942157,0.5727502104203536,0.5762144405210803,0.5833821448711517,0.5919797943965286,0.597925893268753,0.6026929385863794,0.6067551723959693,0.609127788625147,0.6068288184058008,0.8384919850440463,0.8355871016056382,0.8294615897295805,0.8250699839133638,0.8174169024797282,0.8107916354014533,0.805841166408448,0.7942550842678653,0.7986031031034687,0.7984551767296921,0.8005996072972522,0.802740327403383,0.8041072089777486,0.8028571089835876,0.8008053441711831,0.7971789845351556,0.7930541653087303,0.7881588354645972,0.7828911576516532,0.7778140672698552,0.7721064012171823,0.7658257959004762,0.7593075021983473,0.7516480149339415,0.7439566758392829,0.7347719148957554,0.7258239630692835,0.7181813626999118,0.7147577680280411,0.7140413850611347,0.7196106784626972,0.7291488812827408,0.740429457254722,0.7516943459408402,0.7579107506230311,0.7611017203581615,0.7657170221166929,0.7712280136465891,0.768934863092494,0.7676877313112639,0.7703470660503527,0.7776839649274044,0.7847773204000204,0.7924902414935595,0.8004405993858643,0.8051002295656979,0.8084307224254752,0.8130784820192867,0.8175567331536832,0.8238493914346514,0.8276382725577957,0.8339488992941274,0.8423992067421361
36,0.032648301620856635,0.7880404077382196,0.7990870871447139,0.797930617103146,0.7968900640719452,0.7944583858005183,0.7909371330641339,0.7858839646615724,0.7789050242812622,0.768861310945448,0.7608522121986412,0.7607943432235481,0.7757517575008734,0.797670831075172,0.8108739856056718,0.8165481053372837,0.8158157387414402,0.8033541232484835,0.7961884527254592,0.8234409034106892,0.8828786119866912,0.9287467180887852,0.9360788684203734,0.944791855105457,0.9546970936926094,0.9584988161564791,0.9675316468460728,0.9744537990455906,0.9796190957704838,0.9770389700078813,0.9795824670793256,0.9870256548112422,0.9999999999999998,0.9393081502537345,0.761053642502715,0.5787004520019872,0.4448057389305685,0.36927831942705314,0.3329583056437988,0.3208241048089678,0.31479707899476056,0.3123794383583994,0.3116964552654291,0.311053928648008,0.31055757680268453,0.3122399352840083,0.3108644406526715,0.30827543224156445,0.30587470206601736,0.3042405967223368,0.3028262662026128,0.30157804603951843,0.3011892242694611,0.302718144469356,0.30532926245932307,0.3071010292683177,0.3069980050311417,0.31839297966787317,0.325646868668705,0.33377809401252967,0.34233182862631745,0.3424390226539595,0.34216546065777614,0.33835282420809915,0.33424307223916033,0.32947110711905814,0.32403573846744266,0.3187371267459695,0.31395123440676054,0.3101530827995963,0.30749762737079106,0.3058897370997147,0.305562488218062,0.30684492356851634,0.3097834020900834,0.3154196084498535,0.3256404782390457,0.3429047881173982,0.35489349874178955,0.37703588164575325,0.4033117866873805,0.4113987409801117,0.414939369396632,0.4196441023601011,0.4238266170170739,0.4256321865243315,0.4241235905608634,0.4188219619418342,0.4124644141108923,0.4075482537081372,0.40398810875535607,0.4013255989067221,0.4089217148064887,0.40765711990310255,0.40691274669444677,0.4069140804134457,0.4086472611986989,0.41458186857303325,0.42488795565183973,0.44061454521171134,0.4612123230012855,0.48885294134342167,0.5155427935529964,0.5510599812819065,0.7640797438206519,0.7976635383585603,0.8129472682539797,0.8249350583301845,0.8327469656744003,0.8321662405405633,0.8252782223445508,0.8172196365412929,0.8046880273416054,0.7908855345509681,0.7763122614346948,0.7620152317905255,0.7483660640072025,0.7357327601731845,0.7236821817991763,0.7127826768749028,0.7030885232685807,0.6931752423062097,0.6840334433351452,0.675807441583182,0.6675654077348113,0.6606376834649084,0.6552849794262102,0.6513974355480832,0.6503122189189782,0.6513553193307353,0.6524440891306961,0.6549950429241845,0.6599326154999208,0.6660775531971683,0.6734608218609408,0.680833421149346,0.6860607010710152,0.688888932256002,0.6949143778595148,0.7021329851676344,0.7070616653038888,0.7108883255552085,0.7139482706520514,0.7144906362843726,0.7097926209842349,0.8918948999321962,0.8912417402689784,0.8889506760275842,0.8868465862088559,0.8810947781577709,0.87601825754032,0.8721945546391021,0.8626944605247048,0.8680055403036971,0.8688922990717615,0.8714207730467906,0.8739368130476836,0.8758547945388556,0.8754519977863323,0.8742756989485664,0.8717462461845542,0.8687607617911596,0.86507035437708,0.8609585550936373,0.8569591488981375,0.8523498598291204,0.8473071494458537,0.8420196981863214,0.8357406193014849,0.8293403283350661,0.8216679438944545,0.8141320066988553,0.8075630189050911,0.8047270132189895,0.8041470487578781,0.8089740343889055,0.8172067996472046,0.8267197386189612,0.8359899189518397,0.8408189376421348,0.8430304742925446,0.8463557680609839,0.8504602660276297,0.8479142470559249,0.8472730745950764,0.8489668575271865,0.8545669939377273,0.8601825496851466,0.8661710004728022,0.8723480415090458,0.8756095250017936,0.8780812978055528,0.8814407677879067,0.8845567824303041,0.8894975517116234,0.8917431095918509,0.8964338945317658,0.9037570778513844
37,0.1720798478823631,0.5983009132982241,0.6004845544853094,0.5929281303440622,0.5851626010908333,0.5770608265364076,0.5695510699336069,0.5602834497179069,0.5485447876759161,0.5327305026801082,0.5198579377608696,0.5190190295322235,0.5416607219612635,0.5781247371352094,0.6023464089769248,0.6126482334509598,0.6098394459618457,0.5848414274312678,0.5671303008959894,0.6014163948814601,0.6881807521797277,0.7627325580744369,0.7726415711686728,0.7867364475349911,0.8044289694974207,0.8097089716949915,0.8276453673221238,0.8428994306605135,0.8558980106878513,0.847623510024633,0.8532652700991552,0.8735842330854464,0.9393081502537346,1.0,0.9368269178857445,0.8219732654522215,0.722666020022792,0.6623550840864654,0.6323467156289607,0.6222331267727248,0.6172501630099013,0.6153230646012925,0.61485874021521,0.6144198723488312,0.6141227907261378,0.6156005339695557,0.6145179548526556,0.6123823554052846,0.6104122146513309,0.6090643924155059,0.6079019632407957,0.6068605950287334,0.6065329885091924,0.6078196316763375,0.6099738847541991,0.611412604871457,0.6113249950644416,0.6206888481429237,0.6265992548559306,0.6332182862507925,0.6401633383063375,0.6402227185291205,0.6399313842138523,0.6367608969798149,0.63334161723613,0.6293699599071035,0.6248513180504942,0.6204216634373315,0.6164091415767032,0.6132003818523823,0.6109247394573987,0.6095104061174351,0.6091524634501227,0.6101139737100478,0.6124321469893298,0.6169440195532652,0.6251630936167456,0.638869356549765,0.6483097970140822,0.6656231015465757,0.6857228179746125,0.6917228280513887,0.694196527351912,0.6975596618216895,0.700489665928953,0.7016375761111995,0.7002664340951084,0.6960685921727799,0.6910858463231822,0.687148485119809,0.6842331315174279,0.682120285437809,0.6877305938068617,0.6867228009577107,0.6858348293190584,0.6858546373357868,0.6871192519333695,0.6914413076604747,0.6988721985938631,0.7102009295256614,0.7247935197447292,0.7438179632346712,0.7612397923657548,0.7729568686165265,0.8752818005759597,0.9023648258654585,0.9125969903720657,0.9212519236498751,0.9290596548964192,0.9294164972029417,0.9262812506260638,0.9252049386900906,0.9214546293748127,0.9158385883186981,0.9094584447921722,0.9027637857895917,0.8962138903142162,0.8899878532446914,0.8838830589463949,0.8781506381135845,0.8728293576233244,0.8673395245719396,0.8619903852656925,0.8568660506620388,0.8517306473130873,0.8473645104387466,0.843907908253105,0.8412644819342388,0.8404173626496939,0.8409505083921627,0.8417155420537746,0.8434125529267744,0.8464337475924136,0.8500439262302804,0.8542375401916767,0.8584602774584073,0.8611190193884434,0.8622626102910972,0.8652285759588993,0.8687522450249947,0.8710411522749623,0.8724681927768574,0.8730738429376005,0.8696584476699452,0.8605606573059732,0.9210276390723935,0.925031200484014,0.9306366986336571,0.9334693584495721,0.9320300216128097,0.9305592728754891,0.9292723716698283,0.9251261968069971,0.93236788427613,0.9357814395572853,0.939359929012596,0.9429249909561117,0.9462895363172201,0.9480695402945678,0.9491880168777459,0.9493368758956108,0.9491204331097358,0.9483397104875368,0.9469561071728722,0.9454907753877065,0.9434741143688192,0.9414080114555782,0.9390325305586539,0.9361219908796703,0.9328694470128278,0.9288566998366093,0.9248050875977913,0.9209888979131264,0.919534986963806,0.9192911360576084,0.9222635493202483,0.9272355937902077,0.9323951676720699,0.9368764324439445,0.9383151994886887,0.9380655146171929,0.9381022074593691,0.9388412491176948,0.9359094056531827,0.936524327120639,0.9358706516118809,0.937163812709648,0.9392742741963794,0.9412666105250913,0.9431692411205344,0.9431751869443392,0.9435093678606525,0.9439197076790516,0.9439229316626367,0.9456365003480564,0.944771410500325,0.9457195354114234,0.9503664008626397
38,0.29993323797634175,0.3354483155814424,0.3283584264454341,0.31509674005712923,0.3014287618647562,0.28850195655592475,0.27781694484922775,0.2652900702815111,0.25004964915021305,0.23027583934621806,0.21394401883032846,0.2124259885826784,0.24022050396191966,0.28738105867380587,0.3201163195791952,0.33393797776319417,0.3291819860746436,0.2940303612019658,0.2671883289317102,0.30390366583654005,0.4072171836080206,0.5012399178256907,0.5122077128778255,0.5297603429991177,0.5529145519449458,0.5588074128993943,0.5834266780807231,0.6052156524385017,0.6244744648212106,0.6114083509125063,0.619432619630917,0.6500955783228213,0.7610536425027151,0.9368269178857445,1.0,0.9689042395954064,0.9179553216813945,0.8811537216653146,0.8615071592039261,0.8547081616436294,0.8513278517737435,0.8500506950247773,0.8497562558250926,0.8494704377492568,0.8492832805364307,0.850256312898262,0.8495082691841083,0.8480300337642125,0.8466579402060389,0.8456873446444063,0.8448393250194967,0.8440605888019513,0.8437556457180359,0.844544837012504,0.8458703547212837,0.8467173102433612,0.8465839289838715,0.8525907524064807,0.8562907614668419,0.8604307110945432,0.8647360947863649,0.8646688150087745,0.8643344421909667,0.8621700310280438,0.8598429670784649,0.8571550400350033,0.854111442658398,0.8510982134685948,0.8483483717251731,0.8461122142768424,0.8444703926136697,0.8433886169180588,0.8429915895236324,0.843450735265914,0.8447809796383483,0.8475071168200133,0.8525469985370211,0.8608094028787241,0.8663204673175283,0.8763693103181085,0.8874682702217683,0.8904651725008151,0.891466798550516,0.89297074956439,0.8941917816195627,0.8944735777224413,0.8933906218046055,0.8908374400937904,0.8878704512562601,0.8854080958241736,0.8834994840753513,0.882205591628565,0.8850616030534848,0.8844624968494672,0.8835299127553806,0.8835131012355331,0.8840686780796161,0.8861297785584618,0.8896085806662728,0.8949453280650632,0.9014604221109461,0.9092286341262067,0.9149780757217204,0.9016151860065833,0.8783976035415764,0.8953345515189831,0.899157192789957,0.9032073516506967,0.9097267906668277,0.9108967991318596,0.9120330927978604,0.917991438730912,0.9233963225011225,0.9267019335853178,0.9293524733981238,0.9311640967867396,0.9326269849042076,0.933681495042294,0.9343758437623595,0.9346135555850733,0.9344261160082339,0.9341099817004789,0.9332646937042854,0.9319232743340492,0.930553725586915,0.9292951690459965,0.9281723256418128,0.9271002617514584,0.9265692126051042,0.926487946254178,0.9268172786528798,0.9274448093497097,0.9281569458082356,0.9287525418930876,0.9292000678363823,0.9297156032411135,0.9294504767591151,0.9287498229131825,0.9282309880192,0.9275872505260185,0.926958352459768,0.925855915444624,0.9239930592101803,0.9172918309268399,0.9052260072232206,0.8347977905471295,0.8427454209163663,0.8554861911410357,0.8627180656163045,0.8656743469928859,0.8679429593441984,0.8694413444708322,0.8713271132752076,0.8796348280040908,0.8851694233631694,0.8894734995674762,0.8938359066859279,0.8984506650385657,0.9023253967619078,0.9056742425983372,0.9085713535642465,0.9111871579426234,0.9134335649777042,0.9149462334379428,0.9161732532659328,0.9169492749908473,0.9181253079219875,0.9189391449787611,0.9197394654614451,0.9200125079643681,0.9201442648453272,0.9200832853165549,0.9194772288649088,0.9195376623935108,0.9196731733043124,0.9204391401202183,0.9215855080265328,0.9218048735671309,0.9209662326457143,0.9187897546230387,0.9160027819505886,0.9126447209565218,0.9098826137505484,0.9069797991842363,0.9087366123519339,0.9057236128529332,0.9024910881853789,0.9008219313158322,0.8986174321028225,0.8960330090048023,0.8927764278430971,0.8908822313658785,0.8883130718825614,0.885238777969332,0.8835056764937709,0.8796492796757337,0.8769655601672562,0.8783819037479318
39,0.370223454123719,0.1290882932891952,0.11593492913148679,0.09950105453128434,0.08257615218354653,0.06711077931929904,0.05494504318431375,0.040979226643259946,0.024365912196348646,0.003237359397706297,-0.014368555735530707,-0.016305823728191338,0.013051017603686436,0.0643489944618813,0.1007171791866774,0.11592440447509286,0.10999832724693806,0.07003782582128665,0.03845741254373833,0.07387742550549094,0.18079579413668745,0.28117722262695566,0.291914561809523,0.3104653643110511,0.3355607448791382,0.3413443905995055,0.36877446425247506,0.3935302242648554,0.41571399583784263,0.40017074061001956,0.4092564993372894,0.44473677810552364,0.5787004520019872,0.8219732654522215,0.9689042395954063,1.0,0.9873387223253615,0.9702225073304765,0.9595146948257068,0.9555748562450646,0.9535274441420479,0.9527458138990514,0.9525210675628324,0.9522936758775619,0.9521209171849273,0.9526046659138776,0.9520829400098435,0.9511282153472072,0.9502174624457815,0.9495304805154049,0.9489126247993566,0.9483237764973215,0.9480075707467417,0.9483404505298154,0.9489327518652706,0.9492565362312896,0.9490394876986645,0.9522129031757227,0.9540083717579084,0.956007179077221,0.9580260272577927,0.95779738674398,0.9574005171778865,0.9560683383768999,0.954654750838452,0.9530513149522164,0.9512571865895183,0.9494512733483644,0.9477783612277605,0.9463712474550801,0.9452761052918045,0.9444783418105964,0.9440467796427192,0.9440779110000106,0.944570368176299,0.9457956413171864,0.9481873337384347,0.9519830983501637,0.9541842545626693,0.9582269851908517,0.9620211242007111,0.962575306282279,0.9623948288537165,0.962429512284477,0.9623091885838774,0.9619292463375413,0.9611066170814434,0.9598849407564722,0.9585453782862394,0.9572899379336702,0.9562154434822708,0.9555710961222967,0.9562819631825408,0.9560417709879805,0.9551544660330136,0.9550685781368027,0.9550193068979942,0.9552832049756752,0.9556674826139143,0.9563410064610343,0.956632696268182,0.9558929446838965,0.953069740833422,0.9239064427453694,0.8147764490682717,0.823001290097793,0.8219131499701823,0.8222288133522689,0.8269520862662716,0.8285314412333896,0.8326462369983385,0.8428606258569702,0.854021182063824,0.8632259322826328,0.8719104875264643,0.8794984282156134,0.8864393581501999,0.8925015209470533,0.8979039794378543,0.9023025061073294,0.9057499183302595,0.9090664999657285,0.9114223209801136,0.9128430530404558,0.9141925172230488,0.9151816690805731,0.9157627541766008,0.9158720679613724,0.9155877420814099,0.9150696856835846,0.9150622162290378,0.9149008136333845,0.9139590135390733,0.9124247326680011,0.9102351460294027,0.9081409925019684,0.9058674622672357,0.9039397586316107,0.9010183919495443,0.897540103497635,0.8949689509786725,0.8922718681685945,0.8889525317436072,0.8808301558811108,0.8681362313496737,0.7109388315296576,0.7209412557399324,0.7375295737318044,0.7471408778725992,0.7527812047188187,0.757435607256125,0.7608077876909574,0.7667294836212064,0.7752167714484895,0.7817476090442947,0.786268528332951,0.790950364779185,0.7961953264313916,0.8012880583538174,0.8059658622919041,0.810578409782602,0.8149989916853921,0.8191639954869054,0.822570922924899,0.8255510464216744,0.8281804555619368,0.8315223007602416,0.8344786879625069,0.8377860790641141,0.8404949329622791,0.8434677927818917,0.8461797613002072,0.8478322308987127,0.8489076184407744,0.8492827970945658,0.8484729627878155,0.8468938322501589,0.8436902592551839,0.8392506965770065,0.8346975010473612,0.8302945551192802,0.824785667666275,0.8197752349886669,0.817164067315361,0.8195300694462945,0.8150632675650373,0.8089302262074123,0.804788492190633,0.7999459717810777,0.7944505879371623,0.7891726947748405,0.7858625968229791,0.7814433486260902,0.7765204726252902,0.7725158062811699,0.7669390602936978,0.7619628525473937,0.7611077468021896
40,0.40539734526985516,-0.004533315063629123,-0.021182138712447923,-0.03903345078795468,-0.05736512736043942,-0.07380982057416235,-0.08649864962846568,-0.10092208826409733,-0.11786459307206144,-0.13917410488819232,-0.1569807903719991,-0.15907561774298515,-0.1296139655350825,-0.07720355744453908,-0.03956939980039766,-0.023891764188503636,-0.0303619940250942,-0.0722071756145851,-0.10595921555831274,-0.07268225636756005,0.03286047204196551,0.1338424040965275,0.143967328522122,0.16245095166869744,0.187882379177924,0.19335302829310735,0.22161889073315025,0.24742779364786502,0.2706959909189863,0.2541667200807893,0.2636035353269429,0.3009215452783362,0.4448057389305685,0.722666020022792,0.9179553216813946,0.9873387223253616,1.0,0.9962199988807452,0.9917616790196725,0.9898298360768699,0.9887382422509443,0.9882941878226306,0.9880961118442484,0.9878804119181261,0.9876800700732499,0.9877871071513803,0.9873914278269715,0.9867793897806406,0.9861648078362598,0.9856514808388553,0.9851670851618377,0.9846856229098755,0.984337340069712,0.9843178871366425,0.984373423685522,0.9843125616991489,0.984011551546406,0.9851687943801113,0.9856270742125279,0.9861173929443267,0.9865319166883826,0.9861794078003453,0.9857292703409167,0.9849610834130599,0.9841701346400501,0.9833111332827289,0.9823765118989992,0.981403709714176,0.9804748825992177,0.9796395143271803,0.9789197876875544,0.9783154941173738,0.9778516483484457,0.9775778474521347,0.9774779393310636,0.9776520942329238,0.9781868532464508,0.9789084649410623,0.9788337040090747,0.9787756318043052,0.9776350400062651,0.9765483461785973,0.9755763745900622,0.9746307225780434,0.9736151976768436,0.9727950331541638,0.9721472121813199,0.9718123667177061,0.9715526425776125,0.971101094458716,0.9705878758784519,0.9703833028485385,0.9696689546709687,0.9696289915591504,0.9687762363862349,0.9686317195814611,0.9681709901802642,0.9672305820417425,0.965563470982798,0.9631508861867256,0.9593661585994059,0.9531092559196295,0.9447788898962688,0.906353031373006,0.746125287466665,0.7486379803457948,0.7445477409824076,0.7425319420842383,0.7459851098251509,0.7477597105626821,0.753594503144234,0.7661516493322659,0.7805658609353662,0.7931709309856163,0.8053652407407129,0.8163344217644214,0.8264951566858831,0.8355135904924036,0.8437093736051026,0.8505858907472325,0.856204989312816,0.8617068086925147,0.8660018268186961,0.8691019901393946,0.8721186531585274,0.8744880626543816,0.8761180392234647,0.8769588688795285,0.8768412651343085,0.8760614484542921,0.8758557561171155,0.8752061292277679,0.8732523299676803,0.8704248296037771,0.8666424901669786,0.8629705888463377,0.8594943403141747,0.8568278864550086,0.8524684966180768,0.8473011494483655,0.8435675965521303,0.8399237514442502,0.8357639744091779,0.8269792048169788,0.8143186070203636,0.6082746253912942,0.619211372645643,0.6375820870038007,0.648329879419678,0.6554410985353287,0.6614023756143809,0.6657985371904156,0.6740562771334534,0.6823922768367168,0.6893602493314855,0.6939168203505048,0.6986812932418284,0.7042086457872732,0.7099307904236773,0.7153146815602038,0.720861639916764,0.7262756553908262,0.7315104833319623,0.7359816842554767,0.7399439929298834,0.7436270032396644,0.748194415151046,0.7523638119196338,0.7571084553497919,0.7612130708559606,0.765826522822158,0.7701579118515337,0.7731472620240637,0.7748042193055644,0.7753236856890516,0.7735757766711882,0.77039424266398,0.7651963469087404,0.75868142598648,0.7527966952209161,0.7475283919004293,0.7408234809593696,0.7345753463995146,0.7322161643365839,0.73484911575904,0.7296032596430101,0.721846248507955,0.7163057290719717,0.710005361880929,0.7029014733009976,0.6965316028349199,0.6924392701018497,0.6870091824521729,0.6811271454270205,0.6758554632050418,0.6693496051374246,0.6631946786664606,0.6609679429474141
41,0.42141412614377965,-0.0745760748986321,-0.09314164400302587,-0.11150398380125456,-0.13036006386740787,-0.14711436176119913,-0.15994343947987455,-0.1744727868943303,-0.1914008446216263,-0.21256651667951712,-0.23026230541413537,-0.23238588193149717,-0.20314564902182827,-0.15064419793638306,-0.11266238389173973,-0.09680872346319397,-0.10345916952703685,-0.14588420175210337,-0.18048585114974972,-0.14877427854760208,-0.0451826240158331,0.05493628120958,0.0645810379141679,0.08278802054469105,0.10808552766713053,0.11329695405587571,0.14167171883002383,0.1677507411439206,0.19132044147934135,0.17443885782631713,0.1839520112961127,0.22180843595630934,0.36927831942705314,0.6623550840864654,0.8811537216653146,0.9702225073304767,0.9962199988807453,0.9999999999999998,0.9990618664695934,0.9982974179253209,0.9977807822521102,0.9975372198920863,0.9973551632647389,0.9971452530213429,0.9969239338719574,0.9968009752734204,0.9964584592389344,0.9960210168001326,0.9955633068928165,0.9951336232228453,0.994708709626476,0.9942766097328976,0.9938943783702197,0.9936544999283397,0.9933924395437559,0.9930985902228425,0.9927308066356403,0.9927244892115079,0.992404371963381,0.9920225664647128,0.9915061506458335,0.9910738510104842,0.9905834973935737,0.9901245184573634,0.9896798916360404,0.9892369337061027,0.9887867886457634,0.988284473879176,0.9877757180356533,0.9872629364401989,0.9867555047145492,0.9862586460709761,0.9857685472068762,0.9853169940084133,0.9848718815989023,0.9844428947123369,0.9839093964584356,0.9828989565606978,0.9815313101565912,0.9791553911078869,0.9752488062813819,0.9732367198950439,0.9718175154194011,0.9703275493504727,0.9688158232818884,0.9677445182515866,0.9671855092861357,0.9673282858725037,0.9676589737482502,0.96764591629113,0.967433933238061,0.9674583655300328,0.9659926060636949,0.9659981425676369,0.9651603572519788,0.9649697189041908,0.9642680861767009,0.9626527547974627,0.9598477327428385,0.9557383697500763,0.9497236134935346,0.9404797082424949,0.929203927039692,0.886110384258142,0.7003725734619188,0.6999167217487202,0.6943267142449341,0.691072082169032,0.6937776757261174,0.6956153260416792,0.7022926584487479,0.715896744663323,0.7318327650659888,0.7460727032625628,0.759965467684577,0.7725834505702422,0.7843249621605333,0.7948003648248866,0.8043758342701957,0.8124861811577345,0.819184803946463,0.825778183086064,0.8310461310320053,0.8349963271034365,0.8388527019681805,0.8419264664017362,0.8440900366541113,0.8453051904532629,0.8452788974469799,0.8443812333291995,0.8440841905583217,0.843195152280774,0.8407315418668171,0.8372532259525891,0.832673106191184,0.828208207574268,0.8241284550069659,0.8210791989540224,0.8159924987016156,0.8099820354664682,0.8056549407642498,0.8015444380817044,0.7969778252795741,0.7879507369923091,0.7754645349627023,0.5462966331687329,0.5575244674435852,0.576592600711862,0.5878253256356496,0.5955851954844493,0.6021502423358105,0.6070308631439177,0.6163501242813383,0.6245693487021513,0.6316808381306473,0.6362272450212575,0.6410002968598784,0.6466368831931606,0.6526335882837725,0.6583378740153728,0.6643253502251059,0.6701990713422095,0.6759253571943654,0.6808970686626991,0.6853209647472042,0.6894988368951908,0.6946459036268641,0.6993776647598273,0.7048058636418649,0.7095781227087414,0.7149701245820331,0.7200730935351732,0.7237035889049414,0.72564923147232,0.7262407997362152,0.7240396213767136,0.7200932698582677,0.7139305610233638,0.7064483833427725,0.6999467150009703,0.6942914176587924,0.6870406562606087,0.6802120968661972,0.6780135422240193,0.6806924875580658,0.6750975327555929,0.66659722124151,0.6604178032964182,0.6534200988489134,0.6455547794731107,0.6386960515757397,0.6342451770561524,0.6283481864162009,0.6220372513190872,0.6161662211525479,0.6092679410413926,0.6025737497313176,0.5996447696480861
42,0.4279225616004066,-0.10757905617836713,-0.12718441073415004,-0.14570389346979495,-0.16475895481208086,-0.18160189530466245,-0.19446794011413784,-0.20899105036413818,-0.225857466041493,-0.24689412807147357,-0.26447584333387697,-0.26660115451142397,-0.23757704458692838,-0.18524538603020232,-0.14722506821644907,-0.13131773150691606,-0.13799062774528573,-0.18051194034315562,-0.2153393073744822,-0.18438293204316195,-0.08192914867645021,0.017574770279039087,0.027013740302442225,0.04508993021685356,0.07029119714236544,0.07540718188248167,0.10379461038312023,0.12996231742232972,0.15364120432406053,0.13659381977319723,0.14614130048571178,0.18417523192300334,0.3329583056437988,0.6323467156289607,0.8615071592039262,0.959514694825707,0.9917616790196724,0.9990618664695935,0.9999999999999999,0.9998026346207644,0.9996127936900844,0.9994857436097033,0.9993342348762874,0.9991485111589193,0.9989333992212608,0.9987183947606934,0.9984091757163109,0.9980654821694445,0.9976911414508958,0.9973125064242568,0.9969269092783152,0.9965267475052519,0.9961351869802014,0.9957928260222343,0.9953849561745677,0.9949828706032281,0.9945833763668266,0.9940175288934363,0.9933240834522497,0.9925219656992128,0.9915485699497396,0.9910752034134359,0.9905679907614989,0.9902637010174344,0.9899939220550794,0.9897593602372736,0.9895529634818618,0.9892876905223039,0.9889910364715867,0.9886443207801352,0.9882466726632291,0.9878081351792423,0.9873119484878754,0.9867797276576873,0.9861704931489703,0.985455403618931,0.9844089966079076,0.9825677526823079,0.9805755594509696,0.9770727352102678,0.9718240150182199,0.9693603180425157,0.9677239924770511,0.9659749064334483,0.9642282572093415,0.9630367848177315,0.9625214100451708,0.9628947344729202,0.9635124041459734,0.9637136533103937,0.9636505298525714,0.9637772440032498,0.9619753137263732,0.9619649549560404,0.9611385016396686,0.9609212612809758,0.9601011958238053,0.9581611661394709,0.9548154819254278,0.94989705941827,0.9428271044970123,0.9321768945393296,0.9195245893261197,0.8742476471417006,0.6770541835312266,0.6752415738628191,0.6689645518221942,0.6651432707569341,0.6674736718556317,0.669328592843353,0.6763849685899888,0.6904211608699052,0.7070069822616899,0.72196190737552,0.7366030599060241,0.7499511007923065,0.7623994524181545,0.7735206224087108,0.7837094464961164,0.7923719421320818,0.7995545227828764,0.8066379399812141,0.812346367044095,0.8166873660147419,0.8209309872845032,0.824329370380645,0.826738761264705,0.8281264155253116,0.8281472139394388,0.8272013357861702,0.8268702310091737,0.8258713546983276,0.8231694614321683,0.8193925587680813,0.8144519418215952,0.8096269038842213,0.8052788658933304,0.8020528842209809,0.7966367453154023,0.7902545194978744,0.785658793341724,0.7813409288768108,0.7765947032097773,0.7674861307363384,0.7551143648660638,0.5158211035606721,0.5271579657643738,0.5464978355845693,0.5579416260985042,0.565979235225071,0.5728103015835199,0.577896199168156,0.5876747562117428,0.5957992198863018,0.602922175970915,0.6074340046936675,0.6121720357173028,0.6178252306100557,0.6239142870849179,0.6297315079216206,0.6358903254103575,0.6419644622607938,0.6478983199534154,0.6530871747692527,0.657715646098569,0.662116111171127,0.6675207199573274,0.6725045188455347,0.6782287739078883,0.683308563956007,0.6890419774478175,0.6944971378739973,0.6984185874479614,0.7004955242026427,0.7011233553922428,0.6987198222932888,0.6944139439241019,0.6878258591393365,0.6799024990653222,0.6731327737881779,0.6673289500866174,0.6598529435979552,0.6527749630427945,0.6506493215199334,0.6533425588191114,0.6476113464510035,0.6387960808430158,0.6323356045289587,0.6250349129144817,0.6168485381025778,0.6097894066731859,0.6051812655956669,0.5990782069232012,0.5925988014966113,0.5864530335145304,0.5793609478939256,0.5724510791795211,0.5692164233968557
43,0.42933079727721135,-0.11958637184579286,-0.13962600166830988,-0.1581832721777505,-0.17729714409067582,-0.1941661920870608,-0.20703829906773633,-0.22154169039423913,-0.23837335980200616,-0.25935457713096194,-0.2768932536952181,-0.2790254805044758,-0.2501313979335321,-0.1979617104166574,-0.16001485666612372,-0.1441049471598674,-0.15075621294346295,-0.19321050911112808,-0.22797186557470858,-0.19715684844714762,-0.0949587642665745,0.004464160446862484,0.013925021220484434,0.03203868178563289,0.05727803162319626,0.062432264357053326,0.0909051563578075,0.11715999255946775,0.14093610136080878,0.12378236906887001,0.13339114592289997,0.17154626783265856,0.32082410480896784,0.6222331267727248,0.8547081616436294,0.9555748562450647,0.9898298360768699,0.998297417925321,0.9998026346207644,1.0,0.99986989394547,0.999797315876192,0.9996901675181156,0.9995445742990889,0.9993683379508119,0.9991617234968359,0.998896808768849,0.9985985306552204,0.9982800169983,0.9979444902233803,0.9975958472518623,0.9972275595190632,0.9968571133258298,0.9965041890233982,0.996078928931109,0.9956658369546371,0.9952675397619333,0.994568577570718,0.9937838222692276,0.9928657553995414,0.9917577752304583,0.9912667817661172,0.9907698779441381,0.9905271000569432,0.990326632449903,0.9901745574150684,0.9900595319934523,0.9898866537762698,0.9896737376953839,0.9893944600807824,0.9890484384779342,0.9886438661800449,0.9881611003807531,0.9876190807191555,0.9869741864217085,0.9861862029387141,0.9850121084932725,0.9829543668332326,0.9807742156675001,0.9769191659164235,0.9712538750866585,0.9686379175103196,0.9669366051679009,0.9651161007675394,0.9633070171237385,0.9620891067569104,0.9616011962292343,0.962059956003855,0.9627808690922794,0.9630682011081302,0.9630654104543251,0.9631972445639333,0.9613638187686024,0.9613518846447106,0.9605671695208443,0.9603148006688522,0.9594299543295534,0.9573780276088932,0.9538675983646878,0.9487111414616052,0.9413302863871467,0.9302979409613369,0.9173116747466166,0.8716986998312145,0.670607892415079,0.6683211305403989,0.6617845043789109,0.657723302318181,0.659847922660147,0.6616942433625955,0.66889978610108,0.6830422947126611,0.6997862392447394,0.7149630910250617,0.7298316640772542,0.7434157992375584,0.7560898751436111,0.7674148898183387,0.7777973836803621,0.7866358758126452,0.793989271028689,0.8012240308933746,0.8070696123478718,0.8115609419804,0.8159346321067802,0.8194373837794251,0.8219358150291487,0.8233924141580973,0.8234290599076267,0.8224695618024795,0.8221304094451279,0.8210921609063137,0.8183097955688095,0.8144336622541063,0.8093798421317553,0.8044470205674343,0.8000315080866113,0.7967628009534292,0.791246456555689,0.7847587069666995,0.7801013795516999,0.7757510185257469,0.7709880620703026,0.7619566447152311,0.7496640810370231,0.5065092110339524,0.5178996055753543,0.5374094967543291,0.5489085165425993,0.5570402730410522,0.5639659832251558,0.5691479731878718,0.5791082623320879,0.5871286128287665,0.5942083488327183,0.5986545581403401,0.6033519467391115,0.6089653025969192,0.615048768815918,0.620873102608284,0.627074102874575,0.6331925191391659,0.6391953396462514,0.6444620168000861,0.6491711144202382,0.6536555617157559,0.6591568913438985,0.6642398606360509,0.6700788759241525,0.6752825643797941,0.6811429972187206,0.6867430657520284,0.6907683130553938,0.6928931196366506,0.693526783342976,0.6910377519419971,0.686577275183246,0.6798318545837921,0.6717420819946354,0.6648767170612337,0.6590356916129383,0.6514964699280219,0.6443461126057214,0.6422662399133869,0.6449439283698877,0.6391916782179599,0.6302894943395694,0.6237176984229651,0.6163363493723912,0.6080046872108,0.6008892562495203,0.5962307180757558,0.5900552259826607,0.5835173937033062,0.5772846316739175,0.5701088013122423,0.5630747571509163,0.559693504254282
44,0.4287976046902244,-0.12670212740631528,-0.14703513927540246,-0.16554792956821773,-0.18468251583778622,-0.20155245861692891,-0.21440278268694402,-0.22886114015718145,-0.2456316515199759,-0.26656657937991673,-0.2840492105876831,-0.28618274921839365,-0.25739609379426687,-0.20540811118768973,-0.16755155239466854,-0.15163618385621763,-0.15822881704811118,-0.20052317718450505,-0.23512065578421026,-0.2042720434806489,-0.1021144572320192,-0.0026315915905353007,0.006925801766724169,0.025122885260890012,0.050454992912756534,0.055699737715823525,0.08427035215422866,0.11061932771057027,0.13447707679143392,0.1172283385364834,0.12691384843630876,0.16518628308073188,0.31479707899476056,0.6172501630099012,0.8513278517737435,0.9535274441420479,0.9887382422509442,0.9977807822521103,0.9996127936900844,0.99986989394547,1.0,0.9999311453791654,0.9998757329384351,0.9997747553233849,0.9996431281622109,0.9994629196660162,0.9992457737761248,0.9990012640632713,0.9987327039986895,0.9984397005536795,0.9981303375487447,0.99780153919022,0.9974583787141915,0.9971131186030909,0.996691816515479,0.9962864009568451,0.9959060964268523,0.9951315748019198,0.9943113789820497,0.9933526422682368,0.9921989173581065,0.9917295095786333,0.9912520582915473,0.9910540929987579,0.9909021084074094,0.990801187346667,0.9907417383200373,0.9906242129344519,0.9904618056733443,0.9902260556559533,0.9899145378888983,0.9895358556608463,0.9890704556738581,0.9885319606577809,0.9878784827540491,0.987061450570576,0.9858114790442674,0.9836299722311778,0.9813832380189506,0.9773744910585122,0.9715206020594287,0.9688572114677937,0.9671392724221649,0.9652936135067978,0.9634616801715084,0.9622389972687483,0.9617695435275128,0.9622739686503393,0.963052787339156,0.9633835445634609,0.9634150837212909,0.9635776873765474,0.9616802313667345,0.9616251893422479,0.9608404164196724,0.960605275052652,0.9597284344046906,0.9576465383090718,0.9540702850626992,0.9487967972729061,0.9412655190201813,0.9300039004717197,0.9167595436681781,0.8703707887291455,0.6674813820346133,0.6651127162632582,0.6585074697730614,0.6544176940261679,0.6566381983065455,0.6585156698309563,0.6657536164597041,0.6800418734177148,0.6969818205880004,0.7123093797210445,0.727332135000244,0.7410505864176962,0.7538449057037723,0.7652771158175387,0.7757540489324408,0.7846814480388147,0.7921011065046221,0.7994165821541108,0.8053454979704964,0.8098994948854412,0.8143481190848225,0.8179180626070077,0.8204633427936228,0.8219487405809149,0.8220050453507426,0.821044973444996,0.8207033524846574,0.8196402845090597,0.8168056268225994,0.8128712055416716,0.8077500152584796,0.8027486688421674,0.7982827930862895,0.7949828851908948,0.7894163255006429,0.7828633288610211,0.778142597218682,0.7737230905178192,0.7688831180950503,0.7596712389265436,0.7471793794672108,0.5027134049069568,0.5141502339280123,0.533748311280202,0.5453914112138912,0.5536246791683757,0.5606293391902325,0.5658243625793805,0.5758133160568337,0.583800257983335,0.590861405978287,0.5952480545307823,0.5998613757270957,0.6053939656776046,0.6114578853881363,0.6172664596107151,0.6234791139839331,0.629621359794704,0.6356609222509946,0.6409689613181008,0.6457272975507782,0.6502730195330009,0.6558291309926071,0.6609716499925804,0.6668830725179932,0.6721572555572641,0.6781008348051853,0.6837815113420319,0.6878831012309895,0.6900507716067671,0.6906923613883067,0.6881375977707962,0.6835850247618271,0.6767161533549909,0.6685093682430323,0.6616059285218766,0.6557710058560505,0.6482148661805613,0.6410248937081959,0.638951442574753,0.6416515522401507,0.6358971182904833,0.6269472176271076,0.6203138251737863,0.6128282441717104,0.6044499847777106,0.5973077626839544,0.5926248553630789,0.5864082924631783,0.579802023516684,0.5735087004455103,0.5662349873809638,0.5591302781968908,0.5556525988990236
45,0.4281417822393654,-0.1301242572179584,-0.15056418498397456,-0.16905436243322539,-0.18819760352835538,-0.20505691759619776,-0.21789268478737503,-0.23231928384667414,-0.2490562409180705,-0.26996775259427036,-0.28742364663730136,-0.289564638672545,-0.2608374276883856,-0.20895436734422324,-0.1711719515554916,-0.15525971948170528,-0.16181431429350854,-0.20400197484657606,-0.23848256381528696,-0.20756957848156007,-0.10536100922451266,-0.00578561779395947,0.003846003055983717,0.022109895317688217,0.047515854219404845,0.05283090672806797,0.0814681431229252,0.10787048867907682,0.13178208030266758,0.11447464973564406,0.12421278185403571,0.16256428916897292,0.3123794383583994,0.6153230646012925,0.8500506950247773,0.9527458138990513,0.9882941878226305,0.9975372198920863,0.9994857436097033,0.9997973158761919,0.9999311453791654,1.0,0.9999367285151568,0.9998694345265845,0.9997707090186083,0.9996088664224544,0.9994230810333457,0.9992153976046059,0.9989798479630334,0.9987138942443703,0.9984333262948442,0.9981292644947068,0.9978075602167975,0.997477653767302,0.9970650356410462,0.9966731168315398,0.9963124918176062,0.9955121494567224,0.9946875484839276,0.9937254515861916,0.9925739046441368,0.9921271680724951,0.9916661482855778,0.9914928299735357,0.991366175277014,0.9912901152296483,0.9912575198020381,0.9911652925335168,0.991026170369727,0.9908115156978659,0.9905188015384626,0.9901554709106979,0.9897027936326874,0.9891734582241365,0.988524721890431,0.9877044360964743,0.9864313413289807,0.9841953769605973,0.9819428468087229,0.9778930919249881,0.9719861323736694,0.9693267203721911,0.9676147503290516,0.9657667080897824,0.9639341723347077,0.9627129723671344,0.9622547504955675,0.9627795537253645,0.9635839207369201,0.9639360256647692,0.9639831173111932,0.9641723302726907,0.962232596102761,0.9621393839778682,0.9613520875479541,0.96113709913253,0.9602805525876085,0.9582005683511755,0.9546081546644,0.9492994462334545,0.9417181826274845,0.9303614636990079,0.9169970631044785,0.8700630726223437,0.6664293317863818,0.6640693630995103,0.6574548655824389,0.6533833219048841,0.655721523743998,0.65763540030838,0.6648705322662508,0.6792680543068829,0.6963460837744109,0.711757593189325,0.7268657476319172,0.7406522431447212,0.7535031568133022,0.7649849648804998,0.7755080344434715,0.7844744888471249,0.7919165468210768,0.7992732048536753,0.8052397869435965,0.809822343814691,0.8143086242070581,0.8179148126238561,0.820482725001976,0.8219839419816672,0.8220470198365347,0.8210896848259333,0.8207431615817216,0.8196683516848301,0.8168127672888393,0.8128463607214487,0.8076925638540238,0.8026539075187455,0.7981610911494734,0.7948506327004192,0.789261900707089,0.782674320824743,0.7779170321834948,0.7734496341460018,0.7685475584818813,0.759191587113351,0.7465127262575024,0.5015957547684601,0.5130806193869127,0.5327730191834464,0.5444742364563526,0.5527874202984235,0.55983905883964,0.5650330019433688,0.5750202506126236,0.5829905227583388,0.5900517213359714,0.5943974514281255,0.5989456306477061,0.6044189438509835,0.6104563785441492,0.6162574338280233,0.6224733195916584,0.6286263606064013,0.6346828708713077,0.6400164869721416,0.6448034087698366,0.6493822473891174,0.6549741491213121,0.6601520542663694,0.6661016590944354,0.6714210976870335,0.6774219948166298,0.6831485141492397,0.6872912107824212,0.6894838103868548,0.6901318379128376,0.6875437313252635,0.6829278504797577,0.6759825988731595,0.66771390499715,0.6607876876324502,0.6549627020560764,0.6473959179610876,0.6401834031780202,0.6380978101991285,0.6408436370080582,0.635089843746134,0.6261062150335793,0.6194509051859102,0.6119090142980125,0.6035012250002978,0.5963303022404811,0.5916470727839322,0.5854021877129623,0.5787712940660305,0.5724306310633765,0.5650984941938123,0.5579343954507213,0.5543949584908542
46,0.42687718618330456,-0.1323339406158603,-0.15285519591951865,-0.171327212998245,-0.19047260408926397,-0.20735731890437692,-0.2201789831029647,-0.23456348145976302,-0.25127002335689075,-0.2721611433458629,-0.2896021754685414,-0.2917531275119531,-0.26308705357177725,-0.2113398727402426,-0.17364479966488217,-0.15775750284432027,-0.16426854929866017,-0.20632413865951046,-0.24062798056857707,-0.20957178373553736,-0.10719912719202213,-0.007445727692729105,0.002307019609210803,0.020683073691392294,0.04619468706391745,0.05161040198329905,0.08034966714723046,0.10682975415639978,0.1308171002360115,0.11342796674932887,0.12323500278196706,0.16168581396399312,0.3116964552654291,0.61485874021521,0.8497562558250925,0.9525210675628323,0.9880961118442484,0.9973551632647389,0.9993342348762874,0.9996901675181155,0.9998757329384352,0.9999367285151568,1.0,0.9999319702447236,0.9998742731057658,0.9997535955619072,0.9996074376379485,0.9994346830923242,0.9992345114271781,0.9990026382930293,0.9987533744882533,0.9984815206956064,0.9981910517191622,0.9978893494052099,0.9975087641480824,0.9971435719692867,0.9968084933940482,0.9960373092355984,0.9952432486296956,0.9943088774364787,0.9931861453069983,0.9927600728370375,0.9923206086612881,0.9921679871574973,0.9920595191396081,0.9920011765924064,0.9919838523350659,0.9919091241722534,0.9917854261946608,0.9915867535315264,0.9913104410621977,0.990964818916117,0.9905302629910252,0.9900193342494438,0.9893918433601654,0.9885919270761195,0.9873407058273105,0.9851281010723005,0.9829085717391289,0.9788886070121942,0.9730145689209673,0.9703747373281534,0.9686809871353689,0.9668512943256975,0.9650354685131368,0.9638285243883785,0.963384308962898,0.963921517033479,0.9647373869624204,0.965102190276074,0.9651631849817781,0.9653569474885715,0.963428449239181,0.9633060514620362,0.9625306667737576,0.9623245318455191,0.9614815258320867,0.95941624157436,0.9558449926971883,0.9505543314650926,0.9429946901742029,0.9316587292835057,0.9183051835033443,0.8711994271242407,0.6673695485865685,0.6649968503146796,0.6583711091728999,0.6543030523581642,0.6567083458734181,0.658635215852455,0.6658760146245911,0.6803264675099073,0.6974696662918793,0.7129254781113491,0.7280742085014873,0.7418930064976905,0.7547705187675847,0.7662686762483578,0.7768066193326206,0.7857869723452235,0.7932381354341852,0.8006085504662562,0.8065937989710686,0.8111944434206291,0.8157035713708867,0.819327861946499,0.8219101106579739,0.8234234693329329,0.8234961275734187,0.8225424277407083,0.8221951234855841,0.8211113185614589,0.8182407924697497,0.8142627154325875,0.8090945357437156,0.8040427413595058,0.7995455604557729,0.7962352770895016,0.7906460156939825,0.7840524187310857,0.7792823658723752,0.7748027093420262,0.7698803998172739,0.760459568659268,0.7476712741724223,0.5023248996862728,0.5138336844749601,0.5336457296748022,0.545421122836578,0.5537887314212843,0.5608809528347354,0.5660855419746992,0.576064257836759,0.5839992470752056,0.5910385429476646,0.5953269019715718,0.5998051425392014,0.6052079324566053,0.6112073737283896,0.6169825911139927,0.6231863052296979,0.6293403557504202,0.6354074402350145,0.6407606315618037,0.6455733018009832,0.6501853368569865,0.6558028170260841,0.6610166589099672,0.6670038397461836,0.6723632701480882,0.6784016710280365,0.6841693948866057,0.6883539875341197,0.6905687697527458,0.6912111524078651,0.6885888185632564,0.6839142984645544,0.6769064440322157,0.6685814653820914,0.6616435836539243,0.6558295503326435,0.6482719502700262,0.6410550526498097,0.6389813116614987,0.6417307796979631,0.6359944635327385,0.6270037202253613,0.6203198274110242,0.6127281313236356,0.604310360199986,0.5971333693885552,0.5924470549870038,0.5861799349568321,0.5795089361712061,0.5731515961903013,0.5657564334485499,0.5585189184345747,0.5549353265175672
47,0.4255138358494717,-0.1344234247851635,-0.155030423287283,-0.1734711153473343,-0.1926562337300109,-0.20953723357365137,-0.22234615825441684,-0.2367050528403855,-0.25338864072847345,-0.27425468232759304,-0.29168404561059885,-0.2938462220214893,-0.26523800121180385,-0.21360856662076086,-0.17600076853982666,-0.16013212433250715,-0.16659758907073338,-0.2085271016313677,-0.2426664094480414,-0.21147522186698878,-0.10894677090800321,-0.009017591650921336,0.0008501581213414738,0.019328952842568227,0.04494332465319975,0.05045088861786775,0.07928405850741961,0.10583690724474965,0.12989756476147762,0.11242981917438155,0.1223021239780645,0.16085070512371025,0.311053928648008,0.6144198723488312,0.8494704377492568,0.9522936758775619,0.987880411918126,0.997145253021343,0.9991485111589193,0.9995445742990889,0.9997747553233849,0.9998694345265844,0.9999319702447236,0.9999999999999999,0.9999294066419785,0.9998486734023808,0.9997404800284836,0.9995983923311853,0.9994326412543416,0.9992325204549543,0.9990152655040162,0.9987732362786228,0.9985114488120848,0.9982369979403871,0.9978876205954985,0.9975485172271042,0.9972360218778628,0.9964910291638112,0.9957270505025065,0.9948232212814517,0.9937298423424534,0.9933252252503508,0.9929078061159802,0.992774514005537,0.9926846375714969,0.9926421256279745,0.9926402191117981,0.9925802815912255,0.9924718308462787,0.992289424889697,0.9920297488678272,0.9916996927874352,0.9912835530680485,0.9907909307905655,0.9901813385576226,0.9894008759992697,0.9881708576520123,0.985984887000518,0.9838010129381876,0.9798102576742925,0.9739699565349462,0.9713538563848014,0.9696789083309606,0.9678653384861787,0.966068499821573,0.9648756807625287,0.9644451692956533,0.9649938398972095,0.9658202747229114,0.9661983032259689,0.96627004365647,0.9664652581937847,0.964554331504635,0.9644067529141953,0.963647445371874,0.9634450062803813,0.9626116640120217,0.9605595553214186,0.9570070605680018,0.9517364142344488,0.944202833275444,0.932889478772714,0.919551357777177,0.8723003612487312,0.6682227215267947,0.6658953357395652,0.6592631097220265,0.6552014800692867,0.6576684273103415,0.6596129819518937,0.6668576499006924,0.6813600752104919,0.6985667012891853,0.7140625487374022,0.7292475586898547,0.7430973367577957,0.7559988091952325,0.7675153365191533,0.7780641178596083,0.7870576744356291,0.7945184097692737,0.801901320436123,0.807899141898568,0.8125199018171447,0.8170472250045141,0.8206888947589152,0.8232841552601929,0.8248093638946067,0.8248884857906801,0.8239373485363387,0.8235895624116915,0.82249846569524,0.8196158417189033,0.8156237841146461,0.8104462849651155,0.8053812526673081,0.8008817226944416,0.7975773839406526,0.7919810861249978,0.7853826651420212,0.7806054749605543,0.7761078326175859,0.771163440811629,0.7616743637411757,0.7487609174330642,0.5029933534529379,0.5145988118703207,0.5344686211186618,0.5463154928784676,0.5547467358990947,0.5618725541858278,0.5670821812298373,0.577048657396985,0.5849682277251669,0.5919783911269386,0.5962151611592006,0.6006326604412773,0.6059682916065132,0.6119316127540254,0.6176808286579701,0.6238805727068751,0.6300284581204425,0.6361073461568459,0.6414799788482204,0.646317003162622,0.6509583962250965,0.6566025028773004,0.6618458317975083,0.6678626461972822,0.6732605292440337,0.6793431298523107,0.6851538908897395,0.6893714166390557,0.6916033359243725,0.6922441393219031,0.6895962583642441,0.6848672492382711,0.6778073964475819,0.669422516868059,0.6624709954749536,0.6566723960376792,0.6491244762038548,0.6419018808924448,0.6398324808944483,0.6425999284265224,0.6368829347477133,0.6278812268428786,0.621177088343434,0.613539426338078,0.6050815496847022,0.5979032899604532,0.5932169584896665,0.5869240846070861,0.5802337249012712,0.5738468267723074,0.5664041663275342,0.5591182562065931,0.5554613010990148
48,0.4239486750551926,-0.1365289710488664,-0.15717843502422016,-0.1756026491346424,-0.19480406680913753,-0.2116945712161229,-0.22448647567466765,-0.2388159042971436,-0.25546007766100876,-0.2763142496956034,-0.293737205354494,-0.295903640822464,-0.2673602581641227,-0.2158606230469708,-0.17835292163981128,-0.16250909064512278,-0.16894093207726688,-0.210734267431126,-0.24469863492582403,-0.21335263795941212,-0.11064359349643998,-0.010521513396804056,-0.0005265192754719413,0.018063138471263448,0.04379050662205888,0.04939794963970854,0.07833671141979244,0.10496907151238273,0.12911026518672455,0.11156330837884344,0.12150902020517017,0.16015461243958715,0.31055757680268453,0.614122790726138,0.8492832805364308,0.9521209171849273,0.98768007007325,0.9969239338719574,0.9989333992212609,0.999368337950812,0.9996431281622109,0.9997707090186083,0.9998742731057658,0.9999294066419785,1.0,0.9999220318322652,0.9998552675092197,0.9997447354739945,0.9996146235833484,0.99944995776907,0.999266042562219,0.9990569544788296,0.9988273998480721,0.9985839625016891,0.9982702400004041,0.9979607624289908,0.9976737018792454,0.9969723802829737,0.9962452099313402,0.9953740184243713,0.9943154580747886,0.9939315921630761,0.9935366112471825,0.9934207639617467,0.9933473822264379,0.9933213639452714,0.9933334240532744,0.9932883320693014,0.9931944112400504,0.9930259793890178,0.9927825717313095,0.9924701173517636,0.9920726362346373,0.9916009473422951,0.9910147544955984,0.9902619304337181,0.9890670994214653,0.9869217478544643,0.9847762538779964,0.9808293021336413,0.9750340262308759,0.9724422634817227,0.9707882369149284,0.9689958793980794,0.9672186141856234,0.9660437844747339,0.9656273063667002,0.9661856404222315,0.9670227494490762,0.9674118514307907,0.9674964596155328,0.967686363789869,0.9658052241788014,0.9656435109245656,0.9649016119782818,0.9647033786110247,0.963878806838396,0.961843133630978,0.9583172428748106,0.9530764534726847,0.9455781194313414,0.9343127088477962,0.921020211298497,0.8737133901639421,0.669434739912917,0.6671185043235391,0.6604686498442912,0.6564003019423374,0.6589107515194981,0.6608698624762918,0.6681249644239721,0.6826698938166056,0.699926951948348,0.7154591255074569,0.7306798829269481,0.7445584195095291,0.7574792410657658,0.769008704940393,0.7795693945586104,0.7885733680460922,0.7960441019958545,0.803435984093934,0.8094492877346667,0.814090824818258,0.8186371418127192,0.8222939951676387,0.8249045423346014,0.82644036661263,0.8265263592024447,0.8255797610889412,0.8252321610524663,0.8241302150302021,0.8212377668840646,0.8172358814523425,0.8120493037728348,0.8069739415963008,0.8024738285764128,0.7991734976354993,0.7935792483516788,0.7869797834272232,0.7821992891721853,0.7776961353378163,0.772742459975639,0.7632129996671908,0.7502056422732509,0.5039272583597388,0.5155846220944906,0.5355507304003861,0.5474781282936326,0.555961237440606,0.563126828128184,0.5683508938714943,0.5783315565613733,0.5862028354124136,0.5931793803084988,0.5973585290791311,0.6017039625672667,0.6069759486832169,0.6128971157812052,0.6186195334784873,0.6248080520155249,0.6309569223629736,0.6370422879980331,0.6424320698110119,0.6472959711533742,0.6519710376156483,0.6576413711435296,0.6629163362225274,0.668973312238273,0.6744132334798298,0.6805389120427099,0.6863945447816004,0.6906496971414611,0.6929036045813036,0.6935461578811396,0.690862773564061,0.6860754409423843,0.678949943947032,0.6705106103287357,0.6635423504571926,0.6577621615137277,0.6502233158242563,0.6429863323290926,0.6409108030428744,0.6437236603193145,0.6380144169606589,0.6290083185950633,0.6222804589267282,0.6146014887662867,0.6061230075563503,0.5989337913619519,0.5942490434956977,0.5879375386110294,0.5812145701416362,0.57479913141529,0.567289814426029,0.5599235685735006,0.5562279653128483
49,0.422186013525833,-0.1363379669628626,-0.15703500440878407,-0.175461338214177,-0.19471237232166416,-0.21164540555052253,-0.22443410346000403,-0.23873936738153267,-0.2553622328879069,-0.27622190041270867,-0.29365383829569053,-0.29585999047244055,-0.26740052913652973,-0.2160629990032209,-0.1786858333776248,-0.16291109529479245,-0.169333203183376,-0.21100726273696832,-0.24477591948180785,-0.2132200440073978,-0.11024621598113704,-0.009879151783369584,0.00027063584356697054,0.018998507800555408,0.04485132458505914,0.05057470904668678,0.07964169231662294,0.10637466897586179,0.13060258687164145,0.11295329544310757,0.1229783354489342,0.1617194782167576,0.31223993528400834,0.6156005339695557,0.850256312898262,0.9526046659138776,0.9877871071513802,0.9968009752734203,0.9987183947606934,0.9991617234968359,0.9994629196660161,0.9996088664224544,0.9997535955619072,0.9998486734023808,0.9999220318322652,1.0,0.9999255245681724,0.9998476404743302,0.9997481386445742,0.9996184829112889,0.9994680054026125,0.9992917393286471,0.9990988056529128,0.9988987963734545,0.9986392125771848,0.9983722745186653,0.9981103454935988,0.9975097339102478,0.9968463712190919,0.9960406823095751,0.9950431431283705,0.9946722160023292,0.9942984819775309,0.994185326047305,0.9941167217191631,0.9940919283054634,0.9941008382931191,0.9940526429255551,0.993957936560925,0.9937932171620043,0.9935577507369806,0.9932580779764012,0.992880646916397,0.9924360523438381,0.9918859594376587,0.9911841913019588,0.9900709517778679,0.9880417336910017,0.9859697240847464,0.9821396696125047,0.9764802451334588,0.9739309611425189,0.9723081930388556,0.9705527431477216,0.9688102672699476,0.9676592716383235,0.967253620843578,0.9678043206678353,0.9686300639994059,0.9690172208095215,0.9691040091582933,0.9692850197380267,0.9674518371784498,0.9672781080763307,0.9665588253397502,0.9663626558517514,0.9655513893537446,0.9635541137881594,0.9600969748141986,0.9549462814159227,0.9475668460669782,0.9364617557971804,0.9233276816375783,0.8761810677470019,0.67265558920712,0.6703567527270048,0.6636778944211615,0.6596103357667663,0.6621433639730533,0.6641061061697999,0.6713517271188015,0.6858879742839072,0.7031247741298574,0.7186364623881832,0.7338295750078898,0.74768720787015,0.7605806053906431,0.7720807542358673,0.7826096915527484,0.7915877398644774,0.7990403633997974,0.8064091294439663,0.8124070973080454,0.8170468107929947,0.8215874359887831,0.8252399481478884,0.8278506807972645,0.8293908616844741,0.8294800281181396,0.828539548655335,0.8281944633254081,0.8270924335852456,0.8242049773320078,0.8202113331762356,0.8150411841333048,0.8099827725006135,0.8055046124266265,0.8022265340570572,0.7966592645603825,0.7900904121596531,0.7853337790441519,0.7808569279794988,0.7759290925371928,0.7664086628925679,0.7533621226196973,0.5072022280644464,0.5188913155232416,0.538890996177821,0.5508436423755113,0.5593582033006298,0.5665418627777788,0.5717703988192284,0.5817127054711574,0.5895386929262594,0.5964678220355977,0.6005723452797649,0.6048475546712745,0.6100365995927843,0.6159109012729072,0.6215830011747778,0.6277488635862704,0.6338767661491069,0.6399622222559594,0.6453569699647782,0.6502317371924284,0.6549288594689421,0.6606159257205262,0.6659197310056526,0.672001774278648,0.6774685312026804,0.6836271759394622,0.6895202484174062,0.6937976420861619,0.6960580227177492,0.6966966379363032,0.6939809585529403,0.6891411782376521,0.6819680182992625,0.6734831706785065,0.6665121319011821,0.6607539716755164,0.6532336605121704,0.6460049462684807,0.6439461957742774,0.6467807491568898,0.6410999937024235,0.6321201185234164,0.6253854051242028,0.6176983075681934,0.6092278802779274,0.6020546225189892,0.5973759400674696,0.5910637979680956,0.5843231358804707,0.5778928571600987,0.5703386955957744,0.5629393246166332,0.5591811213761979
50,0.42126973142510793,-0.13911247170400617,-0.1598187922875431,-0.1782245826294568,-0.19746951761806475,-0.21439600967457995,-0.2271580020910756,-0.24141716459160897,-0.25800982999788363,-0.27885463019775936,-0.2962835222481502,-0.2985158747114252,-0.2701357730226334,-0.2189375582117164,-0.1816802929616438,-0.16595483620749535,-0.17236300164171633,-0.2139195808493844,-0.2475438661880187,-0.21587181127130375,-0.11276842774777132,-0.012237250948236944,-0.001973622405149402,0.0168551955650807,0.042810422081312596,0.04862973253709111,0.07780207210338874,0.10462138471812026,0.12892454402919437,0.11121296658016873,0.12131662160813501,0.16015572964022928,0.3108644406526715,0.6145179548526555,0.8495082691841083,0.9520829400098434,0.9873914278269716,0.9964584592389343,0.9984091757163109,0.9988968087688491,0.9992457737761248,0.9994230810333457,0.9996074376379485,0.9997404800284835,0.9998552675092197,0.9999255245681724,0.9999999999999999,0.999925224346622,0.9998682307433924,0.9997799811587198,0.9996657318124812,0.9995258619845252,0.9993689224873958,0.9992019401733065,0.9989769020105862,0.9987407537641649,0.9985103771087608,0.9979404713821192,0.9973159921521111,0.996546258340238,0.9955851429724119,0.9952415695328545,0.9948918196554736,0.9948022935235419,0.994754413566912,0.9947478500439034,0.9947715287198462,0.9947404672485796,0.9946616283815651,0.9945123616744421,0.9942950864258793,0.9940135264949843,0.9936555301693044,0.9932319212897327,0.9927044153035693,0.9920239722962717,0.9909335729683512,0.9889267485666731,0.9868944130128864,0.983102054025036,0.9774813858379693,0.9749596906924429,0.9733578229978394,0.9716202494021852,0.9698969012365498,0.9687636787792734,0.9683748397675246,0.9689403168262424,0.969782051868351,0.9701838668203153,0.9702862916313825,0.970480357363597,0.9686488436518139,0.9684695556223498,0.9677667290141703,0.9675809668397325,0.9667830445966941,0.9648030666073861,0.9613683934382808,0.9562391098001719,0.9488829004502995,0.937793885936784,0.9246583131450828,0.8772533492732846,0.6732365264338112,0.6709843546555221,0.664303504011952,0.6602739563099799,0.662929109407639,0.6649203800829526,0.67216459483889,0.6867989580640212,0.7041466159893358,0.7197219935800999,0.7349776234282057,0.7488830411420713,0.7618125213796968,0.7733410870260249,0.7838940396107158,0.7928938022892963,0.8003609797548794,0.8077500230747581,0.8137747499524196,0.8184383147962436,0.8230065582887768,0.826682912301101,0.8293126812708351,0.8308686518162668,0.8309659020308191,0.8300280956037678,0.8296778224294339,0.8285637500352675,0.8256565186420257,0.8216433696253637,0.8164546526324723,0.8113755747872972,0.8068882474857484,0.8036164316073312,0.79804505840018,0.7914632729053899,0.7866891227619646,0.7821880791047363,0.7772202831621848,0.7675817837881337,0.7543370740020104,0.5077078373848601,0.519503596669107,0.5396072357321813,0.5516570754008927,0.5602474619430143,0.5674835472316688,0.5727103573195428,0.5826276675329969,0.590444757719902,0.5973636679675195,0.6014055845998636,0.6056083328197229,0.6107155598181598,0.6165512180157784,0.6222008831813585,0.6283570572968135,0.6344882116015979,0.6405881736167081,0.6460060508076447,0.650911681977342,0.6556422774318007,0.6613659717954006,0.6667118679284982,0.6728371348296525,0.6783538960926618,0.6845769775108322,0.6905210472890164,0.6948519906210066,0.6971317141844997,0.6977651888680859,0.6950043586330376,0.6900864741953227,0.6828326381699269,0.6742789185969426,0.6672844323242518,0.6615370789923651,0.6540186364011755,0.646776397316397,0.6447091985343297,0.6475924196555601,0.6419312675607807,0.6329337291446104,0.6261688373342169,0.6184324052210337,0.6099332535095521,0.6027443475745571,0.5980729614556787,0.5917384172730522,0.5849565670558611,0.5784981479577185,0.5708920367029884,0.5633988594092771,0.5595720283098767
51,0.4208984576436554,-0.14262294556149793,-0.1633517347546647,-0.18175799968807393,-0.20100485353235067,-0.21792305888372315,-0.23065573464464187,-0.24487928713666512,-0.2614300442871576,-0.2822565937816989,-0.2996755091391311,-0.30194656388473995,-0.2736539746716327,-0.22260140771054823,-0.1854661390176957,-0.16979744928992235,-0.17620022013912412,-0.21766200476147535,-0.2511613588580945,-0.21943028696185796,-0.11629003918068521,-0.015663682078480956,-0.0053095384699511205,0.013595017104415002,0.039633786968029536,0.04553574679529487,0.07479392402986923,0.10169311596374063,0.1260570168386089,0.10829308647894313,0.11846885240308462,0.1573840014826281,0.30827543224156445,0.6123823554052846,0.8480300337642125,0.9511282153472072,0.9867793897806405,0.9960210168001326,0.9980654821694446,0.9985985306552204,0.9990012640632712,0.9992153976046059,0.9994346830923242,0.9995983923311853,0.9997447354739945,0.9998476404743302,0.9999252243466219,1.0,0.9999379699439515,0.9998856183571858,0.9998079628621275,0.99970281825543,0.9995765172872326,0.9994324957780227,0.9992300207030815,0.9990158360908118,0.9988162988841023,0.9982357512717841,0.997631276892561,0.9968820102305287,0.9959468566647856,0.9956312404214122,0.9953052318645395,0.9952437501657955,0.9952176474525939,0.9952330268871975,0.9952782710551731,0.995266540950223,0.995206181473726,0.9950751634034914,0.9948720480767302,0.9946063170415267,0.9942645794168822,0.9938539815391562,0.9933384052247776,0.9926626360101697,0.991557468098563,0.9895164572292109,0.9875051798648874,0.9837175465787683,0.978091622254106,0.9755899078763229,0.9740036594815645,0.9722728117609365,0.9705562992039158,0.96943157829326,0.9690578318533327,0.9696431209887402,0.9705081757041236,0.9709297235986506,0.9710470228915931,0.9712806531199446,0.969393547740988,0.9692074315098491,0.9685056269708648,0.9683454372136855,0.9675785751060924,0.9656142575195621,0.9621848824049779,0.9570428264070613,0.9496677819575182,0.9385132703351401,0.9252753399401573,0.8772812911100187,0.6725894181494012,0.6703623745908134,0.6636681086624163,0.6596827015624404,0.6625233918338905,0.6645632286478373,0.6717920588403897,0.6865703936480203,0.7040885525012378,0.7197621588920117,0.7351154265727802,0.7490939026067756,0.7620815630739827,0.7736592354587206,0.7842567538050337,0.7932927346427264,0.8007811443689823,0.8082082371938183,0.8142765890604825,0.8189672893453,0.8235771508868492,0.8272919434089482,0.8299466477531168,0.83151639870626,0.8316242027928474,0.8306861975008812,0.8303279709653673,0.8291951505403742,0.8262595526122952,0.8222110808110632,0.8169867152582188,0.8118683107622703,0.807357499063352,0.804082916870397,0.7984944553894768,0.7918839509567585,0.787074668831257,0.7825218611433664,0.7774826580114907,0.7676350545984263,0.7541389918745054,0.5072136192623952,0.5190730168328338,0.5392562776444423,0.551397401602057,0.5600859102349807,0.5673705094473868,0.5725948215658285,0.582534238759472,0.590297125980253,0.597207544069714,0.6011893599432021,0.6053067706874536,0.6103291034372912,0.6161264607807433,0.6217593018937673,0.6279155941440179,0.6340514950964006,0.640171912699001,0.6456186007926575,0.6505559069525391,0.6553333751305294,0.6610980805914187,0.6664905388561088,0.6726702866105592,0.6782463737442604,0.6845393484764556,0.6905490913503056,0.6949445288445019,0.6972383283333072,0.6978761940460386,0.6950544795346344,0.6900499209151866,0.6826877005249941,0.6740435079008386,0.6670240578324224,0.6612917996517627,0.6537497196187969,0.6464929001123271,0.644430009848687,0.6473537064209762,0.6417025355559931,0.6326705365415597,0.6258908503428601,0.6180949360806803,0.6095604909511702,0.6023641077373469,0.5976883294861769,0.5913223060333372,0.5844986990740199,0.5780108461215173,0.5703365098652003,0.5627543111387382,0.5588519981587855
52,0.42000633258685643,-0.14608707373275953,-0.1668581850224508,-0.18524301654658368,-0.20449448786027508,-0.2214083030833764,-0.23412328722853346,-0.2483120069654865,-0.26482625450324804,-0.2856271350858339,-0.3030341732206193,-0.30531438287254387,-0.27709307253257137,-0.2261671527702855,-0.1891250699652912,-0.173486703118802,-0.1798679456843974,-0.22122216026977415,-0.2546040278552795,-0.22279940075806132,-0.11960167352868557,-0.018874948310021206,-0.00843135774744782,0.010549699962257538,0.03666758780929632,0.04264706871408573,0.07198482896686365,0.09895223572613472,0.12337898153989549,0.1055497603735042,0.11578936883490275,0.1547903554510509,0.30587470206601736,0.6104122146513309,0.8466579402060388,0.9502174624457815,0.9861648078362598,0.9955633068928164,0.9976911414508958,0.9982800169982999,0.9987327039986895,0.9989798479630334,0.9992345114271782,0.9994326412543416,0.9996146235833483,0.9997481386445742,0.9998682307433925,0.9999379699439515,1.0,0.9999453625962741,0.9999006273805199,0.999827418030155,0.9997305095526842,0.9996107939593968,0.9994297484034508,0.9992391296778436,0.9990641096563834,0.9984880971301523,0.9979004800711044,0.9971658041155581,0.9962487924567097,0.9959571156651176,0.9956521629099754,0.995616534871495,0.9956149265856019,0.9956527193854682,0.9957205931501429,0.9957330390360031,0.9956944300599689,0.9955818737903148,0.995397788982445,0.9951505278564461,0.9948257878844335,0.9944292335163878,0.9939279089329602,0.9932594558254733,0.992153899187581,0.9900991588338706,0.9881021857302309,0.9843085835912663,0.9786692921869966,0.9761782419088533,0.9746041572253699,0.9728808160703657,0.9711730587353984,0.970057887566435,0.9697000823179809,0.9703071195856536,0.9711941946677939,0.9716371825103427,0.971773650799722,0.9720185712661013,0.9701240299065875,0.9699253589311978,0.9692363155438315,0.9690838066564378,0.968327603013653,0.9663653561875282,0.9629364264509992,0.9577834563702948,0.9503911759610697,0.9392042010462032,0.9259154856744822,0.8776451908539866,0.6721852561355413,0.6699442934826578,0.6632145333140548,0.6592348507785614,0.6621590391894178,0.6642156219935499,0.671459515304004,0.6863287192855544,0.7039563580047268,0.7197070509921035,0.7351342416006855,0.7491771850485863,0.7622192506174147,0.7738427434925553,0.784479868763338,0.7935517491460448,0.8010691993250915,0.8085310369734633,0.8146339914352003,0.8193597306338868,0.8240066891004952,0.827753299138699,0.8304324776127243,0.832019969500361,0.8321351779121166,0.83119642109496,0.8308331084416388,0.8296879480804848,0.8267273713814753,0.8226522215498845,0.8173996380750946,0.8122498618675602,0.8077236487988131,0.804445640039327,0.7988453634171367,0.7922107632182888,0.7873806897002147,0.7828013226088091,0.7777270677070571,0.7677874150053828,0.7541404880400551,0.506506122819301,0.5183833766797061,0.5386939401954047,0.5509168241072,0.559671952934671,0.5670106556337708,0.5722428026998417,0.5821927458209836,0.5899227864154701,0.5968146987109542,0.6007476299278982,0.604792676593652,0.6097505928376968,0.6155157518481129,0.6211319076487074,0.6272866321119527,0.6334271260158321,0.6395671825568808,0.6450398146662851,0.6500109506067712,0.6548250372683959,0.660628164993859,0.6660629409316302,0.6722891944690147,0.6779212251046566,0.6842766814982774,0.6903415020495652,0.6947903161100777,0.6971110844151621,0.6977451213323249,0.6948845953344949,0.6898034338539963,0.6823542076414647,0.6736394793147968,0.6665892450119874,0.6608631509130017,0.6533164569704389,0.6460381137455502,0.6439835641127598,0.6469419150223332,0.6412996783475671,0.6322486826120763,0.6254274592163083,0.6175737039964089,0.6090152385071534,0.6017994547074313,0.5971150714260726,0.5907269301379201,0.5838652488561994,0.5773380949375408,0.5696122050035551,0.5619627739057326,0.5579813894063065
53,0.4190778778306383,-0.14868020716090238,-0.1694916414613631,-0.18787458216424144,-0.207145515601851,-0.22406620237590222,-0.23676441755774594,-0.25091872632641027,-0.2674046909938601,-0.28819047708932355,-0.30558861849463237,-0.30788977399278666,-0.27973949589634733,-0.22894398111282543,-0.1920014494807694,-0.17639952327995703,-0.18276608059467375,-0.22402457935967546,-0.2572757375548426,-0.22539117752813986,-0.12211727910178813,-0.021278979697142347,-0.010742611105922251,0.008318261077766993,0.034517819379140426,0.040571416383151176,0.0699891078948949,0.09702055961668075,0.12150917073895869,0.10361975722813857,0.11391912832527669,0.15299609130970473,0.3042405967223368,0.6090643924155059,0.8456873446444063,0.9495304805154049,0.9856514808388555,0.9951336232228453,0.9973125064242568,0.9979444902233803,0.9984397005536795,0.9987138942443703,0.9990026382930293,0.9992325204549543,0.99944995776907,0.999618482911289,0.9997799811587198,0.9998856183571857,0.999945362596274,1.0,0.9999469468959244,0.9999039702739766,0.9998360480284108,0.9997415925929727,0.9995884351822238,0.9994209085985061,0.9992702740492947,0.9987136721456373,0.9981502774310952,0.9974411598966195,0.9965468300151359,0.9962738358072922,0.9959902691011331,0.9959742016140276,0.9959912736733857,0.9960484887825096,0.996132431284812,0.9961621959592941,0.9961397212332853,0.9960432742309158,0.9958750163136187,0.9956431507910112,0.9953356621480821,0.9949542782877486,0.9944694710969942,0.9938164863960367,0.9927239016121898,0.9906786139110998,0.9887046711208967,0.9849281901497862,0.9793043180888348,0.9768292588926658,0.9752691037118234,0.9735573518294811,0.9718624072955687,0.9707596715569234,0.9704155247847878,0.9710381548680239,0.9719415790592364,0.9724002875492744,0.9725514188100313,0.9728048733570691,0.970912073243186,0.9707032770649899,0.9700299018329468,0.969881986133562,0.9691352157179103,0.9671822566229239,0.9637659434204956,0.9586215460030709,0.9512381987253372,0.9400515161926994,0.9267583537107117,0.8782921949873999,0.6723767246721369,0.670131647930023,0.6633698002791926,0.6593876435613935,0.662376285480949,0.6644561469244397,0.6717076224801601,0.6866440547826335,0.704352305861887,0.7201577576988772,0.7356403745747743,0.7497307186021749,0.7628079181751162,0.7744632293174127,0.7851251889988149,0.7942219006503056,0.8017587071757113,0.8092430794176239,0.8153712597965834,0.8201229836727876,0.8247972848532718,0.828568354840914,0.8312663439888088,0.8328670968831786,0.8329903466515269,0.8320507691583571,0.8316830014658967,0.8305255037436222,0.8275477410995652,0.8234528945409467,0.8181796911644678,0.8130093260666287,0.8084749636932743,0.8052005908359754,0.7995929382003458,0.792947813937939,0.7881049863112369,0.7835111360049656,0.7784149892154896,0.7683992388088191,0.7546407660987204,0.5063841815612976,0.5183571735363965,0.538738986913794,0.5510479137757597,0.5598659686060732,0.5672423038069178,0.5724909451845457,0.5824302469477798,0.5901357915442529,0.5970143522841725,0.6008911479989153,0.604873730019857,0.6097602816315448,0.6154962618080021,0.6210900559582678,0.6272417876462181,0.6333865750266705,0.6395384727136676,0.6450360962709543,0.6500308565356039,0.6548825036320768,0.6607176626794214,0.6661896122520958,0.6724620718020022,0.6781374286459054,0.6845483838949201,0.6906714341863213,0.6951603677803998,0.6974992273756714,0.6981345527038681,0.6952358867317856,0.6900828714484761,0.682562495609418,0.6737761423682522,0.666701343924727,0.6609837117570113,0.6534333590442915,0.6461425865114298,0.6440938665549407,0.6470822661673289,0.6414546729637354,0.6323863838920539,0.625544027749717,0.6176496024293239,0.6090595640091012,0.601834912742884,0.5971503963035127,0.5907313721498267,0.5838451623770037,0.5772841043236691,0.5695131440380101,0.5617874604387051,0.5577470142375605
54,0.4182134158017013,-0.15100222976499283,-0.17185855448790419,-0.1902310963317739,-0.2095196411861469,-0.22645251062523553,-0.23913597729018254,-0.2532581079632273,-0.26971372157351664,-0.29048374222683787,-0.3078767530681733,-0.31019827904686537,-0.28212276968288313,-0.2314428479617593,-0.19459946797685151,-0.17904203666363577,-0.18539647050383948,-0.22655701031198106,-0.25968202158498693,-0.2277134249386524,-0.12436387069288517,-0.023420462117497556,-0.012793626666454288,0.006344298642752878,0.03261880826219833,0.03874741604022338,0.06823964464862417,0.09533268532875724,0.11987839880959283,0.10192849119024468,0.11228361870923088,0.1514301072512289,0.3028262662026128,0.6079019632407956,0.8448393250194967,0.9489126247993566,0.9851670851618377,0.994708709626476,0.9969269092783152,0.9975958472518623,0.9981303375487447,0.998433326294844,0.9987533744882534,0.9990152655040162,0.9992660425622191,0.9994680054026126,0.9996657318124811,0.9998079628621275,0.99990062738052,0.9999469468959244,0.9999999999999999,0.9999495225545716,0.9999083314167106,0.9998388068258839,0.999710166305709,0.9995678440030158,0.9994404314116904,0.9989038140860226,0.9983651267867122,0.9976794326611731,0.9968102782037304,0.9965585054759204,0.9962932321338891,0.9962963040442161,0.9963315640967977,0.9964039703375864,0.9965035926097332,0.9965478626237018,0.9965395219525983,0.9964567212479996,0.996302208770207,0.9960846675354796,0.9957923448633641,0.9954263342450593,0.9949577799123828,0.9943193320314958,0.9932407152460053,0.9912069656615932,0.9892563893085782,0.9854999417020329,0.9798961866672932,0.977436335150452,0.9758919300688872,0.9741930292469521,0.972510167982167,0.9714192384749438,0.9710889919731384,0.9717242307311185,0.9726426695547576,0.9731138222297159,0.973278388702021,0.9735435775411398,0.9716462542715953,0.9714235397320273,0.9707603500359687,0.9706225055848633,0.9698909307322523,0.9679502626241441,0.9645478763960424,0.9594146250539911,0.9520415308504164,0.9408554507830763,0.9275474802018103,0.8788618559893275,0.6725910542385163,0.6703309181494065,0.6635517264869012,0.6595707267995994,0.6626317181648533,0.6647334165593635,0.6719900589402766,0.6869941459594808,0.7047861940943932,0.7206470670890184,0.7361821519146086,0.7503168272002348,0.7634285899399914,0.7751122595016267,0.7857973755957751,0.7949153944164974,0.8024677206485527,0.8099724818171259,0.8161266193563099,0.8209018860723665,0.8256017504853522,0.8293962625952153,0.8321111759807688,0.8337266238188974,0.8338565529397646,0.8329185152983573,0.8325453509514178,0.8313774507576188,0.8283820909989034,0.824266744697752,0.8189761164934867,0.8137851141765634,0.8092417370838496,0.8059709522275431,0.8003553003283451,0.7936973568714815,0.7888422806704277,0.7842302626896973,0.7791090208985385,0.7690096662097596,0.7551252174595626,0.5064783390457952,0.5184627897404029,0.5389473868357952,0.5512915329562286,0.5601713459158323,0.5675893784100897,0.5728398995297448,0.582803993285346,0.5904621574051572,0.5973140207354156,0.601141170360312,0.6050649800462996,0.6098892887152421,0.6155902510280159,0.6211624299577414,0.6273092289157566,0.6334500976640987,0.6396205267706189,0.6451362478657151,0.6501601383545719,0.6550424978848951,0.6609068545682124,0.666421652869204,0.6727312594344171,0.6784508038210627,0.684912438994957,0.6910823851812977,0.6956176940601867,0.6979718243289874,0.6986108328850777,0.6956670188318537,0.6904508399590584,0.6828596339231613,0.6740081947963351,0.6669122583491488,0.6612004781554975,0.6536504723334305,0.646344869124258,0.644300703951882,0.6473245314463302,0.6417047160925909,0.6326209741285173,0.6257569804073958,0.6178163385979472,0.6092118612899037,0.601971979864032,0.5972884230048962,0.5908613716682509,0.5839416036410265,0.5773518603093554,0.569525801589059,0.5617459577950336,0.5576437318581172
55,0.4171863450948058,-0.15322700484386753,-0.17409292258299858,-0.19246256296885436,-0.2117509053242306,-0.22868650501367163,-0.2413485030952134,-0.2554367315138741,-0.27186256077055576,-0.29261426287700465,-0.3099912912146643,-0.3123274861484129,-0.28430710800295916,-0.23374237408040277,-0.19698221355971599,-0.1814592335128634,-0.18779503123167782,-0.22885826125286157,-0.26186449713891574,-0.22981694763798638,-0.12639502521457643,-0.025355963811328965,-0.01464196175949999,0.004569256776125951,0.03091855646884791,0.0371149228020871,0.06667829615845491,0.0938285959240945,0.11842856868849362,0.1004173078290166,0.11082947074300328,0.1500462114900452,0.30157804603951843,0.6068605950287334,0.8440605888019513,0.9483237764973214,0.9846856229098755,0.9942766097328976,0.9965267475052519,0.9972275595190632,0.99780153919022,0.9981292644947068,0.9984815206956064,0.9987732362786227,0.9990569544788296,0.9992917393286471,0.9995258619845253,0.99970281825543,0.999827418030155,0.9999039702739766,0.9999495225545715,1.0,0.9999511304036449,0.9999063956717501,0.9998057148258298,0.999686467800105,0.9995817749889792,0.9990674028497603,0.9985567064487992,0.9978960626763198,0.9970526497241995,0.9968202842191243,0.9965757769993502,0.9965979534942405,0.9966486483523663,0.9967363841247034,0.9968501286268888,0.9969083023432012,0.9969140060088855,0.9968446941497464,0.9967037981099847,0.9965012381688245,0.9962241003785703,0.9958736454742915,0.9954221397217031,0.994800746400369,0.9937376115877069,0.9917193951929032,0.9897965620111264,0.9860663984621101,0.9804857847639309,0.9780473920673821,0.976520174547333,0.9748348741114569,0.9731659758751408,0.9720882663458427,0.9717713327441039,0.9724198846571339,0.9733485272111213,0.9738335526971853,0.9740089132970642,0.9742845403292839,0.9723858481734349,0.9721447123943515,0.971494726413207,0.9713653184681653,0.9706433796499723,0.9687165367676213,0.9653307462571684,0.9602106459348001,0.9528527045902706,0.9416761022370346,0.9283666315808826,0.8794948275951964,0.672885533323425,0.6706231740991547,0.6638245998739644,0.6598536945277107,0.6629899476721796,0.665110305637999,0.6723716825310867,0.6874407332727116,0.705311073695385,0.7212234731673883,0.7368071540928557,0.7509813915271514,0.7641231814002359,0.7758314212167141,0.7865384547369577,0.7956758665667427,0.8032425063046317,0.8107664544504007,0.8169403153199144,0.8217378456169533,0.8264622400826818,0.8302770406181841,0.8330078702953115,0.8346358126795222,0.8347724907817645,0.8338351006681002,0.8334584321805768,0.8322805148784155,0.8292693879560664,0.8251381005671443,0.8198320060917157,0.8146233485134041,0.8100729465379034,0.8068056946401899,0.8011851009599787,0.7945175275557268,0.7896509537520531,0.7850197322379826,0.7798720994240848,0.769695485447777,0.7556769448248317,0.5066048261914778,0.5186549378624545,0.5392050253302455,0.5516304845326153,0.5605687850954184,0.5680237553112564,0.5732717401112543,0.5832404409552698,0.5908701798264132,0.597710106941768,0.6014883123170093,0.6053444560906008,0.6101042379388874,0.6157731478783187,0.6213265064412348,0.6274672178619894,0.6336125037448814,0.6397947486151795,0.6453316687127523,0.6503777895576203,0.6552898709782616,0.661186973267467,0.6667326734083734,0.6730796025546053,0.6788381265921681,0.6853498601460883,0.6915650694732115,0.6961423931311147,0.6985160463590399,0.6991493367436002,0.6961780742504672,0.6908996441065274,0.6832384406379558,0.6743289958072504,0.6672189648702821,0.6615131486124327,0.6539662771363993,0.6466512424102927,0.6446055943480691,0.6476647452493208,0.6420564868301013,0.6329553791238387,0.6260725500063277,0.618085714221178,0.6094598580686147,0.6022145835584842,0.5975277903070096,0.5910803508502056,0.5841298455817017,0.5775123880761945,0.5696397321313905,0.5617920527579715,0.5576342541132214
56,0.4161130377069722,-0.15463066030233105,-0.17551282208408112,-0.19387159051419184,-0.2131680372814154,-0.23011391172081064,-0.24275826371089365,-0.25681897326041137,-0.27322336800491304,-0.2939609473574242,-0.3113388487699378,-0.3136897713933635,-0.28573276491905353,-0.2352816041199729,-0.19861551622385043,-0.18313215655650586,-0.18945051288927292,-0.23041669567772083,-0.2632954662094493,-0.23114646192554616,-0.12761035650529595,-0.026448394749261993,-0.015642583175000613,0.0036527759034759807,0.030080840985569787,0.03635393987422134,0.06599625174740714,0.09320331959892314,0.11786076630377366,0.09979533892949126,0.11026438900327104,0.14954951115718468,0.3011892242694611,0.6065329885091924,0.8437556457180359,0.9480075707467417,0.9843373400697119,0.9938943783702197,0.9961351869802014,0.9968571133258298,0.9974583787141915,0.9978075602167975,0.9981910517191621,0.9985114488120849,0.998827399848072,0.9990988056529128,0.9993689224873958,0.9995765172872326,0.9997305095526842,0.9998360480284109,0.9999083314167108,0.9999511304036449,1.0,0.9999483707338156,0.9998804078791159,0.9997876366432907,0.9997063498630024,0.9992323773449475,0.9987568327254434,0.9981345290227358,0.9973270822171298,0.9971134991983318,0.9968885145979482,0.9969245548849803,0.9969881745921746,0.9970850243962663,0.9972058523439771,0.997272863543513,0.997285693784335,0.9972253169113799,0.9970953035326728,0.9969053799180391,0.9966440521231358,0.9963117475349477,0.995881389207717,0.9952840211167939,0.9942523572410387,0.9922733842368585,0.9903935972956874,0.986716344555094,0.981196179598788,0.9787884144689469,0.9772817216276647,0.9756161599376201,0.9739683907336439,0.9729067112458448,0.9726011186598092,0.9732559726835404,0.9741892008212241,0.9746811102730025,0.9748657574433576,0.9751440032071433,0.9732593423558468,0.9730053690402793,0.9723688008183541,0.9722465862492616,0.9715372498568007,0.9696297041836844,0.966274212265662,0.9611893639754336,0.9538756580006948,0.9427494424626973,0.9294777129296734,0.8805063674780422,0.6738451171368903,0.6716013959062586,0.6647885136978476,0.6608403260780458,0.6640484256571944,0.6661865955740961,0.6734434770931452,0.6885657457693718,0.7064905708224926,0.7224321493536993,0.7380440060119822,0.752241314896853,0.7653980006083111,0.7771137217914702,0.7878275748995939,0.7969704984097047,0.8045416366952504,0.8120719239399162,0.8182582101589034,0.8230681007159159,0.8278060294857924,0.8316337399441623,0.8343752782045103,0.8360120235382577,0.8361535226609348,0.8352181874704917,0.8348397849572772,0.833653867677313,0.830635136782931,0.826496173970621,0.8211838987557052,0.8159683106334198,0.8114184023582456,0.8081574073063295,0.8025414191363246,0.7958724211017808,0.7910007233883736,0.7863636413832761,0.7812015069711773,0.77095958629754,0.7568286811020309,0.5075305457279308,0.5196322257507763,0.5402310014011562,0.5527162168947884,0.5617114580985783,0.569199950833637,0.5744535126129314,0.5844080345222792,0.5920164650172455,0.5988337655692199,0.6025616734981311,0.6063585642766898,0.6110589510273791,0.616696005858384,0.6222298155560397,0.6283582354026873,0.6345029239941433,0.6406909098387259,0.6462419484767971,0.6513068333406999,0.6562479873634068,0.6621651724795654,0.667739951658814,0.6741184503780956,0.6799147334012449,0.6864641207014341,0.6927136098148706,0.6973285407689565,0.6997146708778557,0.7003470380420468,0.6973458054222236,0.6920171565781635,0.6843017868511555,0.6753435130451974,0.668216751510992,0.6625271954607952,0.654982391290502,0.6476669023220398,0.6456296907996444,0.6487125126935008,0.6431191549897541,0.6340165913249208,0.6271125812579251,0.6190974737095869,0.6104538653418536,0.6032006585864677,0.5985206415176124,0.5920570326228887,0.5850754519598736,0.5784494388945078,0.5705261522456656,0.5626227575421425,0.558413260321582
57,0.4146139788882837,-0.15419041960378926,-0.17505362505779215,-0.1934055348826178,-0.21273764837827616,-0.22970359707052163,-0.24234145035689883,-0.25637766187745514,-0.2727624533252473,-0.2934994328147849,-0.3108870838631282,-0.31326729597928277,-0.28536600763558356,-0.2350292413277113,-0.198470277387972,-0.18304317998450767,-0.18936169004235318,-0.23023157172904812,-0.2629671594245645,-0.2306669527324201,-0.12694603632360174,-0.025612995705084952,-0.014692969760875974,0.0046952128416017196,0.03121229711471774,0.037573393928472844,0.06730083383890516,0.09457518742523263,0.11928776277360678,0.10115371878535825,0.11168318119685681,0.15102505654497633,0.30271814446935597,0.6078196316763375,0.844544837012504,0.9483404505298154,0.9843178871366426,0.9936544999283398,0.9957928260222342,0.9965041890233983,0.997113118603091,0.9974776537673019,0.9978893494052099,0.9982369979403871,0.9985839625016891,0.9988987963734545,0.9992019401733065,0.9994324957780226,0.9996107939593968,0.9997415925929727,0.9998388068258839,0.9999063956717501,0.9999483707338157,1.0,0.999938857604082,0.9998804128510314,0.9998226682722159,0.999430808301742,0.9990096420763305,0.9984418578886548,0.9976926710776657,0.9974964054933898,0.997289030974073,0.9973250645175044,0.99738933959585,0.9974844059571573,0.9975990632646309,0.9976596689228081,0.997667661151147,0.9976067484489934,0.9974807581552787,0.9972995044226729,0.9970539308812344,0.9967436234463564,0.9963456653203321,0.9957919262122236,0.9948302076250332,0.9929432656604682,0.9911365939320032,0.9875688669114924,0.9821769607087952,0.9798167870699105,0.9783400847148345,0.9767087761451889,0.9750927108366917,0.9740533558531481,0.9737557675774859,0.9744010318045329,0.9753222766783725,0.9758087977191826,0.9759932222110652,0.9762685964040306,0.9744149606144032,0.9741559793824678,0.9735336458342585,0.9734193209202854,0.9727274368292199,0.9708581120979205,0.9675643380604797,0.9625601844362022,0.9553522869788993,0.9443628183697719,0.9312251574237409,0.882337531220661,0.6763417376084793,0.6741371582732621,0.6673299657017383,0.663389564674069,0.6666471170309423,0.668793059925887,0.6760377464717471,0.6911626606835349,0.7090882189577347,0.725015419952694,0.740610004587856,0.7547876995278812,0.7679198386317843,0.7796116160484735,0.7903000089066242,0.7994211725284016,0.8069734948381123,0.814485350762284,0.8206586882943492,0.8254645739406439,0.8301970160620729,0.8340197411692635,0.836760803456046,0.8383981640464461,0.8385439072716083,0.83761432437076,0.8372357011206027,0.8360502728326681,0.8330393198299237,0.8289105849077416,0.8236142490962597,0.8184102517462807,0.8138769296069471,0.8106349480623177,0.805039898314678,0.7983959363679102,0.7935409918715947,0.7889149203871013,0.7837664270947693,0.7735125825479208,0.759332372638368,0.510181472622232,0.5223152184964173,0.5429689713988823,0.5554924217566559,0.5645135763801021,0.5720181682596881,0.5772746737947536,0.5871818566374231,0.5947724306718724,0.6015656455271721,0.605244944017741,0.6089869904006806,0.6136223986060332,0.6192239945414256,0.6247253322400533,0.6308380342985149,0.6369696255755384,0.6431592232167748,0.6487172030655087,0.6537929053712391,0.6587483578790281,0.6646772360264772,0.6702745201999205,0.6766678741402389,0.6824843025137927,0.6890610510174932,0.6953351917590933,0.6999713387576892,0.7023605379229907,0.7029936531445221,0.6999692930084093,0.6945990738709686,0.6868485969192865,0.6778536075009296,0.6707318371257406,0.6650631625240846,0.657533373248506,0.650226400966556,0.6481932922002613,0.6513052716695891,0.6457292114213247,0.6366412073593646,0.6297350927205975,0.6217035817465896,0.6130678616295301,0.6058251084476138,0.6011503699670067,0.5946802523452561,0.5876878040426264,0.5810605607686159,0.5730907771202349,0.5651611397974479,0.5609101773609153
58,0.41272950742477904,-0.15296736338170833,-0.17375716956966406,-0.19209558058837095,-0.21143876299632236,-0.22841073075124607,-0.24103904896021816,-0.25504884330851396,-0.27140996825595737,-0.2921434815690626,-0.3095419997392054,-0.31194389016919033,-0.28408591432075514,-0.23386026216525485,-0.1974008392195181,-0.18202561377383095,-0.1883324898961952,-0.22909605848436104,-0.2616760576134019,-0.22919538981242754,-0.1252486604535741,-0.0237223983711698,-0.012676575259214591,0.006818693055703174,0.033433956343130816,0.03988646967053555,0.06970605097123261,0.0970483258258799,0.12182064216616836,0.1036268207869529,0.11422169080501851,0.1536262965584683,0.3053292624593231,0.6099738847541992,0.8458703547212836,0.9489327518652706,0.9843734236855219,0.993392439543756,0.9953849561745676,0.9960789289311092,0.996691816515479,0.9970650356410462,0.9975087641480824,0.9978876205954985,0.9982702400004041,0.9986392125771848,0.9989769020105862,0.9992300207030815,0.9994297484034507,0.9995884351822238,0.999710166305709,0.9998057148258297,0.9998804078791159,0.9999388576040819,1.0,0.9999454972364017,0.9999134434352627,0.9996265274732435,0.9992784203016148,0.9987836515628361,0.9981056791208632,0.9979247483077158,0.9977369640880963,0.9977717323069448,0.9978341903645213,0.997922431902689,0.9980241734702373,0.9980739727016326,0.9980726406958678,0.9980073688696884,0.9978853089539855,0.9977125929137743,0.9974841993890935,0.9972016681553973,0.9968412075418541,0.9963433887159562,0.9954724706928461,0.9937260800855459,0.992007873725184,0.9885874206603993,0.9833696608051116,0.9810668985126304,0.9796279627022542,0.9780413303405081,0.9764682647757101,0.9754566828406549,0.9751691566179959,0.9758001214241034,0.9766999494896791,0.9771760393270417,0.9773572250755529,0.9776160133936331,0.9758246741318269,0.9755637811428337,0.9749652479364944,0.974848246826933,0.9741669559139252,0.9723398929142584,0.969126031229119,0.9642332348453558,0.9571689141013573,0.946378501978151,0.9334431491348352,0.8848011485159264,0.6797154710763723,0.677596577323299,0.6707995912369294,0.6668979505574972,0.6702036624371854,0.6723576415614854,0.6795817739548461,0.6946982632655964,0.7125934460957551,0.7284809644963689,0.7440334833705007,0.7581706152801301,0.7712577478149318,0.7829034997030802,0.7935449918827749,0.8026271582933493,0.8101503685348788,0.8176258215017604,0.8237727307206183,0.8285656317788812,0.8332812871365416,0.837088180577093,0.8398214502700855,0.8414581702351547,0.8416065043512825,0.8406845004478659,0.8403085019994645,0.8391256066315068,0.836128690574351,0.8320204766499318,0.8267543979046126,0.8215781570283593,0.8170722469609529,0.8138554158265837,0.8082924057411446,0.8016859957955127,0.7968566000857267,0.7922572543933896,0.7871293591931066,0.7768792382375501,0.7626334461397054,0.5138610062605513,0.526005808815937,0.5467193376319482,0.5592703141280139,0.5683138842876855,0.5758275029149516,0.5810777151122595,0.5909321301936172,0.5985073017251578,0.6052718805738648,0.6088951342402543,0.6125730700009339,0.6171467849335455,0.6227020099455258,0.6281678020217325,0.6342572610216156,0.6403653086208203,0.6465469114513532,0.6521062696014678,0.6571862070083092,0.6621509104274942,0.6680880713872497,0.6736969095900931,0.6801007515058785,0.6859343971211541,0.6925241127660009,0.69881263321632,0.7034568713722709,0.7058510416379632,0.7064757621831846,0.7034349994317383,0.6980380810906756,0.690262261609742,0.6812497644869795,0.6741348786193504,0.6684976453193775,0.6609971461014735,0.6537020027104931,0.6516634743604196,0.6548001294435157,0.649256341447774,0.6401874167162115,0.6332925716304623,0.6252534529165656,0.6166281809990467,0.609395997763727,0.6047312963969349,0.5982784879776193,0.5912696707678763,0.5846271988299134,0.5766414189787522,0.5686752210844845,0.5643831482789711
59,0.4112364974460702,-0.15236383518165494,-0.17308663205087796,-0.19142082306449465,-0.21076503028130472,-0.22774897278802278,-0.2403607538346082,-0.25433895742182555,-0.2706834673661497,-0.291411675854115,-0.30881797825796226,-0.31123351091387236,-0.2834311623141383,-0.23330295029458056,-0.1969445384111353,-0.18161132079836267,-0.18790716073923613,-0.22857221348634077,-0.2610136715584311,-0.22838701764999922,-0.1242675181254109,-0.022579089651482653,-0.011426275605104355,0.008157641006846295,0.03485587312953982,0.04139362717892094,0.07129192149869228,0.09869297377441168,0.12351900996111999,0.10526665464737932,0.11592113405121705,0.15538084972796584,0.3071010292683177,0.611412604871457,0.8467173102433612,0.9492565362312896,0.9843125616991488,0.9930985902228424,0.9949828706032281,0.9956658369546371,0.9962864009568452,0.9966731168315399,0.9971435719692867,0.9975485172271042,0.9979607624289908,0.9983722745186653,0.998740753764165,0.9990158360908118,0.9992391296778435,0.9994209085985061,0.9995678440030157,0.9996864678001048,0.9997876366432907,0.9998804128510315,0.9999454972364016,0.9999999999999999,0.9999515726314603,0.9997456935284792,0.9994550122445377,0.9990200534819397,0.9984028043124296,0.9982389965787576,0.9980713515844639,0.9981069420197844,0.9981703178772096,0.9982541786379688,0.9983484916922118,0.9983920018424308,0.9983834556339424,0.9983170624242497,0.9981988754131887,0.9980337233176837,0.9978218086852086,0.9975609483733453,0.9972305575136982,0.9967768189993889,0.9959733423811024,0.9943248050927093,0.9926836691983772,0.9893808121507923,0.9843022211403821,0.9820501004566479,0.9806450541708918,0.9790936282916864,0.977554286269094,0.9765654229630922,0.9762878533865345,0.9769104813864932,0.9777950696658124,0.9782642245351592,0.978444593809144,0.9786991882880792,0.9769443811664981,0.9766705064942809,0.9760856602070636,0.9759750168375645,0.9753087516202495,0.9735218500547156,0.970369728819901,0.965563443619331,0.9586079940962189,0.9479617126508301,0.9351622503540865,0.8866360950270562,0.6822198017676643,0.680172337291859,0.6734025798507196,0.6695201795795346,0.6728981525519888,0.6750632551475779,0.6822681484653089,0.6973931871313429,0.7152895240831254,0.731159189936865,0.7466888648461634,0.7608010357614384,0.7738581765717082,0.7854744978445944,0.7960847267143033,0.8051397310985737,0.8126390689493391,0.8200906592041897,0.8262201531330423,0.831006237679666,0.835710581861489,0.8395098735756518,0.8422382400199105,0.8438745792133543,0.8440250031581731,0.8431085690699701,0.8427314158468647,0.8415486205411816,0.8385589924700693,0.834461871119745,0.8292141654601557,0.8240534566335488,0.8195665314375253,0.8163699809447041,0.810829998922862,0.8042476321401721,0.7994368684993188,0.7948490014204111,0.7897277937060785,0.7794497575626194,0.7651289426663223,0.5166625398986214,0.5288768047879424,0.5496027919025781,0.5621826575840603,0.5712544511241806,0.5787838764323509,0.5840290310790132,0.5938592251613661,0.6013942191077504,0.6081305377980922,0.6117049023417466,0.6153280419299446,0.6198423923040819,0.6253579912312904,0.6307920824638876,0.6368639746001402,0.642955706439484,0.6491360839218384,0.654695196068098,0.6597819430056004,0.6647575158811126,0.6707038880860224,0.6763259794422651,0.6827413018160118,0.6885919045442841,0.6952038233416394,0.70150813115212,0.7061677731518515,0.708563852574678,0.7091807415683631,0.7061240126578894,0.7006936667246614,0.6928901193123215,0.6838552049418584,0.6767422503350901,0.6711295223744687,0.6636444147854698,0.6563624105944015,0.6543238073985912,0.6574876721335718,0.6519670425568528,0.6429157123408483,0.6360190051679668,0.6279713094680178,0.6193515779105326,0.6121276112118891,0.607479661174896,0.6010119935441419,0.5940014186020613,0.5873496187762979,0.5793242465607468,0.5713211635256832,0.5670095918785778
60,0.41013485205991296,-0.15350464300046654,-0.1741840817716726,-0.19248352619728176,-0.21182140375386785,-0.22878985966094584,-0.2413758905050577,-0.25532287845774326,-0.27164135979537046,-0.2923506760797548,-0.30974621030586347,-0.3121701349261876,-0.28440281866554235,-0.23435814456820914,-0.1980675687280831,-0.18276097316785578,-0.1890320994342522,-0.22960852641575913,-0.26194022702029773,-0.22922660963165692,-0.1250158423597546,-0.023231237401660665,-0.01200512185052039,0.007644261848816112,0.03440725725436291,0.04100816661150394,0.07096385581786732,0.0984074487465032,0.12327307968779981,0.10499014549769944,0.11568872708063314,0.15520234193583254,0.30699800503114166,0.6113249950644416,0.8465839289838715,0.9490394876986645,0.9840115515464058,0.9927308066356402,0.9945833763668265,0.9952675397619332,0.9959060964268523,0.9963124918176062,0.9968084933940481,0.9972360218778626,0.9976737018792454,0.9981103454935988,0.9985103771087608,0.9988162988841024,0.9990641096563834,0.9992702740492946,0.9994404314116903,0.9995817749889793,0.9997063498630024,0.9998226682722158,0.9999134434352627,0.9999515726314603,1.0,0.9997882787698846,0.9995335030049972,0.9991378268010364,0.9985634366419526,0.9984278525556803,0.9982794624293925,0.9983288573051182,0.9984019001359301,0.9984917769641014,0.9985899591370326,0.9986364790084425,0.9986333266303781,0.998572373829312,0.9984615316127906,0.9983082284189504,0.9981096736302263,0.9978663083972557,0.9975569222997698,0.9971246471717827,0.9963461958502249,0.9947242483058225,0.9931358894585584,0.9899000874402445,0.9848954218604952,0.9826880110400952,0.9813083052554393,0.9797802841671063,0.978263527379129,0.9772911040447494,0.9770251930914607,0.9776521672774295,0.9785400386422347,0.9790143109458875,0.9792011342369759,0.9794679452833823,0.9777098907543347,0.9774300936598062,0.9768521206526602,0.976755130698013,0.9761128412858735,0.9743524238345893,0.9712332098681126,0.9664635549342048,0.9595544216961269,0.9489472352688761,0.9361651949854739,0.8873960264709055,0.6829446581108667,0.6809829407201525,0.6742315054038028,0.6704152032559993,0.6739266680116865,0.6761216922500697,0.6833073190853304,0.6985130833116913,0.7164955334726478,0.7324041897663692,0.747967664509124,0.7621019073106565,0.775170975617738,0.7867942637060993,0.7974108328498846,0.8064694402877469,0.8139660330720031,0.8214240906415208,0.8275642825628278,0.8323552833275215,0.8370719939530058,0.8408834647694973,0.8436183439275179,0.8452598581341182,0.845416355688799,0.8445017814372039,0.844119784015294,0.8429308371463925,0.8399334272674817,0.8358286565990536,0.830574759516708,0.8254045119037088,0.820914968903066,0.8177231039897704,0.8121860529623841,0.8056002279724672,0.8007753764485891,0.7961642978114146,0.7910066607192593,0.7805989152954937,0.7660875927331896,0.5176363070124269,0.5299008500628074,0.5507038639311653,0.5633671386480911,0.572490498255699,0.5800513003365283,0.5852863847937821,0.5951131081430032,0.6026309889997705,0.6093668658366991,0.612905992540377,0.6164768483838526,0.6209350152788309,0.6264231347849496,0.6318439130186964,0.6379080917043296,0.6439984135535985,0.6501848924699114,0.6557566153643424,0.6608614149191155,0.665861188242682,0.6718251125616876,0.6774672959068665,0.6839077330638607,0.6897845696270593,0.6964297789528426,0.7027606164587755,0.7074488081897998,0.709859192957998,0.7104766400960555,0.7073910581063765,0.7019174973325983,0.6940682821196805,0.6849940637619489,0.6778730853130749,0.6722733911198672,0.6647954737463415,0.6575071849092656,0.6554769576769637,0.6586634204521225,0.6531449555914457,0.6440846021885718,0.6371762018463967,0.629085167495743,0.6204410017543203,0.6132201234235121,0.6085758947827415,0.6021010354357968,0.595051459538647,0.5883931939431533,0.5803342878391053,0.5722767220239723,0.5679194715377646
61,0.4069238201143385,-0.14397539358974748,-0.1644969994873038,-0.18279684554245224,-0.20216937979155747,-0.2191879503204033,-0.2317786865787704,-0.24571121988034555,-0.2620321100357439,-0.2827755318877289,-0.3002318497235757,-0.30270803988502165,-0.2749730376409373,-0.22505901647078425,-0.18892820227223303,-0.17373680512853018,-0.18002272140071485,-0.22047642491585115,-0.2525715080672261,-0.21946230608698628,-0.11470159104193417,-0.012533409869946737,-0.0010917185697338445,0.018736499699730444,0.04564272842332999,0.05238335452851119,0.0824732136308623,0.11001353901999962,0.13494917753824826,0.11656937686179038,0.12735723088249665,0.16689785227149245,0.31839297966787317,0.6206888481429237,0.8525907524064807,0.9522129031757227,0.9851687943801114,0.9927244892115078,0.9940175288934363,0.994568577570718,0.9951315748019198,0.9955121494567224,0.9960373092355985,0.9964910291638112,0.9969723802829736,0.9975097339102478,0.9979404713821192,0.9982357512717841,0.9984880971301523,0.9987136721456373,0.9989038140860227,0.9990674028497603,0.9992323773449476,0.999430808301742,0.9996265274732434,0.9997456935284792,0.9997882787698845,1.0,0.9998522756091434,0.9996317400479361,0.9992235800943731,0.9990799922289215,0.9989463079623394,0.9989392223815903,0.9989642989274086,0.9989945223765184,0.9990179328901889,0.9989944480610552,0.9989269292372542,0.9988212397859978,0.9986872488312415,0.9985279151395282,0.9983513355373523,0.9981602403639998,0.9979389790943017,0.9976579933839633,0.9971589752827682,0.9959568959208605,0.9945934704959415,0.9917740756666346,0.987269478546271,0.9851916186029559,0.9838863543241343,0.982466757042171,0.9810490910633104,0.9801363577883527,0.979866938276546,0.9804187581450776,0.9812090009744603,0.9816194489065726,0.9817677729762381,0.9819611515310909,0.9804099213582836,0.9801476867231891,0.9796205760890501,0.9794999276641401,0.9788650401952487,0.9772169988093562,0.9743232022596438,0.9698910827857598,0.9634217118322759,0.9534596503340684,0.94137804531521,0.8939820238440506,0.693578199180014,0.6917844990601189,0.685093452577838,0.6812921807622583,0.6847101708454613,0.6868619893285534,0.693991034027703,0.7089561307865277,0.7266071301728579,0.7422457363447899,0.7575361121566515,0.7714317411188951,0.7842702866423023,0.7956780589270838,0.8060893394738703,0.8149705504619568,0.8223357340559739,0.8296258572996357,0.8356226984553872,0.8403276363972337,0.8449320913052526,0.8486392552600978,0.8513107315377723,0.8529187257553268,0.8530663108057234,0.8521688840850392,0.851800360986153,0.8506425668998351,0.8477264938666845,0.843726232124447,0.8386057330725647,0.8335661636908831,0.8291926107909278,0.8260910645135895,0.8206771450556261,0.8142543258461092,0.809567238091245,0.8051066359808807,0.8001202407697814,0.7899972154855543,0.7757070881734435,0.5293918582242977,0.5416030182582416,0.5623335521255771,0.5748777347555141,0.5839224036015266,0.5914165279962034,0.5966307845833896,0.6063033514504403,0.6137891597761285,0.6204240422140997,0.6238791396417254,0.6273943657374214,0.631774864201304,0.63717958174431,0.6425153403175776,0.6485032795814334,0.654517031522256,0.6606479490256608,0.6661713163804914,0.6712282118765789,0.6761882251904574,0.6821123488495356,0.6877244072475382,0.6941136010578427,0.6999474460525498,0.7065388922809999,0.7128189247750162,0.7174564328590851,0.7198262554055204,0.7204203215599998,0.7173562634758291,0.7119170352621673,0.7041344681451938,0.6951276286395472,0.6880688075172469,0.6825320186070774,0.6751420526616717,0.6679257055567603,0.6658826251313821,0.6691040230753241,0.6636662109776038,0.6547192899475204,0.6478871985913732,0.6399002560221102,0.6313619190615397,0.6242145343870811,0.6196172843527512,0.6132080702397211,0.6062320154615014,0.5996004205394099,0.5915584360224998,0.5835491273781691,0.5791835277543649
62,0.40379470492225045,-0.13883147057566822,-0.15908463207139914,-0.17733804123841612,-0.19664810251472437,-0.2136487364560057,-0.22619022243344625,-0.24007555308122155,-0.25636263167751644,-0.2771149958311842,-0.29457551791875075,-0.2970507196632757,-0.26933381909896553,-0.21949391843572888,-0.1834632708127178,-0.16832346587392819,-0.17457475626382538,-0.21488692150472782,-0.24678614149186645,-0.21340584157631667,-0.10830108987598325,-0.005876365572659348,0.0057267437871934375,0.025687423051850213,0.05270868332282681,0.05956345050115331,0.08974709198001316,0.11734244063277796,0.14233141404454813,0.12390747563431698,0.13476983010113602,0.17435099620433267,0.32564686866870507,0.6265992548559306,0.8562907614668418,0.9540083717579084,0.9856270742125279,0.992404371963381,0.9933240834522495,0.9937838222692276,0.9943113789820496,0.9946875484839276,0.9952432486296956,0.9957270505025064,0.9962452099313402,0.9968463712190919,0.9973159921521112,0.997631276892561,0.9979004800711045,0.9981502774310952,0.9983651267867122,0.9985567064487992,0.9987568327254434,0.9990096420763305,0.9992784203016147,0.9994550122445377,0.9995335030049973,0.9998522756091434,1.0,0.9998438250666981,0.9995813373994373,0.9994620207653057,0.9993570903844812,0.9993345325864805,0.9993350387537117,0.9993293764803669,0.999307074524311,0.9992394378813345,0.9991331672949532,0.9990010981673905,0.9988555449917407,0.9986992860314813,0.9985423053444838,0.9983924995854292,0.9982329996647195,0.9980468726937438,0.9977010091060013,0.9967630136186728,0.995592078842776,0.9930959517723965,0.9889720169112698,0.9870162581968963,0.9857879709708105,0.9844503720001103,0.9831134576775787,0.9822503184262233,0.9819906395218966,0.9824999587383211,0.9832333061180794,0.9836072295492977,0.9837351303144246,0.9839053568978844,0.9824584599164762,0.9822027030539262,0.9817001960688799,0.981581176199401,0.9809720366152527,0.9794173797941225,0.976681968873989,0.9724818517306351,0.9663061675898165,0.956746653354899,0.9450422858481546,0.8981991384746376,0.7001970752171458,0.6986843711346136,0.6921096855485758,0.6884551654177888,0.6919901085378987,0.6941508885987158,0.7012129260980414,0.7161261511088627,0.7336763729935406,0.7491922273531794,0.7643485298825233,0.7781093479706092,0.7908120964622107,0.8020893896901282,0.8123723851228739,0.8211372018576314,0.8284079206950521,0.8355944150082167,0.8415059891105687,0.8461480952211181,0.8506824952130811,0.854332695269938,0.8569611090041419,0.8585453367098743,0.8586856139673736,0.8578029628170247,0.8574360492245471,0.8562882789599755,0.8534064321979155,0.8494602898157692,0.8444153186071556,0.8394495664005927,0.8351469020494128,0.8320926321322181,0.8267601679280052,0.8204227158208356,0.8158014921649955,0.8113937811008095,0.8064399888054766,0.796304152992508,0.7818792502159411,0.5372810023091346,0.5495539608566434,0.5703211781948667,0.5828855485974946,0.5919343076700054,0.5994093694025424,0.6045937714779559,0.6141776722998684,0.6216196857333582,0.6281988895620773,0.6315892585701419,0.6350353953787385,0.6393413444338176,0.6446711785631944,0.6499454456273698,0.6558802866706249,0.6618429160322851,0.6679357848458571,0.6734334495711514,0.6784718226691642,0.6834165253902342,0.6893081968145202,0.6949027149816274,0.7012601329784438,0.7070750800661445,0.7136424932528619,0.7198934678557423,0.7245056800169754,0.7268582013870467,0.7274308000054095,0.72437543033514,0.7189456102498549,0.7111929233133178,0.7022177074189572,0.6952088704428985,0.6897172461488761,0.6823856903463764,0.6752169875139497,0.673167494776045,0.6764102023202414,0.6710234167121004,0.6621413234495584,0.6553422204607675,0.647391328946923,0.6388945431247169,0.6317875257941149,0.6272319582429136,0.6208481906437886,0.6138702615102052,0.6072712460151102,0.5992203325880284,0.591178691983604,0.5867958632027417
63,0.40044499952938023,-0.13326318311965588,-0.1531788752571126,-0.17136151082892662,-0.19059547708970276,-0.20753863998681932,-0.22002691956347545,-0.23386305832325446,-0.2501206570500998,-0.2708743384141056,-0.28834262523910154,-0.2908364669777609,-0.2631435182027431,-0.21340741034970093,-0.17750881952756564,-0.16241468530981737,-0.16862699151404129,-0.20876164158475563,-0.24041674798431253,-0.20671857480405953,-0.10119752263807262,0.0015343778631858864,0.01332100230013019,0.03342445270703035,0.060576582093063575,0.06756735118708218,0.09786617234264754,0.1255368891986617,0.1505785682355967,0.13213746196716564,0.14308012715841406,0.18270723089361973,0.33377809401252967,0.6332182862507925,0.8604307110945434,0.956007179077221,0.9861173929443268,0.9920225664647129,0.9925219656992128,0.9928657553995415,0.9933526422682368,0.9937254515861916,0.9943088774364787,0.9948232212814518,0.9953740184243713,0.9960406823095751,0.996546258340238,0.9968820102305287,0.9971658041155581,0.9974411598966194,0.9976794326611731,0.9978960626763199,0.9981345290227359,0.9984418578886548,0.9987836515628361,0.9990200534819397,0.9991378268010364,0.9996317400479361,0.999843825066698,1.0,0.9998416034465006,0.9997655566566633,0.9996938212966879,0.9996547253919861,0.9996258308657922,0.9995799932295513,0.9995036782959775,0.9993856377979481,0.9992335105012327,0.9990716445941913,0.9989112683928488,0.9987568055842171,0.9986223019290257,0.9985150320593582,0.9984231763817057,0.9983382598408495,0.9981503243457132,0.9974652975208571,0.9965196646916337,0.9943961187083062,0.9907027018573803,0.9889090564727854,0.9877701057082987,0.986526323378538,0.9852776478697878,0.9844674196155889,0.9842159848139282,0.984681007519869,0.9853496070945367,0.9856796467351586,0.9857838366304094,0.9859352480104295,0.9845866776422377,0.9843222220108532,0.9838346712456797,0.9837350379159926,0.9831732096144055,0.9817272798437726,0.9791705221427237,0.9752202251704377,0.9693697295961179,0.9602268317043248,0.9489026330375404,0.9024092184189476,0.7070145160413092,0.7059376679776967,0.6995586984950989,0.6961067352795844,0.6998798273123482,0.7020718446706674,0.7090308305272797,0.7239268853970892,0.7414099049200599,0.7568034241974811,0.7718170397418175,0.78543296834911,0.797983500904774,0.8091174636669423,0.8192569902898957,0.8278961294470132,0.8350539895882941,0.8421282198376282,0.84794753104608,0.8525096228650979,0.8569675249328504,0.8605559930535134,0.8631368599810805,0.8646898276408564,0.864826041821197,0.8639545361945519,0.8635911616155567,0.8624580228983668,0.8596220687180623,0.855734584497887,0.8507701931544086,0.8458824497770412,0.8416497247184278,0.838648236906471,0.8334011105448564,0.8271553932465738,0.8225929013075782,0.8182200509967502,0.8132781208821624,0.8030279398699357,0.7883325167738632,0.545982104222677,0.5583027101116054,0.5790998627504556,0.5917111997716482,0.6007669224799452,0.6082249931163013,0.6133619425415752,0.6228394213470173,0.6302601218960455,0.6368086437349751,0.6401425635189076,0.6435170497006361,0.6477333544392041,0.6529970867578369,0.658212245203595,0.6640948793742266,0.6700071555118216,0.6760566153123726,0.681522800864694,0.6865359032572201,0.6914587127220069,0.697317503265314,0.7028816495620674,0.7092064773712404,0.7149887836617981,0.7215190071535718,0.7277281575619076,0.7323127945129078,0.7346505029902368,0.7352187352270128,0.7321736919879479,0.7267662626914982,0.7190508158942135,0.7101170351973437,0.7031521689502899,0.6977233110079584,0.6904566577788748,0.6833445370804656,0.6812659614211756,0.6845490245547837,0.6792108898741063,0.6703971099810381,0.6636404866250407,0.6557029270360673,0.6472594278001486,0.6401861874603902,0.6356719809771495,0.6293145837150942,0.6223453332991323,0.6157750301729202,0.6077032456902028,0.5996598291869011,0.5952654686433728
64,0.3969865146002295,-0.12742374987767524,-0.146936137488637,-0.1650460259053701,-0.1841782057697063,-0.20105611753667227,-0.2134898612018422,-0.22728252107430116,-0.24351166481492462,-0.2642653350846544,-0.2817427152066052,-0.28424483253431415,-0.2565933221116051,-0.20697961537994478,-0.17122660258592692,-0.15619118290947254,-0.16235265275686536,-0.2022948100014209,-0.2336863516502707,-0.199646030329539,-0.09368925236948655,0.009370017012991744,0.021345748441603658,0.04159771328558832,0.06888909870265707,0.0760339434243391,0.10644601454389474,0.13418367391756592,0.15927930307838373,0.14081146898961502,0.15184043386173113,0.19151189348520176,0.3423318286263174,0.6401633383063375,0.8647360947863649,0.9580260272577927,0.9865319166883826,0.9915061506458335,0.9915485699497396,0.9917577752304583,0.9921989173581065,0.9925739046441368,0.9931861453069983,0.9937298423424535,0.9943154580747887,0.9950431431283704,0.995585142972412,0.9959468566647857,0.9962487924567098,0.996546830015136,0.9968102782037302,0.9970526497241996,0.9973270822171298,0.9976926710776657,0.9981056791208632,0.9984028043124296,0.9985634366419525,0.9992235800943731,0.9995813373994373,0.9998416034465007,1.0,0.9999306292164788,0.9998968764415908,0.9998432900984843,0.9997843009202999,0.9996948922848492,0.9995620913434901,0.9993896257805528,0.9991893353401479,0.9989933442079226,0.9988165244763959,0.9986632318055949,0.9985528849271597,0.9984901695821303,0.9984694911743428,0.9984853562626584,0.9984525163662606,0.9980019244910403,0.9973059995524988,0.995582381055219,0.9923590925531653,0.9907581798611673,0.9897208566123227,0.9885778533783257,0.987424754450622,0.9866696481970072,0.986427503347466,0.9868443374752235,0.9874433195052179,0.9877263151596799,0.9878039885852594,0.987953696920984,0.9866751399376256,0.9863953673319197,0.9859105424548259,0.9858458927112663,0.985357528396955,0.9840374019200567,0.9816696116013439,0.9779783020831923,0.9724642923369576,0.9637286595764284,0.9527542794165181,0.906358538051113,0.7137034750897455,0.7131492554137672,0.707018030892456,0.7038328171024539,0.7079654035325607,0.7102046115844801,0.7170341841106721,0.7319667841780236,0.7494460454571751,0.7647294910192298,0.7796161601724387,0.7930857250771901,0.8054818089612951,0.816467364300692,0.82646273359609,0.8349693439460442,0.8420006170736396,0.8489628002098644,0.8546876618341069,0.8591605140452855,0.8635431160830986,0.8670656084791258,0.8695969618702026,0.8711151984546708,0.871248571027566,0.8703922206269058,0.8700291585720048,0.8689119899286625,0.8661210237747664,0.8622973943372916,0.8574124075777195,0.8525980804417493,0.8484252114172435,0.8454761109204127,0.8403157545760152,0.834155355368096,0.8296394553425293,0.8252691502623298,0.820298776811352,0.8098197683457546,0.7947475139187501,0.5550056388063044,0.5674376892584789,0.5882913674022723,0.6009738182342838,0.6100607049413932,0.6175102188331778,0.622584394677549,0.6319312915593565,0.639356859163282,0.6458890505198641,0.6491689431806236,0.6524629565297136,0.6565756527392027,0.6617742552641058,0.6669395630302207,0.6727672184652198,0.6786317563623808,0.6846392764890395,0.690070199571246,0.6950593358490351,0.6999629327372845,0.7057827221250068,0.7113176725257309,0.7176039138313989,0.7233504879252388,0.7298488779710752,0.7360120992644097,0.7405711631293691,0.742906665383293,0.743465839108983,0.7404330645361419,0.7350475146235228,0.7273612243672726,0.7184713969369082,0.7115670346819003,0.7061949666476043,0.6990035430720591,0.6919441749734085,0.6898395075934086,0.6931712674199406,0.6878819821321708,0.6791177129859772,0.6724036138559051,0.664473496781728,0.6560784650620336,0.6490398769433703,0.6445703927418729,0.6382261222981818,0.6312506337982299,0.6247333482666215,0.6166578847379551,0.6085481318420128,0.6041893598929584
65,0.39530915889611323,-0.1288991529153929,-0.14824280718522118,-0.16628669613795732,-0.18534564400703546,-0.2021495955867643,-0.2145477431832759,-0.22829436652041415,-0.2444869606821424,-0.26520768548101215,-0.282649290232003,-0.28513811507612163,-0.25750687547849266,-0.20794562680468512,-0.17223170306939445,-0.1571889555314707,-0.16328675887389132,-0.2031099343978788,-0.2343763745197301,-0.2002422148190245,-0.09419367045050461,0.008965051323265642,0.021010804738463455,0.0413148047006699,0.06867282522367002,0.07588712278761983,0.10634736885649605,0.13411301941453246,0.15923728206332963,0.14077064683320753,0.15184045063490734,0.19156466690901733,0.3424390226539594,0.6402227185291205,0.8646688150087745,0.95779738674398,0.9861794078003452,0.9910738510104842,0.9910752034134359,0.9912667817661173,0.9917295095786332,0.992127168072495,0.9927600728370375,0.9933252252503509,0.9939315921630761,0.9946722160023291,0.9952415695328546,0.9956312404214122,0.9959571156651176,0.9962738358072922,0.9965585054759204,0.9968202842191243,0.9971134991983318,0.9974964054933897,0.9979247483077157,0.9982389965787576,0.9984278525556803,0.9990799922289214,0.9994620207653055,0.9997655566566634,0.9999306292164788,1.0,0.9999581216073055,0.9999262770713674,0.9998774222699907,0.9997921764573159,0.9996634438205005,0.9994926031900436,0.9992973038005241,0.9991055948855971,0.9989366560123066,0.9987947669050381,0.9986980438430082,0.9986514739815892,0.9986497871200265,0.998679883569782,0.9986485616407472,0.9981884071469015,0.9975645052420311,0.995924763584184,0.9927934558319277,0.9912734896213464,0.990278406393304,0.9891636603410126,0.9880380768458399,0.987302471982124,0.9870736691565489,0.987494573305268,0.9880945234889553,0.9883795504520855,0.9884600675939375,0.9886330306500573,0.9873280943972271,0.9870263372719804,0.9865308161218928,0.9864942493429925,0.9860495597519255,0.9847614984398088,0.9824252845524398,0.9787664171749191,0.9732919998269568,0.9645594477667981,0.9535503570772728,0.9066228933744289,0.7137677268657462,0.7134612353099872,0.7074387976215263,0.7043970344445828,0.7088074453848718,0.7111065406562268,0.7178896445986315,0.7329636495911955,0.7506052921068301,0.765954116575767,0.7808965056764479,0.794395129106777,0.8068085044034112,0.8178041459426055,0.8278093329851206,0.8363191128026806,0.8433402245275297,0.8503090942758267,0.8560479265153361,0.860515323516494,0.8649085757307184,0.8684461134551592,0.870981138056831,0.8724994776131745,0.8726426008389154,0.8717894960269066,0.8714223195710109,0.8703046963983783,0.8675102803121626,0.8636811845257689,0.8587889034607301,0.8539601047073715,0.8497725159736956,0.8468152957637849,0.8416537002440496,0.8354737947920337,0.8309166491267018,0.8264857535965778,0.821424600600137,0.8106941682991484,0.7952633630222562,0.5558462489841605,0.5683656756300705,0.5893030331567062,0.6021388791177268,0.6113070479034318,0.6187962263851965,0.6238487101784865,0.6331830159792421,0.6406251520410283,0.6471947487644927,0.6504642630881173,0.6537034035200526,0.6577664944046606,0.6629529559427039,0.6681209398677221,0.6739453553967145,0.6798188203038066,0.6858363339914955,0.691278332287621,0.6962854614996244,0.7012061375242203,0.7070391073030868,0.712580140644177,0.7188849324905985,0.7246455940214364,0.7311662980877112,0.7373402502832864,0.7419227590514953,0.7442810667699685,0.7448510541651141,0.7418111036580682,0.7364037572650339,0.7286793961716131,0.7197675570922204,0.7128701368040409,0.7075138889933429,0.7003310640929369,0.6932758417517049,0.6911524802614616,0.694509582518878,0.6892305554214138,0.6804364455340213,0.6737017812256899,0.6656892785900228,0.6572659180163196,0.6502162391030267,0.6457498940804338,0.6393792852146238,0.632357587738021,0.6258460219713008,0.6177048746491481,0.6095318373528437,0.605173796586928
66,0.39404908710025544,-0.13022789632414328,-0.14948883136743932,-0.16748533610227245,-0.18651858770725185,-0.2032889128455775,-0.21566043669597626,-0.2293746675386049,-0.24553751603163174,-0.2662354078810649,-0.28364907220071406,-0.28612466669655107,-0.2585137833773781,-0.20900646487655747,-0.17333482878591944,-0.1582919234607622,-0.16435441308812895,-0.20407498085942463,-0.23524086338960426,-0.20104397654481537,-0.09494338036260487,0.008275368607407758,0.020381801156196994,0.04073558151885812,0.06814184774399554,0.07540861593572082,0.10590711077069695,0.13369586093138255,0.15884792842612894,0.14036572048757065,0.1514723994872361,0.19124139777011076,0.3421654606577762,0.6399313842138523,0.8643344421909667,0.9574005171778864,0.9857292703409166,0.9905834973935738,0.9905679907614989,0.9907698779441381,0.9912520582915472,0.9916661482855778,0.9923206086612881,0.9929078061159802,0.9935366112471826,0.994298481977531,0.9948918196554736,0.9953052318645396,0.9956521629099754,0.995990269101133,0.9962932321338891,0.9965757769993502,0.9968885145979484,0.997289030974073,0.9977369640880963,0.9980713515844639,0.9982794624293926,0.9989463079623394,0.9993570903844813,0.9996938212966879,0.9998968764415908,0.9999581216073055,1.0,0.9999552710388191,0.999917750337711,0.9998412269241074,0.9997190584451203,0.9995546920565416,0.9993666268703858,0.9991833717156263,0.9990236908287272,0.998892508975775,0.998810035083241,0.9987775058358542,0.9987927180679225,0.9988402420564387,0.998823072625282,0.9983861581304946,0.9978082445872535,0.9962201706513009,0.9931522699357482,0.991670596058247,0.9907020395128823,0.9896086507596018,0.9885055494533785,0.9877852019410147,0.9875713718147594,0.98800041198156,0.9886027407176996,0.9888951893387028,0.9889829168813213,0.9891634645289047,0.9878631770995322,0.9875359706661208,0.9870476108616814,0.9870217862090274,0.986593581912484,0.9853238962702376,0.9830114418961697,0.9793783071435838,0.9739366477587957,0.9652323112011149,0.9542251821568343,0.9070733566608185,0.7140435220481529,0.7138321320835465,0.7078479145787433,0.7048726560175916,0.7094181837141833,0.7117481977577617,0.7185146988820548,0.7336687739650575,0.751399455869435,0.7667913654793658,0.7817691370375234,0.7952922286468828,0.8077210905915585,0.818728432692054,0.8287418859613819,0.8372585897089418,0.8442812998035277,0.8512592970358687,0.8570085014843491,0.8614826463906604,0.8658867738463245,0.8694353077427586,0.8719777273641857,0.8735020076420946,0.8736493687268848,0.8728018571641735,0.8724309765456203,0.8713067950381712,0.8685045544627501,0.8646682813262389,0.859768396112476,0.8549340647823079,0.8507413810687955,0.8477812296070816,0.842618835416557,0.8364286674438045,0.8318557249816129,0.8273966495999902,0.8222920716332784,0.8114277634793862,0.7958011236578824,0.5563197081220344,0.5689420015344921,0.5899340744419906,0.6028435003887809,0.6120730738914938,0.6195984642001967,0.6246379663522768,0.6339562351685156,0.6414016586410852,0.6479851277915916,0.6512272914217867,0.654422225169714,0.6584420470033272,0.6636086692908042,0.6687694970087229,0.6745927842256731,0.6804675411993173,0.6864930669567417,0.6919479356289053,0.6969712229770841,0.7019118117477595,0.7077560935336082,0.7133139464005048,0.7196368002807575,0.7254176841897639,0.7319597718329994,0.7381505975386854,0.7427550861741749,0.7451286069890953,0.745704332005293,0.7426456326759387,0.7372134004194366,0.7294577353884037,0.7205128163282906,0.7136116386229677,0.7082716453657691,0.701101305388328,0.6940455730815187,0.6919051972785022,0.6952927301863074,0.6900118420810991,0.6812084354153742,0.6744522953228157,0.6663986141998369,0.6579492778029888,0.6508877281853067,0.6464226717451569,0.6400282542956155,0.6329805901945429,0.6264589573886226,0.6182829544782238,0.6100537981904817,0.605668046140361
67,0.39393832080207675,-0.1346129265824907,-0.1538769601872632,-0.171860835629675,-0.19086344297641364,-0.2076045671261746,-0.21995352769522386,-0.23363560902305863,-0.2497728528338076,-0.27044243368020154,-0.28782051531794073,-0.2902820271161748,-0.26269956041735687,-0.21322913229893822,-0.17757506280796992,-0.16251858256120078,-0.16854754235498576,-0.20820816286128105,-0.23932671391893048,-0.20516588691179324,-0.0991392026086124,0.004066474153293213,0.016187522609784562,0.036555579562350116,0.06398890682453835,0.07127902846596343,0.10179543684114638,0.1296010618231806,0.15477816116064166,0.13629139687065223,0.14742464447175058,0.1872480554446657,0.33835282420809915,0.6367608969798149,0.8621700310280438,0.9560683383768999,0.9849610834130598,0.9901245184573634,0.9902637010174345,0.9905271000569432,0.991054092998758,0.9914928299735358,0.9921679871574974,0.9927745140055368,0.9934207639617467,0.994185326047305,0.9948022935235419,0.9952437501657954,0.995616534871495,0.9959742016140277,0.9962963040442161,0.9965979534942404,0.9969245548849803,0.9973250645175044,0.9977717323069447,0.9981069420197844,0.9983288573051182,0.9989392223815903,0.9993345325864805,0.9996547253919861,0.9998432900984843,0.9999262770713674,0.999955271038819,1.0,0.9999615939504962,0.9999141795404749,0.9998217040644279,0.9996880127596534,0.9995285048195415,0.999368955729437,0.9992278269283349,0.9991121246031613,0.9990395937372816,0.9990105599429323,0.999019875384135,0.9990477308155824,0.9989800038962071,0.9984632793149292,0.9978590875103213,0.9962018013047204,0.9930436791830275,0.9915526833845061,0.990586474687579,0.9894826687389836,0.9883722569959288,0.9876532244234024,0.9874559385864732,0.9879155294202255,0.988554284731365,0.98887429486066,0.9889830868550012,0.9891821307428112,0.9878492329495892,0.9875060970880043,0.987019690230159,0.9870021254760726,0.9865775558069914,0.9852890390084,0.982936674324149,0.9792369182699511,0.9737066816582033,0.9648654551609849,0.9537013973220325,0.9061069558944428,0.7116868493309304,0.7114436285559923,0.7054360669378855,0.7024751853331125,0.7071203790609046,0.709476996366928,0.7162659026516635,0.731540835916014,0.7494258584575724,0.7649306757522917,0.7800198537077407,0.793637747359809,0.806152703461742,0.8172343043772786,0.8273164244511706,0.8358950355132726,0.8429641908563957,0.8499978176363018,0.8557996232258571,0.8603159285678809,0.8647673999208468,0.8683570844011869,0.8709287556847402,0.8724717727493528,0.872627809703695,0.8717739989567003,0.8713971973521947,0.8702558195421666,0.8674223850953937,0.8635472080363683,0.8586027065476627,0.8537216052408142,0.8494980528552233,0.8465153247401345,0.8413174581068381,0.8350781458746265,0.8304595918905862,0.8259495513148557,0.8207812793560848,0.8097719704184064,0.7939681110013873,0.5535236992018372,0.5662066784631028,0.5872897490523346,0.6002929611264286,0.6095954784667801,0.6171693639417596,0.6222293466196526,0.6316106026264869,0.6390207093330138,0.6456220416735758,0.6488474512677893,0.6520097377915459,0.6560031014858941,0.6611675992034938,0.666331317126817,0.6721728405822811,0.678065963138195,0.6841203996495978,0.6896038813290676,0.6946587251383383,0.6996336496874432,0.7055109941745336,0.7111038238665972,0.7174643469489588,0.7232897408683067,0.729882657844133,0.7361213398110285,0.7407635610434443,0.7431589466851819,0.7437404530602325,0.7406540837021794,0.7351643712845485,0.7273465179055961,0.7183398032882428,0.7114143899237385,0.7060645680946932,0.6988771212540908,0.6917975056277071,0.6896624945944407,0.6930558033736924,0.6877640780680266,0.6789121464206174,0.672106184079794,0.663990281751062,0.6554880426182952,0.6483979373456612,0.6439181152982473,0.6374848103598695,0.6303921327146237,0.6238354864762623,0.6156298247311283,0.6073307281663637,0.60290090806471
68,0.39392429361376863,-0.13898888614896426,-0.15834379749754507,-0.17632043522699326,-0.1953197089398577,-0.21205891898067417,-0.22439988643812722,-0.2380678524563586,-0.2541754516213733,-0.27481588335740403,-0.2921686485917243,-0.29462416720456414,-0.2670754816274633,-0.2176608774871099,-0.182029404399327,-0.16696637197074513,-0.17297104472653357,-0.21257525534678867,-0.2436510467417144,-0.20952703620533528,-0.10358646775569251,-0.00040422802210361594,0.011731333865689562,0.03211191846219439,0.0595659030529859,0.06687393813427929,0.09741223169243814,0.12523618196368208,0.15043947374287356,0.13192642554264436,0.14308098070277364,0.1829510647986417,0.33424307223916033,0.63334161723613,0.8598429670784649,0.954654750838452,0.98417013464005,0.9896798916360404,0.9899939220550793,0.990326632449903,0.9909021084074094,0.9913661752770139,0.9920595191396081,0.9926846375714969,0.9933473822264378,0.994116721719163,0.994754413566912,0.9952176474525939,0.9956149265856019,0.9959912736733857,0.9963315640967977,0.9966486483523662,0.9969881745921746,0.99738933959585,0.9978341903645213,0.9981703178772096,0.9984019001359301,0.9989642989274087,0.9993350387537117,0.9996258308657922,0.9997843009202999,0.9998774222699907,0.999917750337711,0.9999615939504963,1.0,0.9999611361282471,0.9999022712498989,0.9998019506033288,0.9996718167125185,0.9995376845992108,0.9994175438952944,0.9993169434352959,0.9992535760247052,0.9992258885430674,0.9992293076023643,0.9992365868945463,0.9991253549353203,0.9985324603408943,0.9978837299299013,0.9961277780339126,0.9928537206863186,0.991332651962202,0.9903582931080874,0.989238208255701,0.9881155048866381,0.9873929989551992,0.9872086438440723,0.9877000713897556,0.9883754427753773,0.9887248708693271,0.9888564954018693,0.9890704693515797,0.9877085277815753,0.9873413241242834,0.9868630828139691,0.9868469859483986,0.9864168140238767,0.9851031182816296,0.9827045419283137,0.9789311006280643,0.9733020871802209,0.9643240584073794,0.9530168725067162,0.9050756355909315,0.7092812110648495,0.7089475344781256,0.7028874898332956,0.6998946333051397,0.7045683934621317,0.706945557226365,0.7137697305747827,0.7291312969981726,0.747133812838422,0.7627373706567939,0.7779267392425034,0.7916373803639642,0.8042365524802317,0.8153934270914571,0.8255463616854897,0.8341876343327572,0.8413102077395013,0.8484023408468964,0.8542569899543397,0.8588196026141971,0.8633192830380989,0.8669499631746598,0.8695523299487,0.8711182890730284,0.8712816239053811,0.8704233615018815,0.8700410170174622,0.8688848278362512,0.8660207384142684,0.8621083294918817,0.8571204218979174,0.8521953149589447,0.8479403121267992,0.8449386185537942,0.8397027818554033,0.8334197794335336,0.8287628289903961,0.8242176652560279,0.8190054031268482,0.8079212118828573,0.792025220383401,0.5504550743758198,0.5631880632118851,0.5843344067850877,0.5973899594247861,0.6067562445707636,0.6143783945935474,0.6194554730771012,0.6288906722993313,0.636276009663477,0.6428890188944167,0.6460944015575114,0.6492290688069149,0.6531959161374038,0.6583602196334777,0.6635325020465476,0.6693877122531098,0.6753057156731865,0.6813836830547955,0.6868952628537014,0.6919822541277757,0.6969914461215113,0.702903578794655,0.708533189833369,0.7149381165672297,0.72080641694699,0.7274453471961111,0.7337337593199463,0.7384190605997031,0.7408361148893481,0.7414249649522003,0.738303972632397,0.7327636821353488,0.7248816307095661,0.7158120552686456,0.7088545824664523,0.7034975825670966,0.6962948845650874,0.6891870092662377,0.6870510751729417,0.69046539487662,0.6851623141567365,0.6762687962493107,0.6694206847616936,0.6612521372981718,0.6526970908487207,0.6455837116916691,0.6410794962594983,0.6346113877673796,0.6274849329736364,0.6208956481896368,0.6126504341206587,0.6042975722899807,0.5998211085841894
69,0.39426462193552303,-0.1438142288311098,-0.163284826146739,-0.18125799267366366,-0.20027586034056255,-0.2170099384360651,-0.22934729598462317,-0.24299571874002876,-0.25908683947090216,-0.27969741534053577,-0.2970221580864892,-0.2994722861498753,-0.27196065195006736,-0.22259477848691178,-0.1869790332657321,-0.1719043884795995,-0.1778895408289097,-0.21745525602645469,-0.2485095131178842,-0.2144501541757304,-0.10862793770641742,-0.005492282358636538,0.006642405184504098,0.02702582881346936,0.05449121470529667,0.06180759157066142,0.09235862869845134,0.12019612949925669,0.14542263468217548,0.12688609116930744,0.13805692983247145,0.17797413469767936,0.32947110711905814,0.6293699599071034,0.8571550400350033,0.9530513149522164,0.9833111332827288,0.9892369337061026,0.9897593602372736,0.9901745574150683,0.990801187346667,0.9912901152296484,0.9920011765924063,0.9926421256279744,0.9933213639452715,0.9940919283054633,0.9947478500439034,0.9952330268871976,0.9956527193854682,0.9960484887825096,0.9964039703375864,0.9967363841247034,0.9970850243962663,0.9974844059571573,0.997922431902689,0.9982541786379688,0.9984917769641014,0.9989945223765184,0.9993293764803669,0.9995799932295514,0.9996948922848491,0.9997921764573159,0.9998412269241074,0.9999141795404749,0.9999611361282471,0.9999999999999999,0.9999580993424536,0.9998950422479378,0.9998001948709523,0.9996952931186089,0.9995969820472983,0.9995126029359996,0.9994569230294812,0.999428710488937,0.9994200451892032,0.9994007374921825,0.9992340553694441,0.9985472205261752,0.9978346194818986,0.9959509003606006,0.992524357178864,0.9909608319503116,0.9899700380164347,0.9888275990620098,0.9876843047240991,0.9869550838141854,0.9867849673577613,0.9873130047202541,0.9880302658002953,0.9884151610467845,0.9885717656631577,0.9887991560754029,0.9874087945340365,0.9870194997924779,0.986550466149181,0.9865322566192234,0.9860915115169535,0.9847418555059223,0.9822838003602046,0.9784153247359189,0.97266212706467,0.9635161264245521,0.9520403890458395,0.9037460768457313,0.7063622945317647,0.7058933410367825,0.6997582462677173,0.6967134302258489,0.7013890039871569,0.7037781925042585,0.710642481616536,0.7260948949383768,0.744217026140426,0.7599294997563929,0.7752288291336095,0.7890440812729455,0.8017393662604314,0.8129837594914049,0.8232177703769075,0.8319334668392235,0.8391198358563791,0.8462779560921286,0.8521925974309263,0.8568099192912675,0.8613652499851987,0.8650411024480745,0.8676793820931473,0.8692702698975561,0.8694398919258943,0.868576279238892,0.8681877554996055,0.8670153447692687,0.8641181488436347,0.860161941472556,0.8551241560527126,0.8501491228310308,0.8458588215107833,0.8428352039108294,0.83755582056649,0.8312212951979003,0.8265230668717534,0.821941761294714,0.8166920432380156,0.80555243754376,0.7895971325022934,0.5466398112533998,0.5594310224975185,0.5806475049366339,0.5937680373832323,0.6031954976636726,0.6108677527106826,0.6159651740378659,0.6254659196703984,0.6328337967183426,0.6394513877741854,0.6426414508389746,0.6457547611482242,0.6497029554512381,0.6548716033109527,0.6600524938675435,0.6659290739765699,0.6718672403307355,0.6779762278483583,0.6835199940005395,0.6886395548392011,0.693684684726499,0.6996332221601969,0.7053024574246014,0.7117543914432155,0.7176707501525634,0.7243638600677342,0.7307036715614358,0.7354302639174417,0.7378762965602326,0.7384651307160387,0.7353147505262837,0.72971761809536,0.7217674106599287,0.7126295179031763,0.7056407308262919,0.7002756423079656,0.693048501667635,0.6859066762161629,0.6837853767636375,0.6872010494623029,0.6818831170750698,0.672944734098426,0.666050393131635,0.6578209422557864,0.6492192376762987,0.6420724341061507,0.6375491919908346,0.6310491877171809,0.6238892863805982,0.6172649516416245,0.6089804981790615,0.600567714536873,0.5960509788909839
70,0.3948108445691037,-0.14917678470858828,-0.168785341518411,-0.18675645191307813,-0.20578121662878987,-0.2225075889299566,-0.23483816908263158,-0.24847302766874552,-0.26453993347124105,-0.28512809896022523,-0.3024196621058491,-0.304859232874346,-0.2773824678975394,-0.22805649929504446,-0.19244859235880687,-0.1773592214793847,-0.18332413164836403,-0.22286151277083419,-0.25390441727182894,-0.2199337648950125,-0.11425970050571854,-0.011195883264755678,0.000925764164870276,0.02129828308857352,0.04876397660833277,0.056080274319291155,0.0866343308005148,0.1144791736408423,0.139723591303028,0.1211782575546909,0.13235852980347526,0.17232048857382934,0.32403573846744266,0.6248513180504943,0.854111442658398,0.9512571865895183,0.9823765118989991,0.9887867886457634,0.989552963481862,0.9900595319934524,0.9907417383200372,0.9912575198020381,0.9919838523350659,0.9926402191117981,0.9933334240532745,0.9941008382931191,0.9947715287198463,0.9952782710551731,0.9957205931501428,0.9961324312848119,0.9965035926097333,0.9968501286268888,0.997205852343977,0.997599063264631,0.9980241734702373,0.9983484916922118,0.9985899591370325,0.999017932890189,0.999307074524311,0.9995036782959775,0.9995620913434901,0.9996634438205005,0.9997190584451202,0.9998217040644278,0.999902271249899,0.9999580993424536,1.0,0.999959297494922,0.9999032475955579,0.9998297515858313,0.9997558210808524,0.9996876828284765,0.9996394473810661,0.9996068064559396,0.9995816392471493,0.9995272396861637,0.9992929330735856,0.9984907689360171,0.9976975612440533,0.9956579186818767,0.9920462355733933,0.9904264065076426,0.9894126656540033,0.9882397878573366,0.9870701060900349,0.9863299238300065,0.9861731367952494,0.9867410323825692,0.9875075050603915,0.9879305404687302,0.9881152891558566,0.9883583150941663,0.9869307916233353,0.9865198898943751,0.98605806569454,0.9860384874099845,0.9855822512687212,0.9841892069747269,0.9816553694734345,0.9776734872490694,0.9717710868215604,0.9624220035934188,0.9507445642415282,0.9020477874704388,0.7028456409607312,0.7022176303001648,0.6960000108264827,0.6929001327849605,0.6975704696179013,0.6999761616233712,0.7068911856880599,0.7224372409670928,0.7406869534115122,0.7565201608972464,0.7719407014452206,0.7858707231138746,0.7986737687392861,0.810015945033363,0.8203420934626034,0.829139903630222,0.8363970469246537,0.8436287911733695,0.8496112490331406,0.8542879746334139,0.8589028881981494,0.8626295894368382,0.8653060305745379,0.8669225502518572,0.8670990073260854,0.8662275430262186,0.8658347519752173,0.8646430324430295,0.8617093106049788,0.8577040856692707,0.8526089031798062,0.8475783279800431,0.8432466874691089,0.8401957902788605,0.8348665007738157,0.8284734502025608,0.823730562758847,0.8191080280062726,0.813812810938747,0.8026116565779617,0.7866046140488008,0.5421784944956947,0.5549813437353422,0.5762873655555428,0.5894587097444766,0.5989489699017682,0.6066692698881349,0.6117886492712705,0.6213419513119566,0.6287048630569295,0.6353392034312902,0.6385161408518861,0.6416100178044015,0.645547034737867,0.6507269999379899,0.6559217978152638,0.661820355677959,0.6677852606169622,0.673926892793187,0.6795036166756314,0.6846546478248562,0.6897381564805776,0.695726479202443,0.7014342030331708,0.7079330295804903,0.7138987219264721,0.7206455805136063,0.7270414145468171,0.7318150069308906,0.7342840440497546,0.7348820870771606,0.731696696263305,0.7260446358128688,0.718027717443834,0.7088192850892385,0.7017898498103893,0.6964065188562971,0.6891481409866206,0.6819764369485237,0.6798609910568111,0.6832913212932963,0.6779489409831579,0.6689622562793125,0.6620227317226598,0.6537316861668889,0.6450700623524702,0.6378938530070181,0.6333472092525471,0.6268147352455743,0.6196194526207648,0.6129497390943898,0.6046366636157424,0.5961774811252922,0.5916088971686844
71,0.39533664810036173,-0.15444675298476077,-0.17417388165222292,-0.19214361236831431,-0.21117401580548842,-0.22789348592512423,-0.24021379839230012,-0.25383305695736763,-0.26987810443555177,-0.2904324542802243,-0.3076942068412937,-0.3101268167607666,-0.2826843105840715,-0.2334052433555698,-0.1978062034663313,-0.18269684458668126,-0.1886412979219226,-0.22814002516062168,-0.2591669263941816,-0.22527853897710826,-0.11975155634572723,-0.016757007229201325,-0.004647788829356399,0.015717305057347183,0.043184572916610944,0.05050175151250346,0.0810617549088094,0.10891574425919491,0.13417837048047385,0.11561873672418754,0.12680888568022244,0.16681377556900018,0.3187371267459695,0.6204216634373315,0.8510982134685947,0.9494512733483643,0.981403709714176,0.9882844738791758,0.9892876905223039,0.9898866537762698,0.9906242129344519,0.9911652925335168,0.9919091241722535,0.9925802815912255,0.9932883320693014,0.9940526429255551,0.9947404672485796,0.995266540950223,0.9957330390360031,0.9961621959592942,0.9965478626237018,0.9969083023432012,0.997272863543513,0.9976596689228081,0.9980739727016325,0.9983920018424308,0.9986364790084425,0.9989944480610552,0.9992394378813346,0.9993856377979481,0.9993896257805528,0.9994926031900435,0.9995546920565417,0.9996880127596535,0.9998019506033288,0.9998950422479378,0.9999592974949221,1.0,0.9999626538380663,0.9999209984139802,0.9998708738347225,0.9998197103560923,0.9997781877894368,0.9997427875211927,0.9997020289749059,0.9996150819965253,0.9993168702669972,0.9984055051960108,0.9975362894207971,0.9953462598825068,0.9915551221586052,0.9898808539077253,0.9888456935541742,0.9876440872297286,0.9864482748529145,0.9856982241013554,0.9855553058062348,0.9861635230253734,0.9869790518790308,0.9874395369821951,0.9876520926657245,0.9879067995827836,0.9864491514082427,0.9860212967230826,0.9855683297243109,0.9855438820926777,0.9850723908105131,0.9836354906434186,0.9810303290673323,0.976940215052808,0.970894621823775,0.9613539764310993,0.9494896014456806,0.9004294745182186,0.6994570447665196,0.6986811812759343,0.6923821250065268,0.6892177760918445,0.6938819280005669,0.6962969623792844,0.7032622635359961,0.7188930945538903,0.7372651136219015,0.7532114572195576,0.7687487161374967,0.7827906135878074,0.7956976971813906,0.8071341713504623,0.8175490553495314,0.8264276382678586,0.8337532663396006,0.8410569361559117,0.8471033273932205,0.8518394606488823,0.8565117618703928,0.8602886415871215,0.8630015186670414,0.8646440967530062,0.8648272125300622,0.8639493540334212,0.8635500842464169,0.8623422338060542,0.8593710203605194,0.8553204320504348,0.8501697011930249,0.8450863077985161,0.8407163799826554,0.8376391116854346,0.8322636243831983,0.8258141723355351,0.8210286212129831,0.8163715953197085,0.8110361147917422,0.7997849294192374,0.7837267988077324,0.5378221340122521,0.5506580646581,0.5720237804730951,0.5852648752938944,0.5948153582477225,0.6025833425513485,0.6077302175078728,0.617347147797711,0.624699623038885,0.6313377002410999,0.6345034002118227,0.6375833979926959,0.6415056767454826,0.6466908894536179,0.6518992536047851,0.6578222171460874,0.6638120137355369,0.6699853068543766,0.6755917025544651,0.6807758931344099,0.6858929800593668,0.691920192191412,0.6976688851642724,0.7042123437530982,0.7102259734385965,0.7170256886511774,0.7234730922266741,0.7282891517139983,0.7307841776581436,0.7313869554982834,0.7281715343770148,0.7224609797804304,0.7143774791719983,0.705099676414701,0.6980422040459169,0.6926396397083914,0.6853534884944125,0.6781533814088684,0.6760518345480154,0.6794763312801594,0.6741186385787312,0.665081356200761,0.6580890229315367,0.6497404794548516,0.6410267072705987,0.6338180536712218,0.6292525186093324,0.6226808000584769,0.6154475556375776,0.6087430204240861,0.6003932703623323,0.5918845250344965,0.5872719044636009
72,0.3958831106944556,-0.15921704381840385,-0.17906251096834608,-0.19702860367614408,-0.2160748389250894,-0.23278008838021372,-0.24509510910400958,-0.25870127956679967,-0.27472629862449216,-0.29525329985205917,-0.31248221287106964,-0.31490709307953774,-0.2875016985055386,-0.23827114742979416,-0.20268425602930704,-0.18756030413334598,-0.193481283079306,-0.23293837246312904,-0.26394608892277976,-0.23012376043994137,-0.12472525644462833,-0.021791482049471015,-0.009686180584660697,0.010671648254321304,0.038144791098801596,0.045465673181164,0.07603180656418734,0.10389333527410231,0.12917371983899031,0.11059650957245185,0.12180191790373227,0.16184423100785467,0.31395123440676054,0.6164091415767033,0.8483483717251731,0.9477783612277606,0.9804748825992178,0.9877757180356533,0.9889910364715867,0.989673737695384,0.9904618056733442,0.9910261703697271,0.9917854261946607,0.9924718308462784,0.9931944112400505,0.993957936560925,0.9946616283815652,0.9952061814737261,0.995694430059969,0.9961397212332854,0.9965395219525983,0.9969140060088855,0.9972856937843348,0.997667661151147,0.9980726406958679,0.9983834556339424,0.998633326630378,0.9989269292372542,0.9991331672949532,0.9992335105012325,0.9991893353401479,0.9992973038005241,0.9993666268703857,0.9995285048195415,0.9996718167125185,0.9998001948709524,0.9999032475955579,0.9999626538380664,1.0,0.9999673656333322,0.9999400360005944,0.9999049917353438,0.9998710350591956,0.9998329515451387,0.9997795469893476,0.9996635006579954,0.9993067069714558,0.9982952880016165,0.9973581864479206,0.9950336108322851,0.9910820917289535,0.9893613656803438,0.9883080738899253,0.9870810848867467,0.9858638648975223,0.9851063509615103,0.9849767439128974,0.9856201142749462,0.9864796549360186,0.9869745362353447,0.9872125458832065,0.9874806770846205,0.9859921781865809,0.9855409607791645,0.9850933966228388,0.9850703843051541,0.9845882800079128,0.9831138973244555,0.980444930673466,0.9762558566849591,0.9700793687149603,0.9603610851046409,0.9483199792317404,0.89888613757438,0.696326628099637,0.6954260808378931,0.6890600308040475,0.6858518285684885,0.6905179779156738,0.6929481051980624,0.6999547813772232,0.7156735346701839,0.7341638388444779,0.7502164417733818,0.7658621818847954,0.7800047104779222,0.7930071132553588,0.8045280955618571,0.8150228621293174,0.8239741057643021,0.8313614182958625,0.8387292717281432,0.8448351574072916,0.8496231424652803,0.8543475480893993,0.8581675882188149,0.860914736423569,0.8625804388143058,0.8627703090077375,0.8618862764060309,0.8614823580286689,0.8602576410929799,0.857254203069073,0.8531615767680917,0.8479615895800476,0.842828130132284,0.8384222816218504,0.8353209658718869,0.8299025197798062,0.8234004859774543,0.8185741625575109,0.8138775048126848,0.8085023668111178,0.7971941335440104,0.7810720228684989,0.5338917002036714,0.5467746532049611,0.5682073301113593,0.5814948712659254,0.5911012583560559,0.598915359350505,0.6040769431952143,0.6137644280703863,0.621092249667438,0.6277444481776308,0.6309021670763432,0.6339614182255157,0.6378741197241593,0.6430671446371724,0.6482884089494613,0.6542304726077224,0.6602442947549484,0.666444883121989,0.6720826424955019,0.6772944353034183,0.6824447441156047,0.688504014686526,0.6942858511852399,0.7008733716133108,0.7069275643972507,0.7137746434696368,0.7202656980428382,0.7251243068762949,0.7276437054907474,0.7282496259185024,0.7250048744909219,0.7192484135404009,0.711104367905482,0.7017670286022775,0.694675690756212,0.6892647260516657,0.6819532993248559,0.6747214330659156,0.6726350447514711,0.6760680887013825,0.6706895503784184,0.6616013815247419,0.6545721461081103,0.6461726312099888,0.6374010356031373,0.6301663837632304,0.625576173790708,0.6189740272164379,0.6117138265285115,0.6049743618577039,0.5965953089372792,0.5880274029342922,0.5833826394300837
73,0.39596588885774786,-0.16317243253878697,-0.1830917529453347,-0.2010558133190908,-0.22009188306335242,-0.23679406650027965,-0.24909696030226017,-0.2626861211031774,-0.2786902662863602,-0.2991927016244407,-0.3163952728495975,-0.318810820122661,-0.29144186755157436,-0.2422600341215194,-0.20668878908854638,-0.19155530269806081,-0.19745158142182268,-0.23686036477873001,-0.26782779848804084,-0.23404925078252395,-0.12874469462936533,-0.025847064240886293,-0.013738162102171325,0.006624181867024747,0.034107876889235535,0.04144062848993518,0.07201752190174766,0.09989008937419079,0.12519022976960656,0.1065987707656973,0.11781815478674339,0.15789699402651375,0.3101530827995963,0.6132003818523822,0.8461122142768424,0.94637124745508,0.9796395143271803,0.9872629364401988,0.9886443207801351,0.9893944600807825,0.9902260556559533,0.9908115156978657,0.9915867535315265,0.992289424889697,0.9930259793890178,0.9937932171620043,0.9945123616744422,0.9950751634034914,0.9955818737903147,0.9960432742309158,0.9964567212479997,0.9968446941497463,0.9972253169113798,0.9976067484489934,0.9980073688696884,0.9983170624242496,0.998572373829312,0.9988212397859977,0.9990010981673905,0.9990716445941914,0.9989933442079226,0.999105594885597,0.9991833717156262,0.999368955729437,0.9995376845992109,0.999695293118609,0.9998297515858313,0.9999209984139802,0.9999673656333323,0.9999999999999998,0.9999725346950731,0.9999519142471286,0.9999262997704059,0.9998897013861492,0.9998281566595427,0.9996935796433634,0.9992955257139681,0.9982147913098512,0.9972288517077403,0.9948050535474948,0.990736454702524,0.9889837023119384,0.9879193127850986,0.9866763352587925,0.9854456921349999,0.9846841083050516,0.9845666831682928,0.9852406828425704,0.9861362808514357,0.9866594875185363,0.9869197974857083,0.98719490135543,0.9856923923882801,0.9852228522706828,0.9847860214563156,0.9847590011922723,0.9842660477940979,0.9827638512459383,0.9800477462768256,0.975787938987101,0.9695178753562927,0.9596728303810264,0.9475088196393896,0.897811961946682,0.6939953939256708,0.693005339634426,0.6865842676138562,0.6833356369922697,0.6880082750735192,0.6904504944601235,0.6974894275813551,0.7132760079161373,0.7318568642679754,0.7479934513404936,0.7637242132125697,0.7779462539563569,0.7910226529187304,0.8026103103281682,0.813167496009096,0.822176155665381,0.8296127451887935,0.837032225831139,0.8431831695261485,0.8480147925411154,0.8527810437135785,0.8566366470277297,0.859410833824192,0.8610963027471025,0.8612919867725738,0.8604027669385818,0.8599944870170907,0.85875745688639,0.8557290085265632,0.8516027368773903,0.8463646579081894,0.84119372684861,0.8367621045173763,0.8336436203369558,0.8281909164942635,0.8216522279552755,0.816795082523178,0.8120717821288055,0.8066654189385468,0.795310391137553,0.779139123919529,0.5308985190471283,0.5438136828351917,0.5652961752158836,0.5786322676030305,0.5882917644489468,0.5961429238139522,0.6013261757003724,0.611049036616458,0.6183740146741874,0.6250284999009992,0.6281735682475589,0.6312149266535618,0.6351089161901982,0.6403048906464501,0.645532025684256,0.6514879899815925,0.657520136096852,0.6637437791238644,0.669403299444044,0.6746422414516781,0.679819990490648,0.6859068015187376,0.6917193162050881,0.6983392260209753,0.704430711091416,0.7113171431895069,0.7178491543741069,0.7227387480441102,0.7252780024043051,0.7258901264291163,0.7226219173584265,0.716820856290122,0.7086265433934289,0.699243820640095,0.6921242545598439,0.6867048760374006,0.6793723908322057,0.6721247916063183,0.6700450142878449,0.6734790716517425,0.6680949962866716,0.6589734259719064,0.6519000654293287,0.6434571050792212,0.6346373644013247,0.6273870654805405,0.6227767164445422,0.6161472662962185,0.6088543332370318,0.6020925620879801,0.5936792647625841,0.5850798245252992,0.5803955306499621
74,0.39585329224389076,-0.16618367206620485,-0.18613871228432052,-0.2040850325367698,-0.2231104688495903,-0.23979156896077714,-0.2520849967412725,-0.26565366770889143,-0.28163899412922594,-0.3021159562751618,-0.3192921511309769,-0.3217033216922724,-0.2943607610383328,-0.24523065326316157,-0.2096826461095209,-0.19453921930112958,-0.20040869592896995,-0.23975769392021862,-0.2706761009185222,-0.23690970296020333,-0.13165315150298434,-0.028766637024294245,-0.016641684644800706,0.0037329612951602755,0.031234533801026053,0.03858867881718962,0.06918245830810567,0.09706710795668855,0.12238415943567568,0.10378408103490634,0.11502156491869604,0.15513790733618674,0.30749762737079106,0.6109247394573986,0.8444703926136697,0.9452761052918045,0.9789197876875545,0.9867555047145491,0.9882466726632291,0.9890484384779342,0.9899145378888983,0.9905188015384627,0.9913104410621977,0.9920297488678272,0.9927825717313093,0.9935577507369806,0.9942950864258794,0.9948720480767302,0.995397788982445,0.9958750163136187,0.996302208770207,0.9967037981099848,0.9970953035326727,0.9974807581552788,0.9978853089539855,0.9981988754131886,0.9984615316127907,0.9986872488312414,0.9988555449917408,0.9989112683928489,0.998816524476396,0.9989366560123066,0.9990236908287272,0.9992278269283349,0.9994175438952944,0.9995969820472982,0.9997558210808523,0.9998708738347227,0.9999400360005943,0.9999725346950731,0.9999999999999998,0.9999750810623095,0.9999586591379764,0.9999269400552806,0.999865029019719,0.9997228495741582,0.9993049990875817,0.9981852592075644,0.9971742511186301,0.9946925302812091,0.9905541638344223,0.9887838877745525,0.9877158473543998,0.9864662454056956,0.9852311158263242,0.9844713427155679,0.984365702391348,0.9850629562525193,0.9859839895371373,0.986529965280498,0.9868077140831197,0.9870862502742777,0.9855829345250293,0.9850961729707305,0.9846695931340876,0.9846404766606583,0.9841394493693232,0.9826186680119178,0.9798759651177367,0.9755731684527453,0.9692463807372829,0.9593274539664948,0.9470898112751568,0.8972074328854828,0.6924590242839403,0.6914229696143921,0.6849725682385597,0.6817081102203658,0.6864049624070094,0.6888590650570181,0.695922124895686,0.7117659017427229,0.7304210608550283,0.746620031097591,0.7624113504647109,0.7766914340101091,0.7898199443837294,0.8014548426684969,0.8120543961366874,0.8211012489294888,0.828572770774814,0.8360270765066368,0.84220948012382,0.8470724845749807,0.8518698997418703,0.8557500842028187,0.8585444114133189,0.8602440510529528,0.8604432492702468,0.8595512606135173,0.859140271832791,0.8578940920892736,0.854846503969148,0.8506978391138652,0.8454328012181436,0.8402358015541332,0.8357871142259139,0.8326584621140338,0.8271833110143254,0.8206171055627794,0.8157390057507302,0.8109952959191518,0.805566120903587,0.7941678528808366,0.7779377939694544,0.5289156933529305,0.5418651863245926,0.5634081580130446,0.5767881643786835,0.5864900778075665,0.5943743779045891,0.5995669291270154,0.6093281746349555,0.6166352247427214,0.6232949053900088,0.6264225184052591,0.629448801069446,0.6333213977441593,0.6385160092444243,0.6437428368435549,0.6497125274675517,0.6557529789584174,0.6619919442409979,0.667670423690907,0.6729272180073307,0.6781249419462083,0.6842312554218589,0.6900693666952079,0.6967142885430806,0.7028317318287401,0.7097492102398196,0.7163129520292856,0.7212254475924132,0.7237826408298722,0.7243973696776926,0.7211104478638729,0.7152800164516228,0.7070472552662518,0.6976225039659042,0.6904902283636264,0.6850664160193062,0.6777286447588603,0.6704649083583841,0.6684020251727245,0.6718314501480475,0.6664423691149652,0.657290988234082,0.6501936481024355,0.6417099659062596,0.6328614140963581,0.6255872695321918,0.6209648124857108,0.6143131687423181,0.6069959996859842,0.6002148240898785,0.5917791887779322,0.5831366742991783,0.5784192113670525
75,0.39560559341832713,-0.16830189817608512,-0.1882735675793785,-0.20620484805229566,-0.22521398612250482,-0.2418745565828223,-0.2541571733889922,-0.267700415135931,-0.283668050728321,-0.3041242526254211,-0.32127854801060096,-0.32368216865674676,-0.2963682916056716,-0.24728975709492063,-0.21177205339262037,-0.19662574099820054,-0.20246605306527493,-0.24174445325183141,-0.27259279620455185,-0.2388110949774695,-0.13356417429162631,-0.030660253002053356,-0.01850582744679063,0.0018926962007660675,0.029421923293579136,0.03680633514952683,0.0674249465693703,0.09532651952904045,0.12066609678422507,0.10205011397555525,0.11331136585278903,0.15346251388237594,0.3058897370997147,0.6095104061174351,0.8433886169180589,0.9444783418105964,0.978315494117374,0.986258646070976,0.9878081351792423,0.988643866180045,0.9895358556608462,0.990155470910698,0.990964818916117,0.9916996927874353,0.9924701173517636,0.9932580779764011,0.9940135264949843,0.9946063170415268,0.9951505278564461,0.9956431507910112,0.9960846675354796,0.9965012381688244,0.9969053799180392,0.997299504422673,0.9977125929137745,0.9980337233176837,0.9983082284189504,0.9985279151395283,0.9986992860314813,0.9987568055842172,0.9986632318055949,0.9987947669050381,0.9988925089757749,0.9991121246031613,0.9993169434352959,0.9995126029359996,0.9996876828284764,0.9998197103560923,0.9999049917353436,0.9999519142471286,0.9999750810623095,1.0,0.9999741192219725,0.9999514929978108,0.9998948335646639,0.9997554684708686,0.9993332883955218,0.9981990632797539,0.9971863818862743,0.9946884628893109,0.9905282075224476,0.9887585101563593,0.987695750617335,0.9864489585166442,0.9852174835644154,0.9844634806836337,0.984368043247132,0.9850823336927645,0.9860213907843747,0.9865830093310952,0.9868740174760113,0.987156497030342,0.9856580647788357,0.985155302711567,0.9847385111168168,0.9847114237966685,0.9842104716034848,0.9826859043574504,0.97993597817825,0.9756174275409797,0.9692700015271621,0.959319738894996,0.9470492782569085,0.8970200271860312,0.6917231446292542,0.6906826047914781,0.6842213508066525,0.680963780147056,0.6857052730038672,0.688172839543081,0.6952455277900254,0.711139700985782,0.7298554299771718,0.7460981632433541,0.761931706559711,0.7762495883738151,0.7894101109608622,0.8010708074540512,0.8116953148777704,0.8207639329923049,0.8282546479671848,0.8357281138442979,0.8419316413567546,0.8468135935997817,0.851630965651664,0.8555268707281081,0.8583335217006238,0.8600438190632197,0.8602454711197809,0.8593504319506182,0.8589380770192937,0.8576847732362414,0.8546255999845622,0.8504612152897688,0.8451792552527048,0.83996542832487,0.8355081529360173,0.8323743148461619,0.8268883863074787,0.8203080536349612,0.8154154356327749,0.8106564329299735,0.8052024023069356,0.7937536569838337,0.7774423981628354,0.5279986769261492,0.5409793087400506,0.5625593344921239,0.5759853491018253,0.5857276721315482,0.5936375331667798,0.598832514647199,0.6086110100808522,0.6159126613863405,0.6225685171322889,0.6256770318369627,0.6286748174892047,0.6325251098325435,0.6377064973047329,0.642933048564044,0.6489039405242415,0.6549493485735269,0.661197601675517,0.6668867847812644,0.6721578436745843,0.6773733316621053,0.6834951141050648,0.6893498291538124,0.6960143077454634,0.7021536113361999,0.7090916962534304,0.7156753712568763,0.7206112398588714,0.7231813318129585,0.7237969681236892,0.7204929228042184,0.7146347570533848,0.7063733182618606,0.6969172126895187,0.6897814056954727,0.6843596821394858,0.6770176999115036,0.6697521680356945,0.6676742230636704,0.6711305211961777,0.6657361363156532,0.6565693837441868,0.6494460705498213,0.6409275948427092,0.6320553642849781,0.6247746427103493,0.6201496313805973,0.6134741288652774,0.6061469519052981,0.5993431126037742,0.5908811876663858,0.5822161525975041,0.5774726595556006
76,0.3947032876880486,-0.16944278772135787,-0.18935266204932164,-0.2072616738493346,-0.2262388043160473,-0.24287766306329547,-0.25513308433324394,-0.2686562183656518,-0.2845979017994023,-0.3050357314447727,-0.3221719747119655,-0.32457239263305654,-0.29728809087293084,-0.2482741544221575,-0.21280053937679114,-0.19765953874175837,-0.2034652598508143,-0.24266310306689717,-0.2734158012111109,-0.23957823146112364,-0.13428687217624777,-0.031330495133183756,-0.019124299900122547,0.0013117349269801055,0.02888317494453212,0.0363128254522603,0.0669660280418875,0.09489185247403413,0.12025659076453246,0.10162886570971448,0.11292282874252176,0.15310740327105649,0.305562488218062,0.6091524634501227,0.8429915895236324,0.9440467796427193,0.9778516483484458,0.9857685472068761,0.9873119484878753,0.9881611003807531,0.9890704556738582,0.9897027936326873,0.9905302629910252,0.9912835530680484,0.9920726362346374,0.9928806469163969,0.9936555301693043,0.9942645794168822,0.9948257878844337,0.9953356621480821,0.9957923448633641,0.9962241003785705,0.9966440521231358,0.9970539308812344,0.9974841993890935,0.9978218086852085,0.9981096736302263,0.9983513355373524,0.9985423053444837,0.9986223019290257,0.9985528849271595,0.9986980438430083,0.9988100350832411,0.9990395937372817,0.9992535760247052,0.9994569230294812,0.9996394473810662,0.9997781877894367,0.9998710350591957,0.9999262997704059,0.9999586591379765,0.9999741192219725,1.0,0.9999712097841412,0.99992953360864,0.999806239742221,0.9994052774099472,0.9982931021330252,0.9973092626189944,0.9948433960414333,0.990722497019431,0.9889751236373159,0.9879288629251497,0.986697247432452,0.9854801440841956,0.9847385691967344,0.9846549116264256,0.9853755901909442,0.9863219465176823,0.9868908582588708,0.9871909378877091,0.9874710818622142,0.9859901164741901,0.9854719232681269,0.9850667214640088,0.9850428857504248,0.9845487342476423,0.9830363650419106,0.9803039163832153,0.9760063910282318,0.9696850175333327,0.9597647172765706,0.9475196200235361,0.897376782923075,0.6919352450887241,0.690966903108495,0.6845286248661275,0.6813007440610289,0.6861216176643069,0.6886090479580681,0.6956755826857716,0.711612918801782,0.730376479214838,0.746642144750558,0.7624947705345476,0.776825164249855,0.7899937145359972,0.8016603102622377,0.8122876355395511,0.8213597349863532,0.8288528712206749,0.8363303082900361,0.8425390779946434,0.8474286849639304,0.8522536557778291,0.8561552438085249,0.8589692639378966,0.8606827126246173,0.86088635928927,0.8599930806724613,0.8595781230612278,0.8583211450923208,0.8552577111620975,0.8510887961231652,0.8458034094884885,0.8405855570166804,0.836128155240178,0.8329972579477227,0.827512863167524,0.8209316547337779,0.8160339578591289,0.8112642096284328,0.8057944167876406,0.7942784364419531,0.7778486216465405,0.5283186269291613,0.5413459876369159,0.56296941434239,0.5764436498357072,0.5862232761068786,0.5941552240310409,0.5993502294718693,0.6091217928176339,0.6164153630722056,0.6230702137314014,0.6261545385369836,0.6291191072657332,0.6329331352472988,0.6381006969162158,0.6433184982501605,0.64928403117933,0.6553280787562668,0.6615797086509878,0.6672764391623279,0.6725572563514006,0.6777839621568132,0.6839147481066443,0.689781356622155,0.6964577705615252,0.7026115260869136,0.7095681685646,0.7161656888313959,0.7211134589036977,0.7236949048466497,0.7243123844668036,0.7209958441381704,0.7151167889979904,0.7068327036979548,0.6973518759275188,0.6902146274797564,0.6848058866054613,0.6774728313386218,0.6702061346500228,0.6681374563702253,0.671600124110188,0.666209889330031,0.6570355839614777,0.6498976262783022,0.6413529072951828,0.6324650364894028,0.6251783358539584,0.6205535991485502,0.6138674422796316,0.6065212075654554,0.5997158634077258,0.5912166441093866,0.5825143912243032,0.5777588745472921
77,0.39358491085367564,-0.1691257548857736,-0.18896224651167395,-0.20684600859316485,-0.22579153978296906,-0.24240162458286704,-0.25463734072999195,-0.2681341446318304,-0.2840573354402797,-0.3044797399896734,-0.32160178992915994,-0.3239982259066464,-0.29673763960094035,-0.24778235771487087,-0.21235644406856155,-0.1972241670708543,-0.2029986482731768,-0.24210279187109096,-0.2727556743188828,-0.23882062225578846,-0.13342485040155633,-0.030382148935195127,-0.018111993595933996,0.0023756937252124408,0.029997569399859945,0.037481303551060406,0.06817467192451804,0.09612709025194723,0.12151814356767139,0.10287317748523717,0.11420182000355668,0.1544163927745407,0.30684492356851634,0.6101139737100478,0.843450735265914,0.9440779110000107,0.9775778474521347,0.9853169940084134,0.9867797276576874,0.9876190807191554,0.9885319606577809,0.9891734582241365,0.9900193342494438,0.9907909307905653,0.9916009473422951,0.9924360523438381,0.9932319212897327,0.9938539815391563,0.9944292335163879,0.9949542782877487,0.9954263342450593,0.9958736454742915,0.9963117475349477,0.9967436234463563,0.9972016681553972,0.9975609483733453,0.9978663083972555,0.9981602403639998,0.9983924995854292,0.9985150320593583,0.9984901695821302,0.998651473981589,0.9987775058358542,0.9990105599429323,0.9992258885430674,0.999428710488937,0.9996068064559396,0.9997427875211926,0.9998329515451387,0.9998897013861491,0.9999269400552806,0.9999514929978108,0.9999712097841413,1.0,0.9999619213409219,0.9998711838715248,0.9995177823138399,0.9984764938966126,0.9975500916481918,0.9951712771201985,0.991152329884891,0.9894468370326873,0.9884276328143791,0.9872239574988758,0.9860340410918145,0.9853116454116322,0.9852365262213687,0.9859548109311527,0.9868937761060439,0.9874617568798217,0.9877622884684403,0.9880369211742239,0.9865931761071925,0.9860607095396783,0.9856675912203448,0.9856471677878139,0.9851638343100755,0.9836769979523814,0.9809904734347151,0.9767554588919717,0.9705112351092996,0.960694598005089,0.9485473860729318,0.8984353229864757,0.6934021219236858,0.6925230576636215,0.6861282098325834,0.6829573347842404,0.6878590968711009,0.6903602697553053,0.6974073495266575,0.7133646723700869,0.7321385376369585,0.748393910584616,0.7642286606345834,0.77854101261951,0.7916843384893761,0.8033264363657472,0.8139304268138651,0.8229802896799739,0.8304539394717902,0.8379125556769351,0.8441080160214182,0.8489888278409007,0.8538042866646304,0.857699406531726,0.8605079253839051,0.8622202260606171,0.8624234764538705,0.8615326211019515,0.8611186542779268,0.8598625552535061,0.8568078394461052,0.8526480300489773,0.8473757725160463,0.8421707387370143,0.8377267406452159,0.8346085736873484,0.8291415269436989,0.8225774722609713,0.817687590926472,0.8129229123597989,0.8074464109405027,0.79588673131816,0.779354356875775,0.5301191721962,0.5431801821879979,0.5648365230229054,0.5783534249028679,0.5881586408958959,0.5961011397095884,0.6012836934821099,0.6110336073618995,0.6183183132638956,0.62496812791576,0.6280263505718269,0.6309571398459426,0.6347314990849054,0.639876899761938,0.6450772621925788,0.6510279710538013,0.6570602468154804,0.6633079178425894,0.6690037606446313,0.6742845178251489,0.679514304908179,0.6856453898802436,0.6915146255992669,0.6981909287303023,0.70435034141379,0.7113101168197385,0.7179067067284758,0.7228569081190451,0.7254468303146551,0.7260586621803786,0.7227405972058661,0.7168509785262467,0.7085589361287121,0.6990792643967356,0.6919493651319142,0.68655664467352,0.67924282412862,0.6719862777053136,0.6699098762302045,0.6733914447375097,0.6680163244245815,0.6588462587740508,0.6517081124803198,0.6431481418400927,0.6342572133627262,0.6269760183191945,0.6223617915799827,0.6156732241809665,0.6083066619934459,0.601511535897983,0.5930069308453206,0.5842607767605293,0.5795004668804848
78,0.3918199343588936,-0.16741858904927204,-0.18713383923926014,-0.20497980411438882,-0.22390113599512476,-0.24048993943204416,-0.2527012640507073,-0.2661658359198106,-0.2820671003165849,-0.3024808932693398,-0.3195993045120971,-0.3219967231674709,-0.29476627115111065,-0.24588779414953094,-0.2105373058208527,-0.19542990562563897,-0.2011729314728684,-0.24016891368005802,-0.2706774132309437,-0.23659253644311573,-0.13102488563173786,-0.02785013596331337,-0.015483666086495517,0.005078675281036738,0.0327679199673261,0.04032615293847042,0.07107978210359411,0.09907174963152118,0.12449663226297315,0.10582317297055154,0.11719698505793259,0.15744212072293864,0.3097834020900834,0.6124321469893298,0.8447809796383482,0.9445703681762989,0.9774779393310635,0.9848718815989023,0.9861704931489703,0.9869741864217084,0.9878784827540491,0.9885247218904308,0.9893918433601654,0.9901813385576225,0.9910147544955983,0.9918859594376587,0.9927044153035693,0.9933384052247777,0.9939279089329602,0.9944694710969941,0.9949577799123828,0.9954221397217031,0.995881389207717,0.9963456653203322,0.996841207541854,0.9972305575136982,0.9975569222997698,0.9979389790943017,0.9982329996647195,0.9984231763817057,0.9984694911743428,0.9986497871200265,0.9987927180679225,0.9990198753841348,0.9992293076023643,0.9994200451892032,0.9995816392471494,0.9997020289749058,0.9997795469893475,0.9998281566595426,0.999865029019719,0.9998948335646639,0.99992953360864,0.9999619213409219,1.0,0.9999377057197343,0.9996647739833452,0.9987352742401638,0.9979034399384644,0.9956750751757955,0.9918337155976765,0.9901956303681427,0.989214681421621,0.9880539841488897,0.9869049825157028,0.9862076722241809,0.9861397042974603,0.9868417848958649,0.9877587353525219,0.9883135642323888,0.9886095990745881,0.9888756950108119,0.9874779216984387,0.9869333641112962,0.986552022972991,0.9865392342731221,0.9860768993938435,0.984639119425005,0.9820289599538098,0.9779009648511201,0.9717970381837159,0.9621613225345118,0.9501903351369904,0.9002047001286136,0.6962217840987579,0.6955004280569238,0.6891657039497233,0.6860618959335387,0.6910620431389978,0.6935783766352086,0.7005874075718085,0.7165431570816276,0.7352954501682006,0.7515039843343821,0.7672878058159471,0.7815470358121787,0.7946328075737656,0.806218533834556,0.8167681967032565,0.8257710591638202,0.8332032657424903,0.8406183514334773,0.846780441626269,0.8516357924182302,0.8564259871375045,0.8603001001569022,0.8630924432740289,0.8647961271742086,0.8649998945406456,0.8641137559011075,0.863701172874864,0.8624506053336065,0.8594139901958512,0.8552788778508503,0.8500380539339487,0.8448623641510841,0.840446007708235,0.8373505068744936,0.8319186799092922,0.8253931546411473,0.8205275363798652,0.8157791642186937,0.8103102488183972,0.798712482167881,0.78208550190974,0.5336274322728192,0.5467151485867258,0.5684006576156841,0.5819343896497936,0.5917560599826012,0.5997009784459632,0.6048685521817315,0.6145684240639308,0.6218368862678392,0.6284639728473086,0.6314902593495206,0.6343745949599149,0.6380964589709819,0.6432047646506098,0.6483761431943921,0.6543019563736543,0.6603121284573621,0.6665456467628116,0.6722318070474665,0.6775092196673537,0.6827364225353769,0.688859142646527,0.6947249192591363,0.7013952599079624,0.7075500070521195,0.7145063820739865,0.7210936589628709,0.7260412948336072,0.7286303124322612,0.729236128324721,0.7259185228894198,0.7200258749961505,0.7117350191427163,0.7022594856129963,0.6951547314747357,0.6897886847737987,0.682505161983269,0.6752753546565214,0.6731958050860699,0.676693697055206,0.671343745874267,0.6621914767934444,0.6550661580478806,0.6465030197538931,0.6376283379394918,0.6303559493191293,0.62576369763095,0.6190807329057224,0.6117236820837736,0.6049249502326067,0.5964020206868832,0.5876346935619208,0.5828750689084133
79,0.3894369803495538,-0.16330390191112568,-0.18284878932677287,-0.20065650392874454,-0.2195396297041053,-0.23611346106839098,-0.24829428020239452,-0.26172897389783134,-0.27760760466130313,-0.29801364590688983,-0.3151295155239065,-0.3175340300227337,-0.29031970399875595,-0.24151907496533873,-0.20625019537417283,-0.19117857271211336,-0.1968888960565556,-0.23575712567848844,-0.26609724413979124,-0.23179973387753594,-0.12596674817669923,-0.022603553512242084,-0.010116875622613285,0.01054024406415177,0.03831497725350545,0.04596317936773548,0.07678498109482801,0.10481751177913629,0.13027739939375352,0.1115707663444279,0.1229968794149489,0.1632614847750456,0.31541960844985356,0.6169440195532652,0.8475071168200135,0.9457956413171863,0.9776520942329238,0.9844428947123368,0.985455403618931,0.9861862029387142,0.987061450570576,0.9877044360964743,0.9885919270761195,0.9894008759992698,0.9902619304337181,0.9911841913019587,0.9920239722962716,0.9926626360101698,0.9932594558254733,0.9938164863960368,0.9943193320314958,0.994800746400369,0.9952840211167939,0.9957919262122236,0.9963433887159563,0.9967768189993889,0.9971246471717827,0.9976579933839633,0.9980468726937437,0.9983382598408496,0.9984853562626584,0.998679883569782,0.9988402420564386,0.9990477308155825,0.9992365868945462,0.9994007374921824,0.9995272396861639,0.9996150819965254,0.9996635006579953,0.9996935796433635,0.9997228495741584,0.9997554684708686,0.999806239742221,0.9998711838715248,0.9999377057197342,1.0,0.999841050090494,0.9991155713249531,0.9984217228647725,0.9964278205592927,0.9928682525896549,0.991320912919588,0.99039428288963,0.9892983547778774,0.9882096824504619,0.9875504270230758,0.9874867442229456,0.9881546935191493,0.989025134711924,0.989550881247103,0.9898310716549837,0.9900689026815926,0.9887651848581923,0.9882207749808696,0.9878615418168116,0.9878475152151559,0.9874036584491591,0.9860340434957533,0.9835476063333907,0.9795969422853924,0.9737246178130615,0.9644096339739447,0.9527653309718109,0.9032368135434727,0.70121949856341,0.7006898705748335,0.6944384288362382,0.6914111098770067,0.6964765014261048,0.6989916171564818,0.7059536077549522,0.7218416232286463,0.7404873203871578,0.7565827938988842,0.7722482195791666,0.786395058859737,0.7993695677416114,0.8108511914551024,0.8212992548885558,0.8302129660432631,0.8375737704342888,0.8449089180467266,0.8510022342232474,0.8558108164646376,0.860547019335723,0.8643741095649426,0.8671350376463077,0.8688214843244434,0.8690222016976511,0.8681480291583327,0.8677408607112724,0.8665054403726349,0.8635088300265253,0.8594252636668439,0.8542482993182451,0.8491334089220569,0.8447716737280777,0.8417162279161382,0.8363453717411623,0.8298927551222998,0.8250810925414023,0.8203799009108622,0.8149630708538633,0.8034009800114627,0.7867337450204037,0.5395664167303047,0.5526448573711863,0.5743304995183179,0.5878589783691409,0.5976703388050754,0.6055991124073623,0.6107381038054966,0.6203610419579983,0.6276198954320495,0.6342088392180163,0.6371909953732279,0.6400287143063996,0.6436973263474249,0.6487568806493075,0.6538864493364341,0.6597766214346334,0.6657489446096564,0.6719560134456917,0.6776206591755116,0.6828747560722189,0.68808887177333,0.6941885285947931,0.7000392117732667,0.7066802194707573,0.7128157713201833,0.7197433746480957,0.7263021887551848,0.731226124700457,0.7338036209317784,0.7344053178142227,0.7310943374922027,0.725221661891771,0.7169631030333788,0.7075202015470333,0.7004553990445024,0.6951337048042604,0.6879023195442764,0.680710679895727,0.6786111815058493,0.6821381444656314,0.6768208358710419,0.6677187972447701,0.6606208317701963,0.6520851074939762,0.6432460447488857,0.6360138005915607,0.6314375824310612,0.6247840900488366,0.6174306863669129,0.6106658460797536,0.6021291382851849,0.5933662874713325,0.5885972092196217
80,0.3857760881491036,-0.15511650030765864,-0.17439826136691622,-0.192175654336868,-0.21102740304485632,-0.22758243545083617,-0.23973439448286893,-0.2531354059677123,-0.2690021689098775,-0.2894204777131438,-0.30656333097401234,-0.30898280929354915,-0.28179172070469116,-0.233103333104232,-0.19796078728947436,-0.18295983961180726,-0.1886487371321786,-0.22735638822538137,-0.2574560917362642,-0.2228062137578372,-0.11652127211682649,-0.01285071419280652,-0.00018200567438076488,0.020624815151266702,0.04851602991896845,0.056294978103142906,0.08722522587580747,0.11532052534111634,0.14082822877547838,0.1220713100442716,0.13356740433475692,0.1738431785917684,0.3256404782390457,0.6251630936167456,0.852546998537021,0.9481873337384347,0.9781868532464509,0.9839093964584356,0.9844089966079077,0.9850121084932724,0.9858114790442672,0.9864313413289808,0.9873407058273106,0.9881708576520124,0.9890670994214653,0.9900709517778679,0.9909335729683513,0.9915574680985629,0.992153899187581,0.9927239016121898,0.9932407152460053,0.993737611587707,0.9942523572410388,0.9948302076250332,0.9954724706928461,0.9959733423811026,0.9963461958502247,0.9971589752827682,0.9977010091060012,0.9981503243457132,0.9984525163662608,0.9986485616407473,0.9988230726252821,0.9989800038962072,0.9991253549353202,0.999234055369444,0.9992929330735857,0.9993168702669972,0.9993067069714557,0.9992955257139681,0.9993049990875819,0.9993332883955219,0.999405277409947,0.99951778231384,0.9996647739833452,0.9998410500904942,0.9999999999999998,0.9996028857774744,0.9991226517887171,0.9975152393955478,0.9944194978040185,0.9930052472917354,0.9921536557007474,0.9911599850103222,0.9901669316241697,0.9895634947375708,0.9894978477146025,0.9900963851555902,0.9908785945927252,0.9913465907706157,0.991592965790675,0.9917578751706296,0.9906478105500535,0.9901390392745861,0.9898236675911581,0.9897883830872781,0.989352334819926,0.9880860740267737,0.9858047425448383,0.9821638906185017,0.976694600157873,0.9679673551453826,0.9569646341269068,0.9086256359943933,0.7102194123935599,0.7099292172972237,0.7037727624230861,0.7008038513847633,0.7058416349046623,0.7083277501663046,0.7152214603907214,0.7309113064623829,0.7492694488499916,0.7651231389155576,0.780538748681195,0.7944631474793251,0.8072237463842652,0.8185062400544536,0.8287668864945249,0.8375158123787164,0.844753323008667,0.8519348049508297,0.8578958681200265,0.8626212327497521,0.8672519037697493,0.8709830802376329,0.8736847566173603,0.8753391508070906,0.8755316368269969,0.8746757576211486,0.8742818579163916,0.8730813953674129,0.870163674572191,0.8661828812724951,0.8611320819876126,0.8561381948032369,0.8518795018477507,0.8489012074697313,0.8436419072485588,0.8373348147119102,0.8326413122995385,0.8280697943159379,0.8227958542577422,0.8114587021168549,0.7949244485327553,0.549804686813478,0.5628813765897454,0.5844975530310014,0.5979580300775867,0.6076956937762228,0.6155643953821359,0.6206859520983283,0.6301558089344825,0.6374057141954583,0.6439202204959487,0.6468376201116388,0.6496353759163906,0.6532405384064385,0.6582295735993225,0.6632882297770313,0.669110399377883,0.6750150740657411,0.6811695975569868,0.6867869760162397,0.6919974954486643,0.6971717413305113,0.7032267228439903,0.7090317694219311,0.7156167081809545,0.7217055647427012,0.7285741801636574,0.7350746547906926,0.7399412191657692,0.7424874911979199,0.7430686862731386,0.7397964659730428,0.7339719057039324,0.7257959961581646,0.7164348093021331,0.7094319796894938,0.7041769464087143,0.6970310662077074,0.6899108351720386,0.6878043355170431,0.6913501517710922,0.6861008363694097,0.6770979203918758,0.670070780037882,0.6616072388292558,0.6528526921641693,0.6456729620035973,0.6411544874715114,0.6345440014671613,0.6272308631752714,0.6205285580075164,0.6120090954715118,0.6032621858556505,0.5985307181030963
81,0.3793821873416514,-0.14042198623287183,-0.1592661054791853,-0.17694054198079587,-0.1957068907719976,-0.21223503566174928,-0.22432087737868395,-0.23767424414700566,-0.25350257867378617,-0.2739210363785011,-0.2910733158708447,-0.2934836755314824,-0.26625963847704215,-0.21764445462409895,-0.18263717233359456,-0.16772460853283722,-0.17336780275939329,-0.21187435438636948,-0.24166388350353288,-0.20656123387180692,-0.09969897734741133,0.004303888676599051,0.01720884168090228,0.038195319007589865,0.06621630587484958,0.07414186430149118,0.10516317331867289,0.13329997121677328,0.15883434364185509,0.14004836654924926,0.15162072144167543,0.19185932429290078,0.3429047881173982,0.638869356549765,0.8608094028787241,0.9519830983501637,0.9789084649410623,0.9828989565606977,0.9825677526823078,0.9829543668332327,0.9836299722311777,0.9841953769605974,0.9851281010723005,0.9859848870005181,0.9869217478544643,0.9880417336910017,0.9889267485666732,0.989516457229211,0.9900991588338705,0.9906786139110998,0.9912069656615932,0.9917193951929032,0.9922733842368585,0.9929432656604681,0.9937260800855459,0.9943248050927095,0.9947242483058224,0.9959568959208605,0.9967630136186729,0.9974652975208572,0.9980019244910402,0.9981884071469014,0.9983861581304946,0.9984632793149292,0.9985324603408942,0.9985472205261752,0.9984907689360171,0.9984055051960108,0.9982952880016164,0.998214791309851,0.9981852592075644,0.998199063279754,0.9982931021330254,0.9984764938966125,0.9987352742401637,0.9991155713249531,0.9996028857774742,1.0,0.999734966793126,0.9987454343196781,0.996398144295936,0.9951694067602348,0.9944381698935043,0.9936082368650788,0.992763378419602,0.9922510913336681,0.9921837358002215,0.9926684276859321,0.9932971085833688,0.9936648525689468,0.9938484838041515,0.9938962489194502,0.9931024399007167,0.9926457105127328,0.9924021852402511,0.9923157321816086,0.9918662140289926,0.9907567248977157,0.988795343418068,0.9856476412510361,0.9808191808156335,0.9730580083829152,0.9630793067111895,0.917014947600881,0.7246756802209333,0.7247166794700004,0.7187132518571527,0.7158559714233952,0.72074229246918,0.7231603781938462,0.7299691549217405,0.7452675498203802,0.7631003724819204,0.7785339997452797,0.7935097637007194,0.807056822235385,0.8194530198463374,0.8303973631123551,0.8403342136747304,0.8488024592255178,0.8558317469080579,0.8627479986572419,0.868476659751799,0.8730589010773231,0.8774990839653017,0.8810625580625596,0.8836564004942992,0.8852545164926522,0.8854324794512731,0.8846071213551883,0.8842379890273168,0.8830863410553589,0.8802924869373557,0.8764744454566934,0.8716404659904561,0.8668605360083576,0.8627887354970406,0.8599244843670885,0.8548499934294033,0.8487816907252604,0.8442906194064652,0.8399411830152188,0.8349087516308662,0.823992733436611,0.8077391203056897,0.5662559199786907,0.5792770777094208,0.6007501368734572,0.6140363344141156,0.6236442948097947,0.6313862252248605,0.6364562876474903,0.645727467887122,0.6529271060780398,0.6592942096826699,0.6621237833415196,0.6648707138420301,0.6683928539181138,0.6732714418166129,0.6782133161635221,0.6839252054358316,0.6897092275916968,0.6957610781105158,0.7012980888222282,0.706426259023991,0.7115205432384083,0.7174806477693467,0.7232032458212697,0.7296712665654612,0.7356602048521002,0.7423898885042751,0.7487705122602389,0.7535057755556998,0.7559912823807848,0.7565347180409311,0.7533280048232,0.7476144787276997,0.7396186190963958,0.7304207633986468,0.7235395968140382,0.718394865110276,0.7113996603503175,0.7044014289351095,0.70228190164163,0.7058111285726136,0.7006672762497838,0.6918460211816446,0.6849407849844399,0.676632663235635,0.6680261354085988,0.6609648402995304,0.6565173058956703,0.6500236582739124,0.6428134611834919,0.6361642935095413,0.6276877489608955,0.6190529202016118,0.6143281295851275
82,0.3740541797936367,-0.13170530565651206,-0.14999421778925667,-0.16752593840449626,-0.1861637987678985,-0.2025681711276981,-0.21459013162719545,-0.22784972175581475,-0.24362942673760546,-0.26402586992215465,-0.2811634083264854,-0.2835672858576497,-0.25638377193355283,-0.20792859871501554,-0.1731001914438373,-0.1582405534343977,-0.16379457363987748,-0.20200174718633535,-0.23142577749315102,-0.1958988967403467,-0.08855121517444019,0.015768002367054137,0.028905338627067283,0.05006626083004701,0.07823637678886503,0.08634292996591267,0.1174736981846777,0.14566709992406396,0.17124305365747639,0.1524402864575376,0.16410842265135583,0.20435124037826402,0.35489349874178955,0.6483097970140823,0.8663204673175283,0.9541842545626693,0.9788337040090745,0.9815313101565912,0.9805755594509696,0.9807742156675,0.9813832380189506,0.9819428468087229,0.982908571739129,0.9838010129381874,0.9847762538779964,0.9859697240847464,0.9868944130128863,0.9875051798648874,0.9881021857302309,0.9887046711208965,0.9892563893085781,0.9897965620111266,0.9903935972956875,0.991136593932003,0.9920078737251838,0.9926836691983772,0.9931358894585584,0.9945934704959415,0.9955920788427761,0.9965196646916336,0.9973059995524988,0.9975645052420311,0.9978082445872535,0.9978590875103214,0.9978837299299013,0.9978346194818986,0.9976975612440533,0.9975362894207971,0.9973581864479207,0.9972288517077406,0.9971742511186302,0.9971863818862744,0.9973092626189944,0.9975500916481918,0.9979034399384644,0.9984217228647723,0.9991226517887171,0.9997349667931261,1.0,0.9994637435078805,0.9977495882946172,0.9967792343191993,0.9961813817648496,0.9954888018056923,0.9947749409974582,0.9943378020872603,0.9942807243073242,0.9946939755218702,0.9952220999183599,0.9955206318978858,0.9956630611710425,0.9956970078378515,0.9950140738319423,0.9945438304732319,0.9943017566310646,0.9942572313251707,0.9939009858447075,0.9929562866356486,0.9912531615075375,0.9884634258367719,0.9841031776589816,0.9769207101796192,0.9674632570578637,0.9216579227000413,0.7334558275422834,0.7342276143020267,0.7285696813834623,0.7260627985215771,0.7313743560082698,0.7338507623109369,0.7404795354716099,0.7557722955880906,0.7735269364684826,0.7887690994355583,0.8035331093581566,0.8168484564956435,0.8290094470899254,0.8397313040874408,0.8494512462029168,0.8577234838725849,0.8645721779444369,0.8713207211268837,0.8769073048440065,0.8813615900374185,0.8856833461322224,0.8891520518984724,0.8916695145625153,0.8932187400751394,0.8933914045356782,0.8925955334876748,0.8922316393624496,0.89111086927136,0.8883950252737133,0.8846797967082387,0.8799693600191135,0.8753076848483904,0.871331193184716,0.8685354911323557,0.8635879594459911,0.8576512412067865,0.8532288421152944,0.8489066336504062,0.8438618444175119,0.8327131609334222,0.8159981063334645,0.5782812106125012,0.5914253159136211,0.6129352962364873,0.6263124700224583,0.6359239552505779,0.6436391468337781,0.6486288571358,0.6577306273166162,0.6649058110147225,0.6712536666918043,0.674016478205384,0.6766670589926091,0.6800783437706687,0.6848647424124681,0.689722912212328,0.6953600090648674,0.7010733087262447,0.7070582411859314,0.7125358963089571,0.7176243132949467,0.7226772681199058,0.7285778867194789,0.7342414813212434,0.7406348256749854,0.7465576003618778,0.7532219478355215,0.7595096751493172,0.7641962544085423,0.7666669571390055,0.7671989804111736,0.7640292168857485,0.7583788718894354,0.7504620285098375,0.7413553809105338,0.7345785796588649,0.7295231366890645,0.7226404646219998,0.7157353236378594,0.7135719390871411,0.7171388242120115,0.7120717949526956,0.7033442453430765,0.696492149796764,0.6882181589746266,0.6796787932058953,0.6726786528975869,0.6682923301292402,0.661833951677498,0.6546288397706457,0.6480532420968841,0.6395663981574929,0.6308830404159987,0.6262343023622868
83,0.3655821348676728,-0.11367908213721914,-0.1311433254988185,-0.1484841550098233,-0.16689232976314383,-0.183164207952053,-0.19506682771994713,-0.2082292452184552,-0.22393613285407502,-0.24431011151030574,-0.2614470487610403,-0.2638508278205653,-0.23672160345831475,-0.18849377190140906,-0.15394515984075652,-0.13919670089176422,-0.14464292828915518,-0.1824386029750171,-0.2113179915621169,-0.17513164478836588,-0.0670425324759784,0.037716478968005944,0.0511941618227454,0.07259446711702972,0.10095046341244646,0.10931626622287055,0.14057923968088396,0.16882960622767929,0.19442945304609363,0.17562446129611828,0.18740733629751075,0.22758344881277684,0.37703588164575325,0.6656231015465757,0.8763693103181084,0.9582269851908517,0.9787756318043053,0.9791553911078867,0.9770727352102679,0.9769191659164235,0.9773744910585122,0.977893091924988,0.9788886070121942,0.9798102576742925,0.9808293021336413,0.9821396696125047,0.9831020540250359,0.9837175465787683,0.9843085835912663,0.9849281901497862,0.9854999417020329,0.98606639846211,0.986716344555094,0.9875688669114923,0.9885874206603993,0.9893808121507924,0.9899000874402444,0.9917740756666346,0.9930959517723965,0.9943961187083062,0.995582381055219,0.995924763584184,0.9962201706513006,0.9962018013047201,0.9961277780339126,0.9959509003606004,0.9956579186818767,0.9953462598825068,0.9950336108322853,0.9948050535474947,0.9946925302812092,0.9946884628893109,0.9948433960414333,0.9951712771201987,0.9956750751757952,0.9964278205592927,0.9975152393955478,0.9987454343196782,0.9994637435078806,1.0,0.9992904555096349,0.9987183132890655,0.9983283558284732,0.9978588039786332,0.9973562237914653,0.9970365023706472,0.9969776216448492,0.9972486223566994,0.9975857663623469,0.9977510077753419,0.9978087081063081,0.997790634889326,0.9973335054851277,0.996852437388036,0.9966233112878867,0.9966237862405343,0.9963917699781135,0.9957204178567475,0.994459527650655,0.9923052553236146,0.98877156670341,0.9826574899130498,0.9742022066450382,0.9295719656436167,0.7493475577167867,0.7512027119888899,0.7460744689388474,0.7440721165277652,0.7498801295891907,0.752391573130843,0.7587410584445528,0.7738428504724629,0.7912685515142106,0.806077998442134,0.8203765781064228,0.8332233228812506,0.8449187350303518,0.8552049786055712,0.8645050395655733,0.8724001871216732,0.8789200177783846,0.8853350061717232,0.8906409399734001,0.8948490008906393,0.8989336526344128,0.9022073641922252,0.9045742172071175,0.9060222565194714,0.9061773382378019,0.9054181787977376,0.9050662972500172,0.9040084891303194,0.9014396140327715,0.8979194276848226,0.8934542235056492,0.889025475119764,0.8852410710795159,0.882583151405345,0.8778810100681431,0.8722079044374054,0.8679622940319495,0.863757907577148,0.8587908997017517,0.847495660745376,0.8303353081056939,0.5995535120569483,0.6127854595883695,0.634205116179149,0.6475920852635818,0.6571196788652183,0.6647208923911586,0.6695773396018709,0.6783395000068421,0.6855075978383347,0.6917573697333701,0.6944224626218685,0.6969448539956508,0.7001947108981015,0.7048225210988518,0.7095461055644204,0.7150261856281139,0.7205958994123174,0.7264446856056181,0.7318027677430045,0.7367855682778777,0.7417351130149892,0.7474925611584385,0.7530318682069516,0.759274886276611,0.7650498929012625,0.7715517999340192,0.7776667659410916,0.7822111486067884,0.7846271880331449,0.7851431264325268,0.7820598696172458,0.7765599650479224,0.7688340604533241,0.7599357269725832,0.7533369673559615,0.7484331702657655,0.7417488115216133,0.7350074618974495,0.7327564761034656,0.7364067667495539,0.7314741499300847,0.7229323292003514,0.7162435631782226,0.7080838062209859,0.6997182402834459,0.6928547828268186,0.688594757110654,0.6822405163935311,0.6751095859683717,0.6686695882346586,0.6602127125444917,0.6515700931671983,0.6470071057479095
84,0.3550784421288611,-0.09163117064899237,-0.10806730740953707,-0.125172948318341,-0.14332219390066583,-0.159412523604646,-0.17117097008284193,-0.18420234622520837,-0.1998154620251022,-0.22014528695753008,-0.2372580836591929,-0.23966235946550132,-0.21261105390729287,-0.16470002699270994,-0.13051694595812233,-0.11592451366324955,-0.12123882840286458,-0.15851513971907327,-0.18672532780601314,-0.14979766316049245,-0.04094229370314906,0.0642185150964648,0.07807794562389128,0.0997390682044909,0.1282828428889709,0.1369407821075765,0.16832560710504643,0.19660780342900464,0.22220331194775536,0.20339511323783596,0.21530263982677475,0.25535287791048294,0.4033117866873805,0.6857228179746124,0.8874682702217684,0.9620211242007111,0.9776350400062651,0.9752488062813819,0.9718240150182199,0.9712538750866585,0.9715206020594286,0.9719861323736694,0.9730145689209672,0.9739699565349462,0.9750340262308759,0.9764802451334587,0.9774813858379693,0.9780916222541058,0.9786692921869966,0.9793043180888348,0.9798961866672932,0.9804857847639309,0.981196179598788,0.9821769607087951,0.9833696608051117,0.9843022211403822,0.9848954218604952,0.987269478546271,0.9889720169112698,0.9907027018573803,0.9923590925531655,0.9927934558319277,0.9931522699357482,0.9930436791830275,0.9928537206863185,0.992524357178864,0.9920462355733933,0.9915551221586052,0.9910820917289536,0.9907364547025239,0.9905541638344222,0.9905282075224476,0.990722497019431,0.9911523298848911,0.9918337155976765,0.9928682525896548,0.9944194978040185,0.996398144295936,0.9977495882946172,0.9992904555096349,1.0,0.999836236206549,0.9996937986252439,0.9994934198434103,0.9992441488813014,0.9990647073539399,0.9990064502869339,0.999102542321282,0.9992069170604838,0.9992097023045983,0.9991632635260113,0.9990773484830882,0.9989053908273157,0.9984266235317842,0.9982171683515841,0.9982622262301685,0.9981675215217694,0.9978204962076979,0.9970863545329947,0.9956938733659108,0.9931526299093459,0.9883398298669974,0.9811243477295425,0.938147678743071,0.7676668447928894,0.7707835721537718,0.766273248499194,0.7648487687097423,0.771185515983606,0.7737287203348719,0.7797432637195286,0.79458550264267,0.8115706387873792,0.8258368433361661,0.839548813489922,0.8518141668957921,0.8629372319828236,0.8726889656997796,0.8814772685904119,0.8889139310038143,0.8950320386115962,0.9010446331863646,0.9060018205884357,0.9099155689030052,0.9137102762265801,0.9167380636235902,0.9189209492094483,0.920251430351394,0.9203840591957615,0.9196746445361692,0.9193442956453622,0.9183617491288275,0.915984703112273,0.9127124514001858,0.908549962183765,0.9044137995233426,0.9008627960616502,0.8983734893046728,0.8939633793728607,0.888617356465449,0.884588749684484,0.8805444216013562,0.8756872188501754,0.8642878659023593,0.8467149141521146,0.6243248384657093,0.6375925330903324,0.6589163909476434,0.6722671067399523,0.6816686615581207,0.6891239387498997,0.6938181941143453,0.7021772977175809,0.7093067427296741,0.7154584825352979,0.7180028862491039,0.7203863183779162,0.7234535289469114,0.7279008382770957,0.7324597788649181,0.7377580615255801,0.7431511088468137,0.7488309713884581,0.7540387931869373,0.7588834272936452,0.7637040423899162,0.7692899921965319,0.7746628244852176,0.7807159514035672,0.7863080412637271,0.792604203615637,0.7984954473159191,0.8028684401975165,0.8052163147064578,0.8056997526141747,0.8027345788387568,0.7974268113461299,0.789943859730119,0.7813218971896093,0.7749469925575679,0.7702259072019149,0.7637804657785816,0.7572535402515742,0.7549505965565415,0.758633635398361,0.7538639220190184,0.7455843136681142,0.739076105213692,0.7310716603453229,0.7229336799067531,0.7162354951745481,0.7121163412327174,0.7058905064792937,0.6988630213234972,0.6925848035878543,0.6842096854960235,0.675613537639065,0.6711635954996895
85,0.3504996364940304,-0.08588774184228412,-0.1018113635219978,-0.11877483454809765,-0.1367615849604976,-0.15273287393921636,-0.16440574156700705,-0.1773537479619747,-0.19291804235258111,-0.2132049718012684,-0.2302741617193319,-0.23266272369474136,-0.20567510870313804,-0.15792295902194015,-0.12389733173799099,-0.10935763157631516,-0.11458038777173042,-0.1515783339769116,-0.17947468996948904,-0.14226693651005057,-0.03314323208557089,0.0721660452613811,0.08618317515452195,0.107946623857414,0.1365818286649037,0.14537914917982078,0.17682161269785512,0.2051169887545736,0.23071259548300996,0.21194367854011092,0.2239108285514504,0.2639385907245998,0.41139874098011175,0.6917228280513887,0.8904651725008151,0.9625753062822792,0.9765483461785973,0.9732367198950439,0.9693603180425155,0.9686379175103195,0.9688572114677937,0.969326720372191,0.9703747373281534,0.9713538563848014,0.9724422634817227,0.9739309611425189,0.9749596906924429,0.9755899078763229,0.9761782419088533,0.9768292588926658,0.977436335150452,0.978047392067382,0.9787884144689469,0.9798167870699105,0.9810668985126304,0.9820501004566478,0.9826880110400953,0.9851916186029559,0.9870162581968963,0.9889090564727855,0.9907581798611674,0.9912734896213463,0.991670596058247,0.9915526833845061,0.9913326519622019,0.9909608319503116,0.9904264065076425,0.9898808539077253,0.9893613656803438,0.9889837023119384,0.9887838877745525,0.9887585101563593,0.988975123637316,0.9894468370326873,0.9901956303681426,0.991320912919588,0.9930052472917354,0.9951694067602348,0.9967792343191993,0.9987183132890654,0.999836236206549,0.9999999999999999,0.9999344545563811,0.9998398085347618,0.9996911405182665,0.9995691579200625,0.9995192178985285,0.9995661482177631,0.9995980517928829,0.9995493774181985,0.9994737833937871,0.9993956784312819,0.9992642511843997,0.9987518600846435,0.998526423415713,0.9986244531620279,0.998625660319185,0.9984118314617612,0.9978623992245655,0.996722652306466,0.9945136415339129,0.9900696847125182,0.9831594692218489,0.9400478080691125,0.7725003209484645,0.7762563751680363,0.7720601611671373,0.7709755347219754,0.7777930029967364,0.7804152437980431,0.7862576739746716,0.8011719643864305,0.8181993251006678,0.8323569834536514,0.8459436530898561,0.8580512220962268,0.8690087047577495,0.8786021411088821,0.8872389285513996,0.8945342176111555,0.900510888941563,0.9064058309978535,0.911269017054525,0.9150756191021024,0.9187884601620854,0.9217567905292487,0.9238853692233808,0.9251750671221893,0.9253100401584429,0.9246226492408686,0.9242947584296336,0.923340252058524,0.9210208010053632,0.9178241903945542,0.9137475761640347,0.9096865692832957,0.9061881997254221,0.9037380423153099,0.8994142288245875,0.8941443809102465,0.890136101522423,0.8860573302548256,0.8811280954779839,0.8694066615516032,0.8513378377619665,0.632210048687378,0.6456052083805549,0.666935355956125,0.6803992547865007,0.6898491534652752,0.6972920170481791,0.7018988554503781,0.7101097582488938,0.7172638803348915,0.7234376867175255,0.7259535063976622,0.7282500094638994,0.7312149026568149,0.7356106949873761,0.7401297627338633,0.7453709331593955,0.7507189411684076,0.7563541349536864,0.7615210353504465,0.7663401367087775,0.7711307933005453,0.776666761347123,0.7819834355178469,0.7879825062785095,0.7935231378481294,0.7997632864134073,0.8055812336802028,0.80991869530567,0.8122602979910196,0.8127456376106523,0.8098171410037102,0.8045595179990579,0.7971413026057539,0.7885855244667118,0.7822995477439367,0.7776545674430412,0.7712955287776466,0.7648393180029974,0.7625003408431147,0.7662168832374175,0.7615005081185038,0.7532688559667456,0.7468003291748897,0.7387794155908984,0.7306911197222374,0.7240322319470998,0.7199642333952916,0.7137460042661443,0.7067143507057092,0.7005165841498963,0.6921100181599416,0.6834837767246282,0.6791065226983741
86,0.34740556087920077,-0.08377111365456566,-0.09940240604659507,-0.11628132960428304,-0.13416734817302664,-0.15005103953135507,-0.16166839785510415,-0.1745630165594287,-0.19007420936162425,-0.21031648737704944,-0.2273421098495604,-0.2297014455249685,-0.20273095297235313,-0.15505436611472112,-0.1211047271745619,-0.106574815391816,-0.11173054183701635,-0.14855377878583328,-0.1762670407246771,-0.13892969897529503,-0.029718874971274293,0.07563654323992842,0.08973840056513563,0.11155698544790099,0.1402395653862253,0.1491093552478336,0.18057172480959421,0.20886064740542437,0.23445950744544294,0.21570958784648994,0.22771557182027735,0.26773525092649164,0.41493936939663206,0.694196527351912,0.8914667985505159,0.9623948288537166,0.9755763745900622,0.9718175154194011,0.9677239924770512,0.9669366051679009,0.9671392724221649,0.9676147503290518,0.9686809871353689,0.9696789083309606,0.9707882369149285,0.9723081930388556,0.9733578229978392,0.9740036594815644,0.9746041572253699,0.9752691037118233,0.9758919300688873,0.976520174547333,0.9772817216276646,0.9783400847148345,0.9796279627022543,0.9806450541708919,0.9813083052554393,0.9838863543241343,0.9857879709708105,0.9877701057082988,0.9897208566123227,0.990278406393304,0.9907020395128823,0.990586474687579,0.9903582931080874,0.9899700380164346,0.9894126656540033,0.9888456935541741,0.9883080738899253,0.9879193127850986,0.9877158473543998,0.9876957506173352,0.9879288629251497,0.988427632814379,0.9892146814216208,0.99039428288963,0.9921536557007474,0.9944381698935043,0.9961813817648497,0.9983283558284732,0.9996937986252439,0.999934454556381,1.0,0.9999380123344229,0.9998487617998686,0.999762295794937,0.9997260373976926,0.9997524631710751,0.9997521123301318,0.999683955922396,0.9995975104668879,0.9995181853496067,0.9994274597352125,0.998889767987912,0.9986698712057994,0.9987851048891098,0.9988234716336,0.9986733771788112,0.9982211767638043,0.9972141260924379,0.9951762488740701,0.9909423077246495,0.9842057714232211,0.9411010384723205,0.7748511405481163,0.7788863542455265,0.7748374297082031,0.7739220282559167,0.7809737806371055,0.7836330504402946,0.7894039024267934,0.8043655411447872,0.8214217507673526,0.8355388972634653,0.8490724401541208,0.8611161879296472,0.8720026905929669,0.8815251409960061,0.8900935468447392,0.8973263508246615,0.9032418318489298,0.9090835881666158,0.9139038003587904,0.9176695580909577,0.9213484788720612,0.9242876811271471,0.9263944167218708,0.9276706082281863,0.9278091547443613,0.9271325486338665,0.9268071212186897,0.9258629194464982,0.9235687339472869,0.920405719779555,0.9163711234954672,0.9123478283670388,0.9088774118121367,0.906443336661577,0.9021599954680118,0.8969255494767034,0.892923528379976,0.8888342998698998,0.8838694810936535,0.8719818164729098,0.8536480101316162,0.6358567747420087,0.6493214128570513,0.6706968003805921,0.6842309757523312,0.6937217472984989,0.7011691239693895,0.7057390027322676,0.7138732821836766,0.7210325643037885,0.7272238478529732,0.729713243451342,0.7319545843538485,0.7348650489363315,0.7392208224962152,0.7437146528690406,0.7489300355124942,0.75425684019802,0.7598730168525463,0.7650266694343336,0.7698402668908589,0.774623545058176,0.7801403197860477,0.7854421433273068,0.7914190123351146,0.7969418205601053,0.8031591156768741,0.8089499416804795,0.8132730123471206,0.8156149642436678,0.8161025853920431,0.8131855805427718,0.8079437286373177,0.8005453800455663,0.7920203571517824,0.7857711204849644,0.7811689073606445,0.774864822570959,0.7684413828898866,0.7660686552084386,0.7698054688906101,0.7651165841414986,0.7568987213211469,0.7504407893034715,0.7423929653747278,0.7343134161426392,0.7276654126210637,0.7236246612806022,0.7174064441233663,0.7103560525235708,0.7041880102680127,0.6957749624152118,0.6870958961036673,0.6827296329012017
87,0.34433731343381724,-0.08021941969163306,-0.09560293515625949,-0.11241201668072148,-0.13022155244607816,-0.14603833122128732,-0.15761877672868793,-0.17046046741975807,-0.18592686326772156,-0.20613426516095845,-0.22312002188830368,-0.22546786486472914,-0.19852471284837642,-0.1509372167524362,-0.11708206615280359,-0.10257726307189503,-0.10767682291123941,-0.14432923491262092,-0.1718492002084611,-0.13436333856566265,-0.0250377129575741,0.0803630574889923,0.09455765793049603,0.11643755458776749,0.14516311376058025,0.15410871278474614,0.1855926288874,0.21388129757695482,0.23948029247474548,0.2207354948555348,0.23277826421443928,0.2727780267869617,0.4196441023601011,0.6975596618216895,0.89297074956439,0.962429512284477,0.9746307225780434,0.9703275493504727,0.9659749064334483,0.9651161007675394,0.9652936135067979,0.9657667080897824,0.9668512943256975,0.9678653384861787,0.9689958793980793,0.9705527431477216,0.9716202494021852,0.9722728117609366,0.9728808160703658,0.9735573518294811,0.974193029246952,0.9748348741114568,0.9756161599376201,0.976708776145189,0.9780413303405081,0.9790936282916864,0.9797802841671063,0.9824667570421711,0.9844503720001102,0.986526323378538,0.9885778533783257,0.9891636603410124,0.9896086507596018,0.9894826687389836,0.989238208255701,0.9888275990620098,0.9882397878573366,0.9876440872297285,0.9870810848867467,0.9866763352587925,0.9864662454056955,0.986448958516644,0.986697247432452,0.9872239574988758,0.9880539841488897,0.9892983547778773,0.9911599850103223,0.9936082368650787,0.9954888018056924,0.9978588039786332,0.9994934198434103,0.9998398085347617,0.9999380123344229,1.0,0.9999410515154404,0.9998932188333686,0.9998646268851877,0.9998601893594725,0.9998163279893533,0.9997209313584825,0.9996193307396845,0.9995219363716381,0.9995013797022968,0.9989537607918973,0.9987443167700969,0.9988675107676581,0.9989337380660073,0.998850268848428,0.9985100368151546,0.9976601359732014,0.9958308237590491,0.9918700212002313,0.9853999856801959,0.9425650956981079,0.7781427248101089,0.7824500112344999,0.7785396429275784,0.7777522111609257,0.7849591045638749,0.7876348870597926,0.7933363797629088,0.8082715595160124,0.8252678295064705,0.8392929097860601,0.8527237271660321,0.8646605491585502,0.8754397764825356,0.8848628238799864,0.8933353848825636,0.9004829744936335,0.9063230963800308,0.9120879043125513,0.916845571494539,0.9205604146400217,0.9241872362465856,0.9270847754204936,0.9291614560516332,0.9304194318296242,0.9305589417882696,0.9298977963909758,0.9295785187590029,0.9286516055718173,0.9263961008641863,0.9232843790745123,0.9193138949165794,0.9153479017888292,0.9119230607951486,0.9095161669624591,0.9052887325103406,0.900113825227469,0.8961456780684732,0.8920758203398459,0.8871207486843415,0.8751718929389501,0.8566819758689433,0.6404746415081451,0.6539744571214191,0.6753504361335014,0.6889082338874473,0.698401184215285,0.7058336791175311,0.7103698033460076,0.7184197201678963,0.7255815737261058,0.7317501950403406,0.7342082700750155,0.736405505088688,0.739259225249648,0.7435724866748061,0.7480328211269647,0.7532116505174412,0.7585057873818836,0.7640913556749783,0.7692217198737266,0.7740151471972471,0.7787848215073194,0.7842722178142585,0.7895467480225289,0.7954914002994751,0.8009829977428827,0.8071677870914861,0.8129166322048671,0.8172139439969903,0.8195458623675098,0.820028754243182,0.8171321749477571,0.8119209323404458,0.8045663326424081,0.7960905514885518,0.7898922137846627,0.7853406912396368,0.779091198969471,0.772715816705503,0.7703257103590346,0.7740648518365711,0.7694086301940154,0.761239579588022,0.7548040315366249,0.7467645377955148,0.7387212504210144,0.7320998534234958,0.7280821592332568,0.7218873305039933,0.7148400298107933,0.7087014385842053,0.7002989888837192,0.6916109068019128,0.6872531700020534
88,0.34143963287465956,-0.07718062442538837,-0.09231466861704604,-0.10903475400002717,-0.1267596888918316,-0.142511465450842,-0.154042839993121,-0.16683423198416306,-0.18225776704845068,-0.20242848674851957,-0.21937962886067672,-0.22170613026048994,-0.19479127307110944,-0.1473006423369378,-0.11353246282897131,-0.09905249091861049,-0.10409294511085547,-0.14057907890621185,-0.16791686272059678,-0.13029306651240938,-0.020872193777006432,0.0845691984755141,0.09885222048330942,0.12078681067243717,0.14955526407584677,0.15857167481699813,0.19007708713837818,0.21836606888793933,0.2439627023617876,0.22522677981498937,0.2373046607413796,0.2772810402935931,0.42382661701707397,0.700489665928953,0.8941917816195626,0.9623091885838774,0.9736151976768435,0.9688158232818884,0.9642282572093415,0.9633070171237386,0.9634616801715084,0.9639341723347077,0.9650354685131368,0.966068499821573,0.9672186141856234,0.9688102672699476,0.9698969012365499,0.9705562992039157,0.9711730587353984,0.9718624072955688,0.972510167982167,0.9731659758751408,0.9739683907336439,0.9750927108366918,0.9764682647757101,0.977554286269094,0.978263527379129,0.9810490910633105,0.9831134576775786,0.9852776478697878,0.987424754450622,0.9880380768458399,0.9885055494533787,0.9883722569959289,0.9881155048866381,0.9876843047240991,0.9870701060900348,0.9864482748529145,0.9858638648975223,0.9854456921349998,0.985231115826324,0.9852174835644154,0.9854801440841955,0.9860340410918146,0.9869049825157028,0.9882096824504619,0.9901669316241698,0.9927633784196019,0.9947749409974583,0.9973562237914652,0.9992441488813014,0.9996911405182665,0.9998487617998685,0.9999410515154404,1.0,0.999959697260114,0.9999413615333158,0.9999112752928562,0.9998295946833088,0.9997113715684307,0.9995975650394252,0.9994833808995752,0.9995317099339858,0.9989730979814242,0.9987755042012277,0.9989060606395795,0.9989975488162648,0.9989767734182489,0.9987389828673842,0.9980385881539349,0.9964028012473044,0.9926980662360535,0.9864721918088719,0.9439113680872745,0.781120254747397,0.7856884805908307,0.7818987562225748,0.781245555894531,0.7885922291369076,0.791287658986503,0.7969240191653646,0.8118402816950604,0.8287856823175513,0.8427257107998936,0.8560639782835473,0.8679070171074575,0.8785903291187995,0.8879216116805257,0.8963055996878592,0.9033748408826372,0.9091473267623117,0.9148434245587435,0.9195431039642402,0.923213156928613,0.9267945632971489,0.9296536627682074,0.9317023334166027,0.9329435129073963,0.9330843727569114,0.9324359732067945,0.9321223272383035,0.9312094078449544,0.9289872720170804,0.9259206904106838,0.9220051547408054,0.9180933380301409,0.9147116951888484,0.9123317969996688,0.9081545993311009,0.9030354019380015,0.899098825551516,0.8950471720828007,0.89010139705096,0.8780958903394327,0.8594603259008944,0.6446488160640584,0.6582055132156053,0.6795837638151788,0.6931701060133809,0.7026669911799827,0.7100884996439091,0.7145937267128938,0.7225844563753898,0.7297259232864175,0.7358759841071925,0.7383027557267715,0.7404588161296137,0.7432603362729647,0.747530332711728,0.7519563933387653,0.7570973928449146,0.7623574253236902,0.7679209040485235,0.7730314934229872,0.777808479393738,0.7825661777365251,0.7880224938086302,0.7932757157550726,0.799187555071111,0.804655069336199,0.8108038868716221,0.8165170761961044,0.8207869631589776,0.8231160978707713,0.823595757504271,0.8207143538531848,0.8155292789987063,0.8082114466013574,0.7997768648413922,0.7936255462104319,0.7891254780959175,0.7829283891284402,0.7765977173479875,0.774183052970918,0.7779301688826931,0.7733110858799279,0.7651779351220769,0.7587647027121507,0.7507242546025995,0.7427099893290933,0.7361187372256703,0.732124275813808,0.7259391525526017,0.7189045745833157,0.712792255721651,0.7043787586281018,0.6956781856762818,0.6913396044098918
89,0.3395734447617041,-0.07616981862565413,-0.09116646862071812,-0.10782914725291877,-0.12549491356281056,-0.14120247358012497,-0.15270218828643284,-0.1654550413396704,-0.1808478667171296,-0.2009931423763923,-0.21791521337763606,-0.22022946609721558,-0.193345977864045,-0.14593021242607382,-0.11223019912108066,-0.09777019364681566,-0.10277717766161483,-0.1391430227512265,-0.1663514589390847,-0.12864604352827952,-0.019174213469728384,0.08629136643534475,0.10063646119459044,0.12261304022299871,0.15141333302926602,0.16048074356423817,0.19200766300372582,0.22030285011093828,0.2459074127277056,0.22717208706265965,0.23927548312594804,0.27925269191718777,0.4256321865243315,0.7016375761111995,0.8944735777224414,0.9619292463375412,0.9727950331541638,0.9677445182515867,0.9630367848177314,0.9620891067569105,0.9622389972687483,0.9627129723671344,0.9638285243883785,0.9648756807625288,0.966043784474734,0.9676592716383237,0.9687636787792733,0.96943157829326,0.970057887566435,0.9707596715569234,0.9714192384749439,0.9720882663458427,0.9729067112458448,0.9740533558531481,0.9754566828406549,0.9765654229630922,0.9772911040447493,0.9801363577883527,0.9822503184262233,0.9844674196155889,0.9866696481970071,0.9873024719821238,0.9877852019410147,0.9876532244234024,0.9873929989551992,0.9869550838141854,0.9863299238300066,0.9856982241013554,0.9851063509615102,0.9846841083050516,0.984471342715568,0.9844634806836337,0.9847385691967344,0.9853116454116322,0.9862076722241809,0.9875504270230758,0.9895634947375707,0.9922510913336682,0.9943378020872602,0.9970365023706473,0.9990647073539399,0.9995691579200626,0.9997622957949369,0.9998932188333685,0.9999596972601141,1.0,0.9999634594918293,0.999924073583273,0.9998251340065218,0.9996979638265155,0.999581617098767,0.9994571405333604,0.9995506020378753,0.9989859451123108,0.9988019630388765,0.998934398993512,0.999038135540849,0.9990511405249185,0.998871595729526,0.9982537931020655,0.9967268229844886,0.9931670796381086,0.9870828687653644,0.9446795668644853,0.7826260437124696,0.7873370857852672,0.7836094506426677,0.7830263950875644,0.7904564351867784,0.7931652024247471,0.7987738527483235,0.8136892217718369,0.8306181234729616,0.8445249682339241,0.8578220086565178,0.8696252277524362,0.8802648957899637,0.8895542066172822,0.8978986066631943,0.9049317819584888,0.9106754860934351,0.9163392900246772,0.9210133247491293,0.9246668577876922,0.9282283969054214,0.9310712773967788,0.9331089598057288,0.934346922212248,0.9344910898993785,0.9338493500569333,0.9335378231021042,0.9326286980382604,0.930422000139435,0.9273764630900746,0.9234898823193131,0.9196024646256163,0.9162460797502445,0.9138798919075454,0.9097275614980043,0.9046365788060305,0.9007153511651289,0.896674087909288,0.8917338690218983,0.8796937337414699,0.8609541887661748,0.6467451944896231,0.6603282763379752,0.6817178225758876,0.6953319470702402,0.7048396688900345,0.712263849162218,0.7167628586834318,0.7247258968486651,0.7318475611854977,0.7379910560522489,0.7403908119537818,0.7425127238893854,0.7452806489304569,0.7495244551670066,0.7539283811889363,0.7590549452922296,0.7642998995488044,0.769849926602567,0.7749544591909396,0.7797284896285428,0.7844842400077385,0.7899343480771198,0.7951831282805227,0.8010845825738844,0.8065448220300732,0.8126865026372386,0.8183887582402934,0.822650301573055,0.8249785111116539,0.8254546753230948,0.8225774480542993,0.8173974612001536,0.8100889539386381,0.8016656913181498,0.7955374804165338,0.791065903933678,0.7849003136268043,0.778591687873315,0.7761718342988828,0.7799231520901904,0.7753289466810497,0.7672070821817493,0.7607974941036092,0.7527442942531074,0.7447400301370289,0.7381544410996266,0.7341782168450859,0.7279927264899493,0.7209471343173817,0.7148472847240235,0.706431717223059,0.6977066952424131,0.6933699115751895
90,0.33878942321808964,-0.07825375003469226,-0.09317394590436996,-0.10981380506119262,-0.12744804208440502,-0.14311897735234153,-0.15459934476654308,-0.1673266218130753,-0.1826972140218797,-0.20281071948746043,-0.21970847254901338,-0.22201196237653842,-0.19514591332708026,-0.14776477220070516,-0.11409243442244447,-0.09963283575374057,-0.10461319882978617,-0.14091602480675636,-0.16806650747989324,-0.13035595792546456,-0.02090968628862726,0.08455728332523563,0.09892640293151883,0.120921572656371,0.14974208847393464,0.15883381404264243,0.19037718453242766,0.21867937562655104,0.2442958225403165,0.2255726006126373,0.2376951926036093,0.277698454690036,0.42412359056086346,0.7002664340951084,0.8933906218046056,0.9611066170814435,0.9721472121813199,0.9671855092861357,0.9625214100451707,0.9616011962292345,0.9617695435275128,0.9622547504955676,0.9633843089628978,0.9644451692956532,0.9656273063667002,0.9672536208435781,0.9683748397675246,0.9690578318533328,0.9697000823179809,0.9704155247847878,0.9710889919731384,0.9717713327441039,0.9726011186598092,0.9737557675774859,0.975169156617996,0.9762878533865343,0.9770251930914607,0.979866938276546,0.9819906395218966,0.9842159848139282,0.986427503347466,0.9870736691565489,0.9875713718147594,0.9874559385864733,0.9872086438440723,0.9867849673577613,0.9861731367952494,0.985555305806235,0.9849767439128972,0.9845666831682928,0.984365702391348,0.9843680432471319,0.9846549116264256,0.9852365262213687,0.9861397042974603,0.9874867442229457,0.9894978477146026,0.9921837358002215,0.9942807243073241,0.9969776216448492,0.9990064502869338,0.9995192178985285,0.9997260373976927,0.9998646268851876,0.9999413615333158,0.9999634594918293,0.9999999999999999,0.9999486314739372,0.9998646641586233,0.999751068274029,0.999647942431911,0.9995273252054485,0.9996295860024978,0.9990531302187525,0.998881963998635,0.9990145084001321,0.9991194102021614,0.9991302879811688,0.9989513456638965,0.9983284813425792,0.9967921385568883,0.9932193006358836,0.9871141829096424,0.9445880117847992,0.7819862473368285,0.7866917413306325,0.7829736401499185,0.7824104021123086,0.7899100331248904,0.7926376514759164,0.7982555494130756,0.8132310591296276,0.8302319963152596,0.8441862581084705,0.8575279193465309,0.8693711769842445,0.8800450778009193,0.889360634903129,0.8977299147357604,0.9047868938403253,0.9105510026907041,0.9162362767219835,0.9209299564698524,0.924604017769775,0.9281844161170155,0.9310432408754262,0.9330930994397721,0.934342530086662,0.934490900326037,0.9338493589823424,0.9335344470244288,0.9326157809282352,0.9303959125547657,0.9273362514653807,0.9234370278585715,0.9195378913268561,0.9161757849605305,0.9138007504513722,0.9096370035352804,0.9045323953948081,0.900595083708072,0.8965359847624095,0.8915701295492579,0.8794635444654828,0.8606002605968914,0.6459129271874459,0.659558862884027,0.681017073428538,0.6946777562923627,0.7042401624844739,0.7116940354968704,0.7161988666193956,0.724191154998952,0.7313025647968016,0.737449132278133,0.7398380187125398,0.7419377310168722,0.7446845994692485,0.7489185114127531,0.7533255432967387,0.7584557471297593,0.7637081005317461,0.7692677425784152,0.7743879853715497,0.7791781872137884,0.7839494895545625,0.7894140814193296,0.7946791122238988,0.800598334781785,0.8060798144840885,0.8122405952933914,0.817962320584409,0.8222412631222853,0.8245829729336498,0.8250611701346312,0.8221631120874955,0.8169526707662013,0.809616504602479,0.8011688327786055,0.7950342185639556,0.7905658575361335,0.7843985067308809,0.778090522485245,0.7756630902986441,0.7794260085185228,0.7748213575645205,0.76668204218786,0.7602413382813961,0.7521580348977392,0.744119086628071,0.7375219476791323,0.7335393230500139,0.7273331970208218,0.7202683899481098,0.7141477791522223,0.7057119003345834,0.6969437369583596,0.6925910804259686
91,0.33993831146806314,-0.08374439979081034,-0.09872844937392251,-0.11538569799129754,-0.1330054619302764,-0.14867987369285962,-0.16015977522848307,-0.17287555296677817,-0.18823663517728267,-0.20833689351450713,-0.22521679908189776,-0.22751300546439054,-0.20065379131880848,-0.15326662875912858,-0.1195656931648842,-0.10507993568552348,-0.11005002093536452,-0.1463578943318955,-0.1735406533496722,-0.13591468207263568,-0.02656788074560815,0.07887498492218832,0.09322474039231432,0.11520859432304213,0.1440352502716836,0.15311959746227452,0.1846750279825352,0.21299146789502238,0.23863671621331928,0.2199034136746281,0.23203933811789693,0.2721022247759208,0.41882196194183413,0.69606859217278,0.8908374400937905,0.9598849407564721,0.9718123667177061,0.9673282858725037,0.9628947344729202,0.9620599560038551,0.9622739686503392,0.9627795537253645,0.963921517033479,0.9649938398972094,0.9661856404222315,0.9678043206678353,0.9689403168262424,0.9696431209887401,0.9703071195856535,0.9710381548680239,0.9717242307311185,0.9724198846571339,0.9732559726835404,0.9744010318045329,0.9758001214241034,0.9769104813864931,0.9776521672774295,0.9804187581450776,0.982499958738321,0.984681007519869,0.9868443374752235,0.9874945733052681,0.9880004119815599,0.9879155294202255,0.9877000713897557,0.9873130047202542,0.9867410323825692,0.9861635230253732,0.9856201142749463,0.9852406828425704,0.9850629562525192,0.9850823336927645,0.9853755901909441,0.9859548109311528,0.9868417848958648,0.9881546935191495,0.9900963851555902,0.9926684276859322,0.9946939755218703,0.9972486223566994,0.999102542321282,0.999566148217763,0.9997524631710752,0.9998601893594725,0.9999112752928561,0.999924073583273,0.9999486314739372,1.0,0.999939901180106,0.9998678519164026,0.9997950413226929,0.9996884753055781,0.9997615498461306,0.999165326089136,0.9990046741786738,0.9991361202901846,0.9992243145592582,0.9991934072150485,0.9989411569043767,0.9982063671989975,0.9965228217997583,0.9927474870670869,0.9864369732749281,0.9435140827364872,0.77887207972784,0.7834254950976708,0.7796297075482255,0.7790121985161061,0.7865195858818751,0.7892638465641328,0.7949405282200898,0.810028515110315,0.8271787639019313,0.8412698845107807,0.8547473199922251,0.866717770771956,0.8775096017113729,0.8869324463198878,0.8954009659010218,0.9025466743183075,0.9083881612797445,0.914151551167742,0.918915197189794,0.9226524622657382,0.9262963589752284,0.9292064655223717,0.9312945850517653,0.9325710734714785,0.9327227981966552,0.9320689564423115,0.9317428867504782,0.9308002605159014,0.9285369597400802,0.925420595122413,0.9214574085644673,0.9174979435914492,0.9140939548240353,0.9116968542722063,0.9074826213526817,0.90231493016395,0.8983321140146763,0.8942331087814687,0.8892160638490313,0.8770368425427278,0.8581084756998993,0.6417088302039068,0.6554194947180595,0.6769510354015117,0.6906978743186655,0.7003317633320856,0.7078405160491721,0.7123663196134166,0.7204526591120866,0.7275513388747631,0.733719586700279,0.7361011855249854,0.7381922538476385,0.7409328278434841,0.7451856933628053,0.7496115133776164,0.7547678650439901,0.7600475294511392,0.7656440899666074,0.7707969497599545,0.775619897596667,0.7804334240529501,0.7859357401773567,0.7912430633441171,0.7972154171408385,0.8027477379023896,0.8089657718755114,0.8147415218680144,0.8190671915733769,0.8214329885353048,0.8219125933727616,0.8189804896245886,0.8137054143941856,0.8062951998676056,0.7977681923953018,0.7915946267838178,0.7870971663527664,0.7808920297237352,0.7745462315796765,0.7721275692474968,0.7758990098416557,0.7712720767354869,0.7630664640263269,0.7565766444453531,0.7484298318550509,0.7403193092621924,0.7336847655089423,0.7296802301694786,0.7234342483186479,0.7163236417275239,0.7101746581595976,0.7017104264538874,0.6928677053976026,0.6884657680404948
92,0.34155419492072986,-0.090150013855859,-0.10525608616025779,-0.12193148976205971,-0.13956118967499784,-0.1552243554262703,-0.1667001662635835,-0.1794128623765917,-0.19476591702915047,-0.2148561813944824,-0.23171878191616424,-0.23400933519191466,-0.2071635096943287,-0.15975884654565842,-0.1260208380621031,-0.11149987507084454,-0.11646258671034851,-0.15280046078948087,-0.18004446905362442,-0.14253286625033984,-0.033314668498075996,0.07209680640205779,0.0864119521518842,0.10837152171285709,0.13720156518507323,0.14626679090378988,0.17783059730804132,0.20616885227432877,0.23183895229497586,0.21310437824469342,0.22525018535404218,0.26537821710666354,0.4124644141108923,0.6910858463231822,0.88787045125626,0.9585453782862394,0.9715526425776125,0.9676589737482502,0.9635124041459734,0.9627808690922794,0.963052787339156,0.9635839207369201,0.9647373869624204,0.9658202747229115,0.9670227494490762,0.968630063999406,0.969782051868351,0.9705081757041236,0.9711941946677938,0.9719415790592364,0.9726426695547576,0.9733485272111213,0.9741892008212241,0.9753222766783725,0.9766999494896791,0.9777950696658124,0.9785400386422348,0.9812090009744602,0.9832333061180795,0.9853496070945367,0.987443319505218,0.9880945234889552,0.9886027407176995,0.988554284731365,0.9883754427753773,0.9880302658002953,0.9875075050603916,0.9869790518790308,0.9864796549360186,0.9861362808514356,0.9859839895371372,0.9860213907843747,0.9863219465176823,0.986893776106044,0.987758735352522,0.989025134711924,0.9908785945927252,0.9932971085833687,0.99522209991836,0.997585766362347,0.9992069170604838,0.9995980517928829,0.9997521123301318,0.9998163279893534,0.9998295946833088,0.999825134006522,0.9998646641586234,0.999939901180106,1.0,0.9999523605581373,0.9999146598206408,0.9998294107298105,0.9998559634657984,0.9992394979344876,0.9990883769476175,0.9992170500776693,0.9992862443258881,0.999199173459029,0.9988534281496222,0.9979745788651709,0.9960994752833822,0.9920624522067409,0.9854932070749438,0.9420620682977209,0.7749600071750613,0.7793359725431416,0.7754301324686959,0.7747528419289901,0.7822602940601101,0.7850277016345787,0.7907661133359856,0.8059839791521503,0.8233057274082705,0.8375536151337548,0.8511886918846187,0.86330802939999,0.8742379692875711,0.8837861179875951,0.892372574171742,0.8996230612316888,0.9055560754287961,0.9114141195743721,0.916261749717964,0.9200731847114546,0.9237909303768903,0.9267631089668512,0.9288979950992196,0.930204108314201,0.9303577004297305,0.9296856798432647,0.9293470040755376,0.9283790728691106,0.9260642649696778,0.922882574852766,0.9188390199234896,0.9148058684306248,0.9113504775733254,0.908926354635501,0.9046525524070098,0.8994100033382385,0.8953780081989405,0.8912299471658275,0.8861588119981346,0.873897787474581,0.8548885425795066,0.6365654451185087,0.6503247030335306,0.6719501835047448,0.6857733578295353,0.6954808513477657,0.703048375502422,0.7076061055078267,0.715778266399529,0.7228724427563142,0.729059082144213,0.7314369611295559,0.7335178613307458,0.7362569281471687,0.740527256220363,0.7449762020475296,0.750165271671588,0.7554817915230543,0.7611190628404665,0.766309353125006,0.7711702706822484,0.7760204349349744,0.7815735097862726,0.7869333712890778,0.7929642206174704,0.7985553900850224,0.8048392769024568,0.8106854675221878,0.815064979454413,0.8174604086734594,0.8179393504346159,0.8149594286177648,0.8096122758748538,0.8021127283848466,0.793499642975348,0.7872691111903858,0.7827381115670591,0.7764808988162213,0.7700811238364744,0.7676742496743518,0.7714747342457742,0.7668075437771367,0.7585335523504698,0.751986763043072,0.7437689662583685,0.7355959209486892,0.7289278720317508,0.7248882645980185,0.7185970114202572,0.711441165047784,0.7052441961208309,0.6967302408951431,0.6878518414312136,0.6833958837611663
93,0.34237450144612774,-0.095225687468115,-0.11042945966660225,-0.12711183347528926,-0.14473886600209873,-0.16039579500116138,-0.1718653460346419,-0.18457077906712896,-0.1999081520750586,-0.21998018399271407,-0.23682281447459747,-0.23910618222982835,-0.2122717602449008,-0.164876264497372,-0.13112410221723883,-0.1165764069541047,-0.1215236015227322,-0.1578570546231426,-0.18511777692805564,-0.14767993484646996,-0.03856189322024392,0.06682257886258183,0.08112277104707072,0.10307735005787126,0.13191584035940476,0.14097684724369353,0.1725550516579315,0.20091165329848426,0.2266081285349951,0.20785939699769873,0.22001846443510115,0.2602016287072722,0.4075482537081372,0.6871484851198089,0.8854080958241736,0.9572899379336702,0.9711010944587161,0.96764591629113,0.9637136533103937,0.9630682011081303,0.9633835445634609,0.9639360256647691,0.965102190276074,0.9661983032259689,0.9674118514307907,0.9690172208095215,0.9701838668203154,0.9709297235986506,0.9716371825103427,0.9724002875492744,0.9731138222297159,0.9738335526971853,0.9746811102730025,0.9758087977191826,0.9771760393270416,0.9782642245351592,0.9790143109458875,0.9816194489065726,0.9836072295492977,0.9856796467351587,0.9877263151596799,0.9883795504520856,0.9888951893387029,0.98887429486066,0.9887248708693271,0.9884151610467844,0.9879305404687303,0.9874395369821951,0.9869745362353447,0.9866594875185362,0.9865299652804979,0.9865830093310952,0.986890858258871,0.9874617568798216,0.9883135642323887,0.989550881247103,0.9913465907706157,0.9936648525689468,0.9955206318978858,0.9977510077753416,0.9992097023045983,0.9995493774181986,0.9996839559223961,0.9997209313584825,0.9997113715684305,0.9996979638265154,0.999751068274029,0.9998678519164027,0.9999523605581372,0.9999999999999998,0.9999600024580498,0.9998820686865069,0.9998915515310108,0.9992621408042959,0.999125218171331,0.9992473515282928,0.9992968626268928,0.9991679289803295,0.9987569756056577,0.997779285884244,0.995770389647475,0.9915610092996909,0.9848213588867941,0.9410905963168058,0.7721540721439404,0.7763695882213711,0.7723825420340114,0.7716435166416721,0.779137038189026,0.78191389546929,0.7877089103549755,0.8030153133868912,0.8204553323289249,0.8348192236603348,0.8485720258604214,0.860803433748034,0.8718389711447687,0.8814822273119064,0.8901558236220205,0.8974868587457115,0.9034906978031985,0.90941857136133,0.9143296638975332,0.9182027445592658,0.921977648509582,0.9249964510667519,0.9271685040621503,0.9285003739316857,0.9286559633749978,0.9279734502837765,0.9276258496998556,0.9266382762685528,0.9242855198651785,0.9210553961442586,0.9169553827115445,0.9128673767805899,0.909376522629172,0.9069352722192889,0.9026163862278321,0.8973228083458914,0.8932537267210914,0.8890769681841922,0.8839724741123692,0.871667990191465,0.8526123013872315,0.6327083725239376,0.6464936562503514,0.6682151948105836,0.6820820326871139,0.6918538744885426,0.6994683499786986,0.7040547585248226,0.7123076006780097,0.719375562163487,0.7255709886045986,0.7279385997415017,0.7300071008554435,0.7327360646345186,0.7370147101167829,0.7414726255506565,0.7466863259812734,0.7520258401553467,0.7576911601038294,0.7629147332793405,0.7678085671005603,0.7726954770444784,0.7782886844003748,0.783689209451465,0.7897681103552753,0.7954077351022236,0.8017461845694757,0.807641766784679,0.8120712230281945,0.8144893380301839,0.8149684426783975,0.8119513977088859,0.8065432689490429,0.7989712445440784,0.7902861451066674,0.7840181420545866,0.7794648830810924,0.773173393818333,0.7667370121190672,0.7643515090821901,0.7681509703029538,0.7634631255588573,0.7551365936559655,0.7485434303347611,0.7402760677991312,0.7320422594787522,0.725334923786936,0.7212762136758757,0.7149517696706655,0.7077672229260709,0.701525116674302,0.6929844882216186,0.6840541769395945,0.6795435935912318
94,0.34272559075219644,-0.0990304244367738,-0.11424409313714852,-0.1309377458835387,-0.1485456309013796,-0.16419558907366993,-0.1756508875836348,-0.18834468601926058,-0.2036663637219831,-0.22371892159988316,-0.2405418864741802,-0.24282371754574025,-0.2160133573011654,-0.1686410357312644,-0.13489528417026764,-0.12033686638215733,-0.12527310080295398,-0.16158770320537844,-0.18883971457219012,-0.15145145139871893,-0.042402541105758966,0.06296762735021458,0.07726856112801946,0.09922270563482707,0.1280728809479997,0.13714177386454252,0.16873379139121256,0.19710635175766028,0.22282365330383538,0.20407137722024643,0.21624674949348222,0.25647313102174,0.40398810875535607,0.6842331315174279,0.8834994840753513,0.9562154434822707,0.9705878758784519,0.967433933238061,0.9636505298525714,0.9630654104543253,0.9634150837212909,0.9639831173111932,0.9651631849817782,0.96627004365647,0.9674964596155327,0.9691040091582933,0.9702862916313824,0.9710470228915931,0.971773650799722,0.9725514188100314,0.973278388702021,0.9740089132970642,0.9748657574433577,0.9759932222110652,0.9773572250755529,0.9784445938091441,0.9792011342369757,0.981767772976238,0.9837351303144247,0.9857838366304094,0.9878039885852594,0.9884600675939375,0.9889829168813212,0.9889830868550014,0.9888564954018694,0.9885717656631576,0.9881152891558564,0.9876520926657246,0.9872125458832065,0.9869197974857085,0.9868077140831196,0.9868740174760113,0.9871909378877092,0.9877622884684404,0.9886095990745882,0.9898310716549836,0.991592965790675,0.9938484838041515,0.9956630611710423,0.9978087081063081,0.9991632635260114,0.9994737833937872,0.9995975104668879,0.9996193307396843,0.9995975650394252,0.999581617098767,0.9996479424319109,0.9997950413226929,0.9999146598206409,0.99996000245805,1.0,0.9999037609449513,0.9999033026940339,0.9992608730438245,0.9991367059840347,0.9992565324062745,0.9992966740123175,0.9991409719239934,0.998689528331857,0.9976477057154525,0.9955543374435686,0.9912318038106818,0.9843843286512307,0.9404404148134355,0.7702031065171965,0.7743062123711405,0.7702626680977249,0.7694901192544461,0.7769902376237325,0.7797788558987369,0.7856109102571709,0.8009908698002214,0.818524836252369,0.8329757055987418,0.8468127706590528,0.8591272296358159,0.870236391704152,0.8799462706168787,0.8886828304522727,0.8960701619201319,0.9021251868323115,0.9081041366171866,0.9130605674301179,0.9169765877216696,0.9207943966849337,0.9238464649871498,0.9260447249651031,0.9273962275474769,0.9275551154583521,0.9268637798214834,0.9265103189649195,0.9255078462251648,0.9231287105028049,0.9198632359979227,0.9157244547385203,0.9115979882778181,0.9080846625977255,0.9056295821600144,0.9012812298242356,0.895949725474977,0.8918560295243924,0.8876553189492729,0.8825254025592757,0.8701826653987833,0.8510916012195734,0.6300115844062802,0.6438603834815461,0.6656503550066413,0.6795647141071107,0.6893904045655366,0.6970461534186221,0.7016502068287959,0.7099474056437981,0.7170121494176327,0.7232117191572871,0.7255663911975198,0.7276214529047866,0.7303342680096446,0.7346157701929766,0.7390834732682202,0.7443103899465036,0.749668666142446,0.7553600376786216,0.7606055887706311,0.7655213519297214,0.7704351744310659,0.7760578010294054,0.7814906689809894,0.7876056827568066,0.7932817500042999,0.7996604937342837,0.805598990938937,0.8100578203678425,0.8124967597588805,0.8129750204196207,0.809929104066053,0.8044707011962396,0.7968439326908098,0.7881098626921389,0.7818121533248049,0.7772469092154841,0.7709266359107899,0.7644739178826677,0.7620993044148904,0.7659037421893173,0.7612053547217996,0.7528375305914031,0.7462042740527882,0.73789235005127,0.7296226914250842,0.7228931921823292,0.7188185925382093,0.7124609491159852,0.7052433251850637,0.6989861474770612,0.6904107460473018,0.6814265018466875,0.6768954611776106
95,0.34454103776637185,-0.10135910868381434,-0.11660185205553926,-0.1332870736703364,-0.15092384520738839,-0.16657742176361634,-0.17804444703513128,-0.19073203970237457,-0.2060513306214844,-0.2261188110627165,-0.2429791908101832,-0.24531844072469075,-0.21858693470896626,-0.17129805358244965,-0.13763705855839412,-0.1231543171074946,-0.12813745186770556,-0.16447642613573088,-0.1917508643935417,-0.15438456088941194,-0.04536927060790418,0.06002929196484916,0.07432809564341585,0.09627500291741188,0.12514064420918053,0.13423794322024152,0.16584967795162198,0.19424196899538818,0.21995783022866255,0.20121604352216893,0.21341275259348325,0.25367507345238377,0.4013255989067221,0.682120285437809,0.8822055916285652,0.9555710961222967,0.9703833028485386,0.9674583655300328,0.9637772440032498,0.9631972445639334,0.9635776873765474,0.9641723302726907,0.9653569474885715,0.9664652581937847,0.967686363789869,0.9692850197380268,0.970480357363597,0.9712806531199446,0.9720185712661013,0.9728048733570691,0.9735435775411398,0.9742845403292839,0.9751440032071433,0.9762685964040306,0.977616013393633,0.9786991882880792,0.9794679452833823,0.9819611515310909,0.9839053568978844,0.9859352480104295,0.9879536969209841,0.9886330306500574,0.9891634645289047,0.9891821307428114,0.9890704693515797,0.9887991560754029,0.9883583150941662,0.9879067995827837,0.9874806770846205,0.98719490135543,0.9870862502742777,0.9871564970303419,0.9874710818622141,0.9880369211742238,0.9888756950108117,0.9900689026815926,0.9917578751706296,0.99389624891945,0.9956970078378516,0.997790634889326,0.9990773484830883,0.999395678431282,0.9995181853496068,0.9995219363716382,0.9994833808995753,0.9994571405333603,0.9995273252054484,0.999688475305578,0.9998294107298105,0.999882068686507,0.999903760944951,0.9999999999999998,0.9997490702403876,0.999053139131963,0.998880881410325,0.9990637337675297,0.9991794996022129,0.9990468430467524,0.9985712140576719,0.9974663118256826,0.9952835632103245,0.9907429611286921,0.9835810554609753,0.9384625848444453,0.7675102919596044,0.7716949586935973,0.7676960761822234,0.7670565262929282,0.7748886379176553,0.7777475794659059,0.7835200260087054,0.7991276342329177,0.8169469038453333,0.8315284884322308,0.8455056705588573,0.8579052138393876,0.8690861425276135,0.8788556393818582,0.8876526601300833,0.8950841886326657,0.901137304650933,0.9071752746033311,0.9121855007238058,0.9160950096686349,0.9199538443078317,0.92305387749297,0.9252661559845222,0.9266153931704124,0.9267850492293035,0.9260907210983608,0.9257227403391612,0.9247002867313205,0.9222796907291697,0.9189692605849509,0.9147749361930474,0.9105883367012602,0.9070186247143299,0.9045399092213698,0.9001631890363613,0.8947693788238104,0.8906004565308594,0.8862841987838366,0.8809962789136648,0.8682708027567041,0.848823941896306,0.6285647572150143,0.6424201639056792,0.6641927744614524,0.678204274180029,0.6881149070734524,0.6958119028394201,0.7003535746162834,0.708629337409967,0.7156972808760266,0.7219707578130778,0.7243257283159122,0.7263163491953586,0.7289868555314385,0.7332731251667529,0.7377593959100094,0.7430024553501567,0.7483800172577224,0.754082331174823,0.7593453988195606,0.7642841092284356,0.7692230655551241,0.7748659559615002,0.7803251280651975,0.7864763670723999,0.792175513178297,0.7986100220772185,0.8045725228449929,0.8090874448997494,0.8115294379035294,0.8120103000103992,0.8089173964744385,0.8034050001972322,0.7956895999380252,0.7868912398232574,0.7805815221701873,0.7760021134963393,0.7696530393625566,0.7631742333790333,0.7607935209299883,0.7646368191868261,0.759922182559311,0.751517147245922,0.7448937537558816,0.7365019290758265,0.7282576436785738,0.7215022967105132,0.7174373466488019,0.7110614893513783,0.7038125745984632,0.6975369640594093,0.688938264488766,0.6799152845171863,0.6753319756254872
96,0.3407088023010457,-0.09497240153579449,-0.10994242426452394,-0.1265571426569572,-0.14404261563908435,-0.1596025904672351,-0.1710057331885011,-0.18365421284654576,-0.1989469615580053,-0.2189798678925513,-0.23576672598270387,-0.23801293133020066,-0.21119206507213503,-0.16384717511700947,-0.130141309232859,-0.1155743869811308,-0.12045829690512197,-0.15665761119765576,-0.18379052270793222,-0.14629979130201237,-0.0371653530694841,0.06821389350450603,0.08256092037758377,0.10454311626796817,0.13340012348521477,0.14249680090448216,0.1740807853347564,0.20243375388334192,0.22813606232806535,0.20941687931075822,0.22161265497895025,0.261794618207612,0.40892171480648876,0.6877305938068616,0.8850616030534847,0.9562819631825408,0.9696689546709686,0.9659926060636947,0.9619753137263732,0.9613638187686023,0.9616802313667344,0.962232596102761,0.963428449239181,0.964554331504635,0.9658052241788014,0.9674518371784498,0.9686488436518138,0.969393547740988,0.9701240299065876,0.9709120732431861,0.9716462542715953,0.9723858481734349,0.9732593423558468,0.9744149606144032,0.9758246741318269,0.9769443811664981,0.9777098907543347,0.9804099213582835,0.9824584599164762,0.9845866776422377,0.9866751399376256,0.9873280943972272,0.9878631770995322,0.9878492329495892,0.9877085277815751,0.9874087945340366,0.9869307916233354,0.9864491514082426,0.985992178186581,0.98569239238828,0.9855829345250294,0.9856580647788356,0.98599011647419,0.9865931761071927,0.9874779216984388,0.9887651848581924,0.9906478105500534,0.9931024399007167,0.9950140738319421,0.9973335054851276,0.9989053908273157,0.9992642511843997,0.9994274597352126,0.9995013797022967,0.9995317099339858,0.9995506020378753,0.9996295860024978,0.9997615498461306,0.9998559634657983,0.9998915515310107,0.9999033026940339,0.9997490702403875,1.0,0.9993213966478578,0.9992634054993212,0.9993286986261236,0.9993180812420991,0.999182268528681,0.9988188545633745,0.9979281416930876,0.9960344308256261,0.9920603820628064,0.9856301098162125,0.9429380033761734,0.7742209242144189,0.7784166271288528,0.7744092853464207,0.773632550071936,0.7809880067189651,0.7837381205725582,0.7895661929402814,0.8047661229685547,0.8220532983605304,0.8363415360617293,0.8499991935234598,0.8621746680482196,0.8731534801891874,0.8827395823889562,0.8913563032332376,0.8986470839688041,0.90464883184222,0.9105251471357688,0.9153950182411945,0.9192824035042236,0.9230323992414595,0.9260183993039637,0.9281837608426913,0.9295196145790918,0.9296642045686608,0.9289751294422539,0.9286292465237085,0.9276430925632275,0.9253073778045362,0.9220985420006331,0.9180356293559764,0.9139901699364106,0.9105599303271101,0.9081562624812243,0.9038722184613263,0.8986383961730318,0.8946367917705418,0.8905515723904026,0.885546122214873,0.8734689746367038,0.8545613186740869,0.6341185609479537,0.6479733019685954,0.6697589399952463,0.6836249182679768,0.6933818896028843,0.7009906957002431,0.7055902441365232,0.7138751297391998,0.7208971850842748,0.7270199393977,0.7293479584511479,0.7314107213343697,0.7341045048105945,0.7383457998165951,0.742765737204427,0.7479449254494259,0.7532509266895355,0.7588981230971,0.7641045514350191,0.768978866472255,0.7738565453557381,0.7794326184035353,0.7848317115931216,0.7908948210937892,0.7965311214849452,0.8028394387376355,0.8087302597049584,0.813128168326284,0.8155469130548638,0.8160072040202316,0.8129909244122281,0.8075787671724773,0.8000419749940092,0.791377133850283,0.7851279764648341,0.7806004589502702,0.7743357885575761,0.7679298321444604,0.7655669062822239,0.769351821208806,0.7646822423263101,0.7563859267699321,0.7497866707470962,0.7415469244104788,0.7333079198152541,0.7266239263817098,0.7225776491049484,0.7162559444392829,0.7090794470535053,0.7028547663980449,0.6943231196474166,0.6853880048915354,0.6808856675744405
97,0.34017393944330054,-0.09772525222325727,-0.11231477640680808,-0.12884320508103278,-0.1460952416794609,-0.16143663673207956,-0.1727191072271253,-0.1853329908389428,-0.20058477031115654,-0.22061798994587228,-0.23738970628711298,-0.23964606092050925,-0.2128328332461553,-0.16545828684989114,-0.13181234651264187,-0.11729095505139335,-0.12224128015747357,-0.15846336334115843,-0.18562096241880768,-0.14812276827243193,-0.03894964484769155,0.06650529940949561,0.08087700690119148,0.10289079700083699,0.13178032367341597,0.1409046185578564,0.1725538184180111,0.20097273580027375,0.22670585508419733,0.20809728232540559,0.22028660477770953,0.2604841605109725,0.4076571199031026,0.6867228009577107,0.8844624968494673,0.9560417709879805,0.9696289915591504,0.9659981425676369,0.9619649549560404,0.9613518846447106,0.9616251893422479,0.9621393839778684,0.9633060514620362,0.9644067529141953,0.9656435109245655,0.9672781080763306,0.9684695556223497,0.969207431509849,0.9699253589311977,0.9707032770649898,0.9714235397320273,0.9721447123943516,0.9730053690402793,0.9741559793824678,0.9755637811428337,0.9766705064942809,0.9774300936598062,0.9801476867231891,0.9822027030539262,0.9843222220108531,0.9863953673319197,0.9870263372719805,0.9875359706661208,0.9875060970880043,0.9873413241242834,0.987019499792478,0.986519889894375,0.9860212967230826,0.9855409607791646,0.9852228522706827,0.9850961729707305,0.9851553027115669,0.9854719232681269,0.9860607095396783,0.9869333641112963,0.9882207749808696,0.9901390392745861,0.9926457105127328,0.9945438304732318,0.9968524373880359,0.9984266235317842,0.9987518600846436,0.998889767987912,0.9989537607918975,0.9989730979814241,0.9989859451123106,0.9990531302187525,0.999165326089136,0.9992394979344874,0.9992621408042959,0.9992608730438244,0.999053139131963,0.9993213966478578,1.0,0.9999022443277148,0.9999222165583491,0.9998302170720048,0.9996599006706859,0.9993025682169459,0.9984481467338082,0.9966098099376889,0.992816737832036,0.9867311808072629,0.9454913868630301,0.7758725736957297,0.7799524848341788,0.7757801239818936,0.7748374175316435,0.78186603039722,0.7845551042409976,0.7904801899733676,0.8055214377568009,0.8225815093687561,0.8368275676586833,0.8504335632520305,0.8625992948027232,0.8735957632698372,0.8831942718769232,0.8918215551529229,0.8991321586519354,0.9051913134977224,0.9110650110808604,0.915927974640527,0.9198701164901919,0.9236293148004416,0.9266090732076553,0.9287943160905666,0.9301543606811984,0.9302978276130978,0.9296062029899501,0.9292687486193909,0.9282805867740221,0.925954212750155,0.9227637264562902,0.9187183064884512,0.9146920731218018,0.9112998346507956,0.9089235244336563,0.904665730923649,0.8994634532591405,0.8955369636535361,0.8915915039199559,0.8867987991196036,0.8752651100256207,0.8567224046585747,0.6340773127869648,0.6479285120614507,0.6697320961016531,0.6835960505510266,0.6932987142728535,0.7009153597097171,0.7056132585243065,0.7139903036550291,0.7209675848585878,0.7270304366024115,0.7293190893874485,0.7314306599105639,0.7341280191198267,0.7383705091838973,0.7428004449009636,0.747981596304746,0.7532971474173097,0.7589583067759252,0.7641892477629677,0.769071766514543,0.7739817040439325,0.7795850085918933,0.7849994151962892,0.7911033873514359,0.796760470672618,0.8030977917206691,0.8090423064624304,0.813465236066962,0.8158829342107149,0.8163416217612952,0.813317153475284,0.8078500699235434,0.8002732020323922,0.7915913762965536,0.7852940348822227,0.7807515912141328,0.7744824758362041,0.7680484970332825,0.7657042673301433,0.7694954163076116,0.764838990550318,0.756551144648682,0.7499178011908887,0.7417361365845018,0.7334131034698629,0.7267029562358434,0.7226906901131671,0.7163429948451736,0.7091776087257505,0.702874472427989,0.6943636394809424,0.6853833214040391,0.6808440418581886
98,0.3390811711265549,-0.0987011488297589,-0.11324223565016965,-0.12977732951289944,-0.14699909900175437,-0.16232020041266865,-0.1735867753441088,-0.1861776816498105,-0.20140852942047496,-0.2214121443843367,-0.23816923518402447,-0.24042007456104675,-0.21363483742888345,-0.16631191789526217,-0.13271332635099933,-0.11821273907476033,-0.12316484095351561,-0.15933366946176833,-0.1864366642649104,-0.14893426236871185,-0.03978787527639225,0.06564299368218189,0.08004921717009231,0.10208713903721742,0.1309874306306619,0.14012997634598898,0.17180094062009016,0.2002405358474701,0.22599782145416294,0.2073763126149449,0.21959403929122187,0.25979146229664307,0.40691274669444677,0.6858348293190584,0.8835299127553807,0.9551544660330136,0.9687762363862349,0.9651603572519789,0.9611385016396685,0.9605671695208443,0.9608404164196724,0.9613520875479541,0.9625306667737578,0.9636474453718741,0.964901611978282,0.9665588253397502,0.9677667290141704,0.9685056269708647,0.9692363155438316,0.9700299018329468,0.9707603500359687,0.9714947264132069,0.972368800818354,0.9735336458342585,0.9749652479364945,0.9760856602070634,0.9768521206526604,0.97962057608905,0.98170019606888,0.9838346712456797,0.9859105424548259,0.9865308161218928,0.9870476108616812,0.987019690230159,0.9868630828139692,0.9865504661491811,0.98605806569454,0.9855683297243109,0.9850933966228389,0.9847860214563154,0.9846695931340876,0.9847385111168169,0.9850667214640089,0.9856675912203448,0.9865520229729912,0.9878615418168116,0.9898236675911581,0.9924021852402514,0.9943017566310643,0.9966233112878866,0.9982171683515841,0.998526423415713,0.9986698712057995,0.9987443167700969,0.9987755042012277,0.9988019630388766,0.998881963998635,0.9990046741786738,0.9990883769476177,0.9991252181713309,0.9991367059840347,0.9988808814103249,0.9992634054993212,0.9999022443277147,1.0,0.9998960001669622,0.9997426147482875,0.9995487623184882,0.9992054328112216,0.9983854001213472,0.9965960434073139,0.9929450162807651,0.9870803956071491,0.9467656640524448,0.7770252800447235,0.7808975423041742,0.7766107656020955,0.7755513997830044,0.7823382402229582,0.7849821800495534,0.7909769412445816,0.8058862185295997,0.8227833349810626,0.8369788485029173,0.850526397696493,0.8626763805590274,0.8736634541181038,0.8832492652734174,0.8918610700695193,0.8991691439212798,0.9052593936170691,0.911117528478481,0.9159671669180239,0.9199453759079126,0.9237049817724315,0.9266747733385079,0.9288660124024344,0.9302420891290545,0.9303793841129182,0.9296816257108346,0.9293463465569078,0.9283575263161031,0.9260371679377594,0.9228536273984054,0.9188278451273434,0.9148227770662335,0.9114680757933199,0.9091210859448144,0.9048760390660865,0.8997125478239933,0.8958442258344672,0.8919934326237801,0.8873169969684864,0.8760854482419247,0.8577852449612515,0.6338909976803949,0.6477959410977732,0.6696146209373196,0.6834445609094342,0.6931377212333081,0.7007521369825597,0.7054930642063992,0.7139096558161869,0.7208444082923997,0.7268305246611689,0.72907619041186,0.7311858016594772,0.7338725772516613,0.7380899792307916,0.7424884496578059,0.7476503274703197,0.7529570388988961,0.7586156482696338,0.76384961735552,0.7687309029392055,0.7736495809895698,0.7792630778899904,0.7846972218231113,0.7908124881618309,0.7964851102054592,0.8028300911919121,0.808802789915334,0.8132263351042248,0.8156416020709171,0.8160900262610304,0.8130484204383255,0.8075566828821118,0.7999724766435528,0.7912751240445933,0.7849733672550004,0.7804336532693315,0.7741688448345154,0.7677333694427423,0.765417604045409,0.7691917012425892,0.7645566404695952,0.7562674804569548,0.7496323869839902,0.7414777770405582,0.7331372072376129,0.726430642738199,0.7224224659940953,0.7160835634840151,0.7089206627272701,0.7026144026335891,0.6941092357066871,0.6851183422159658,0.6805422572064174
99,0.3390547724270133,-0.0989045264340398,-0.11349726935070494,-0.13004270708511081,-0.14733127661995163,-0.16268396529938567,-0.17397059713910684,-0.18655714521248867,-0.201792935323419,-0.22180161273037546,-0.2385730997836386,-0.24087044460205678,-0.2141635103482828,-0.16697139393346838,-0.1334686365262114,-0.11902196650906628,-0.12396964590970123,-0.16007555449834177,-0.18707036725519058,-0.14947962847778368,-0.04024750419081516,0.06527596951763198,0.07973956469844555,0.1018251219932478,0.13077447684590007,0.13997918760225986,0.17170090938223373,0.20017742139057068,0.22595432632914575,0.20728570060945006,0.21952648990806722,0.25975123990957144,0.4069140804134456,0.6858546373357868,0.8835131012355331,0.9550685781368027,0.9686317195814611,0.9649697189041907,0.9609212612809758,0.9603148006688522,0.960605275052652,0.9611370991325301,0.9623245318455191,0.9634450062803814,0.9647033786110247,0.9663626558517514,0.9675809668397325,0.9683454372136855,0.9690838066564378,0.969881986133562,0.9706225055848632,0.9713653184681654,0.9722465862492616,0.9734193209202854,0.974848246826933,0.9759750168375645,0.9767551306980131,0.9794999276641401,0.9815811761994008,0.9837350379159927,0.9858458927112663,0.9864942493429926,0.9870217862090275,0.9870021254760726,0.9868469859483985,0.9865322566192233,0.9860384874099845,0.9855438820926777,0.985070384305154,0.9847590011922723,0.9846404766606582,0.9847114237966683,0.9850428857504248,0.985647167787814,0.9865392342731222,0.9878475152151559,0.989788383087278,0.9923157321816087,0.9942572313251706,0.9966237862405343,0.9982622262301685,0.9986244531620277,0.9987851048891097,0.9988675107676582,0.9989060606395797,0.998934398993512,0.9990145084001321,0.9991361202901846,0.9992170500776695,0.9992473515282928,0.9992565324062744,0.9990637337675297,0.9993286986261236,0.999922216558349,0.9998960001669621,0.9999999999999998,0.999880717133469,0.9997423960702918,0.9994211013116856,0.9986044078843725,0.996810841646954,0.9930535648488754,0.9869757381924452,0.9456068344138078,0.7763317968831062,0.7804112915940705,0.7762363988030926,0.7753129292228648,0.782403124250151,0.785106921813212,0.7910230796378286,0.8060921631826884,0.8231916005610983,0.8374501802659567,0.8510704746135276,0.8632461508140362,0.8742441800079177,0.8838413158681502,0.8924681015997369,0.8997756820682026,0.905832210439274,0.9117072384292269,0.9165773911113669,0.9205253712542044,0.9242983156917216,0.9272886210985476,0.9294764591592364,0.9308444216974467,0.9309919067610021,0.9302970942596702,0.9299516626625504,0.928955782066723,0.9266200033573844,0.9234235794329335,0.9193711533281838,0.9153404917129284,0.911952963609046,0.9095922560969879,0.905345147309151,0.900151101987974,0.8962265045569305,0.8922786269854857,0.8874697640481184,0.8758815817236906,0.8572500529014957,0.6346463025668558,0.6485390566348775,0.6704076291204024,0.6842942328480536,0.6940452297673867,0.7016827093276858,0.7063849546042432,0.7147631860719372,0.72169214937154,0.7277193395819447,0.7299572558279079,0.7320133908054738,0.7346487866017379,0.7388504144858499,0.743253572167289,0.7484153524976573,0.7537248324766953,0.7593809610033315,0.7646214911672157,0.7695145081240444,0.7744415626109324,0.7800563607108089,0.7855041931749455,0.7916264081797706,0.7973107246966039,0.8036824012104389,0.8096606831639575,0.8141039630659369,0.8165303941877508,0.816984263297939,0.8139208998338349,0.8084073977022556,0.8007766996347271,0.7920524392722659,0.785759505252825,0.781226860330095,0.7749661107694579,0.7685327110054438,0.7662089167379796,0.7700163420147081,0.7653837312246926,0.7570799003628719,0.750443062209559,0.7422265528799259,0.7339164163487536,0.7272092889725479,0.7232184562523579,0.7168568560533889,0.7096661900832236,0.7033568290586307,0.694819940790995,0.6858078513702878,0.6812247444420185
100,0.3383095815965423,-0.09770853914851935,-0.1122646877746485,-0.1288044736059293,-0.146116478175117,-0.16148817409238206,-0.1727814720244152,-0.185337609270964,-0.20055353139785828,-0.22056412799165262,-0.23734804602994156,-0.23968621028926992,-0.21307517669295944,-0.16605549359246935,-0.13269358781481047,-0.11831992013657731,-0.12325742079985108,-0.15923272113583115,-0.18605740196934514,-0.14832117140265721,-0.03896811931508833,0.06665878709664551,0.0812138182932445,0.10336141507154116,0.13237038932870426,0.1416677587342135,0.1734431736422374,0.20195169709948607,0.22774352865013187,0.20905182956396148,0.2213331823094421,0.2615710973707655,0.4086472611986989,0.6871192519333694,0.8840686780796161,0.9550193068979942,0.9681709901802643,0.9642680861767009,0.9601011958238053,0.9594299543295534,0.9597284344046906,0.9602805525876086,0.9614815258320866,0.9626116640120217,0.9638788068383959,0.9655513893537446,0.9667830445966942,0.9675785751060925,0.9683276030136531,0.9691352157179102,0.9698909307322523,0.9706433796499722,0.9715372498568007,0.9727274368292199,0.9741669559139252,0.9753087516202495,0.9761128412858735,0.9788650401952486,0.9809720366152527,0.9831732096144055,0.985357528396955,0.9860495597519255,0.9865935819124839,0.9865775558069914,0.9864168140238766,0.9860915115169536,0.9855822512687213,0.9850723908105132,0.9845882800079129,0.9842660477940979,0.9841394493693231,0.9842104716034847,0.9845487342476424,0.9851638343100755,0.9860768993938435,0.9874036584491592,0.9893523348199259,0.9918662140289926,0.9939009858447077,0.9963917699781135,0.9981675215217694,0.998625660319185,0.9988234716335999,0.9989337380660072,0.9989975488162648,0.999038135540849,0.9991194102021614,0.9992243145592582,0.999286244325888,0.9992968626268929,0.9992966740123175,0.9991794996022129,0.9993180812420991,0.9998302170720049,0.9997426147482876,0.9998807171334692,1.0,0.9998954682928993,0.999639106118836,0.9988761876874587,0.9971460837432397,0.9933411574135889,0.9870922805392485,0.9445589621563595,0.776413281494295,0.7808429200453981,0.7768366873844899,0.7761448519167795,0.7836690022848602,0.7864464880375318,0.7922431545157916,0.8075000211929774,0.8248275768683645,0.8391334505515032,0.85280792382877,0.8649742286839945,0.8759489780662338,0.8855209252926384,0.8941291939643653,0.9014064150407688,0.9073926769023076,0.913263675255971,0.9181349750832297,0.922023682897667,0.9257898903618044,0.9287926187184249,0.9309667146888155,0.9323129207664789,0.9324695316770739,0.931782471958861,0.9314277424402866,0.9304298614004243,0.9280899196719123,0.9248875810395184,0.9208300315580389,0.916781665910325,0.9133672864442115,0.9110009414503095,0.9067722459956676,0.9015610098653118,0.8975834403267338,0.893517120590851,0.8885480828087535,0.8765057438968101,0.8574219438628929,0.6370570279031657,0.6509941749541315,0.6728359534616275,0.6868241738720128,0.6966351850921029,0.7042984940848033,0.7089223898668149,0.7171940342805273,0.7241462607095257,0.7302288133717548,0.7324464396046192,0.7344155314545534,0.7369801133137505,0.7411574466554633,0.7455469075023822,0.7506955470428639,0.75600157322115,0.761646017818749,0.766879901983722,0.7717790252746497,0.7767115071662639,0.7823207868746529,0.7877597678330104,0.7938893380072155,0.7995710691368033,0.8059582478158427,0.8119190253610479,0.8163908494034583,0.8188249131389927,0.8192778376338368,0.8162013309846279,0.8106640400162499,0.8029938879806845,0.7942626721767203,0.7879892435709679,0.7834912620481284,0.7772450415636585,0.7708284942190463,0.7684844884119173,0.7723274020646513,0.767719084355392,0.7594091385775438,0.7528016121097935,0.7445287048371418,0.7362547186708723,0.729550952810246,0.7255766487073692,0.7192128188547602,0.7120018691672088,0.7057247333612925,0.6971447086811601,0.6880848467663481,0.6835122245067649
101,0.3354873448549376,-0.09245402654523036,-0.1068330990043493,-0.12332463619242927,-0.14061646679845352,-0.15599156814933615,-0.16725577878986445,-0.1797717749369033,-0.1949567046491121,-0.21495327813209533,-0.23174125707508797,-0.23411760477409932,-0.20760967778703276,-0.1607928397295465,-0.12761862354658873,-0.11334360775694868,-0.11825740051976674,-0.1540503430165155,-0.1806301428689345,-0.1426771447677491,-0.03315093969143621,0.07256672757302873,0.0872486476654388,0.1094828127289904,0.13855349985697774,0.14795912324010727,0.17978371009535943,0.208318887594223,0.23411359394163198,0.2153904394835935,0.22771285735833288,0.2679127353654445,0.41458186857303325,0.6914413076604747,0.8861297785584618,0.9552832049756752,0.9672305820417425,0.9626527547974627,0.9581611661394709,0.9573780276088932,0.9576465383090719,0.9582005683511754,0.95941624157436,0.9605595553214186,0.961843133630978,0.9635541137881594,0.9648030666073861,0.965614257519562,0.9663653561875283,0.967182256622924,0.9679502626241442,0.9687165367676213,0.9696297041836843,0.9708581120979205,0.9723398929142584,0.9735218500547156,0.9743524238345892,0.9772169988093562,0.9794173797941225,0.9817272798437726,0.9840374019200568,0.9847614984398089,0.9853238962702376,0.9852890390083999,0.9851031182816297,0.9847418555059224,0.9841892069747269,0.9836354906434187,0.9831138973244555,0.9827638512459383,0.9826186680119178,0.9826859043574504,0.9830363650419106,0.9836769979523814,0.984639119425005,0.9860340434957533,0.9880860740267737,0.9907567248977157,0.9929562866356486,0.9957204178567475,0.997820496207698,0.998411831461761,0.9986733771788113,0.998850268848428,0.9989767734182489,0.9990511405249184,0.9991302879811689,0.9991934072150485,0.9991991734590291,0.9991679289803294,0.9991409719239934,0.9990468430467524,0.9991822685286809,0.9996599006706859,0.9995487623184883,0.9997423960702918,0.9998954682928994,0.9999999999999998,0.9998389646729847,0.9992658929072712,0.997774117518373,0.9942314589765999,0.9881805539000468,0.9455039116015239,0.7801636053258718,0.7849808871490951,0.7811678669044934,0.7806622851043057,0.7884484872489801,0.7912582242640227,0.7969335672898811,0.8121864552534838,0.829490010783665,0.8436838544047244,0.8572462080424531,0.8692777252086613,0.8801137774299034,0.8895579151961552,0.898042337995992,0.90520603344119,0.9110722925162773,0.916852560735328,0.9216527070445709,0.9254528930235842,0.9291560434281055,0.9321117037363202,0.9342414593925683,0.9355546669560663,0.9357113001621756,0.9350391694913295,0.9346839572039725,0.9336978263235736,0.9313950593530691,0.9282446665817395,0.9242473026693625,0.9202565953317919,0.9168834969813254,0.9145586670218673,0.9104022931826988,0.9052625941312559,0.9013156462797994,0.897245968457873,0.8922479471540047,0.8800274578284033,0.8607173421051479,0.6431708166931863,0.6570720479163565,0.6789009030607758,0.6929005017735783,0.7027088852922371,0.7103408798183845,0.7148953604018459,0.7230425826846044,0.7299693254387393,0.736038088818398,0.7382082885464807,0.7400936957914883,0.7425757539005755,0.7466933550591317,0.7510375786802158,0.756130985827616,0.7613896700561228,0.7669902608032249,0.7721882458795964,0.7770601509552258,0.7819665422721599,0.7875421350210309,0.7929467073514676,0.7990410772099958,0.8046888995082383,0.8110494540367477,0.8169660114117229,0.8214160148842612,0.8238319593059613,0.8242707925676315,0.8212029570967407,0.8156864908171684,0.8080443999306139,0.7993598246181789,0.7931435364398643,0.7886918476555058,0.7825136139635416,0.776150255642148,0.7737975638107261,0.7776682408016367,0.7731144239430976,0.764868131945364,0.7583094984714492,0.7500636377162112,0.7418559472184705,0.7352071979636828,0.7312737707354509,0.7249513125290667,0.7177481104953036,0.7115147961861465,0.7029303178041764,0.6938860917302123,0.6893327581789882
102,0.3304913026815978,-0.08324220205795736,-0.09727536768144847,-0.11365963623784021,-0.13086427951604906,-0.1461848329971731,-0.157386370063824,-0.16982949740296702,-0.18494527543393888,-0.20490136171800724,-0.22167520203118152,-0.22407570845244515,-0.19767573942444552,-0.1511272539445778,-0.11819710219975138,-0.1040439161413685,-0.10891687629594674,-0.14442880963800764,-0.1706544839136097,-0.13239908591673474,-0.02265126933786918,0.0831479708729758,0.09801034098329713,0.1203599877336415,0.14950210636604958,0.15904449161457837,0.19091713817341355,0.21946601926524098,0.2452563535697596,0.22650538792132183,0.238882226963732,0.27899105242753114,0.4248879556518397,0.6988721985938631,0.8896085806662729,0.9556674826139144,0.9655634709827983,0.9598477327428386,0.9548154819254278,0.9538675983646877,0.9540702850626991,0.9546081546644,0.9558449926971883,0.9570070605680018,0.9583172428748106,0.9600969748141985,0.9613683934382808,0.9621848824049779,0.9629364264509991,0.9637659434204957,0.9645478763960423,0.9653307462571684,0.966274212265662,0.9675643380604797,0.9691260312291189,0.970369728819901,0.9712332098681123,0.9743232022596438,0.976681968873989,0.9791705221427237,0.9816696116013438,0.9824252845524397,0.9830114418961696,0.982936674324149,0.9827045419283136,0.9822838003602045,0.9816553694734345,0.9810303290673323,0.9804449306734659,0.9800477462768254,0.9798759651177368,0.97993597817825,0.9803039163832152,0.9809904734347151,0.9820289599538098,0.9835476063333907,0.9858047425448382,0.9887953434180679,0.9912531615075375,0.994459527650655,0.9970863545329949,0.9978623992245655,0.9982211767638042,0.9985100368151546,0.9987389828673843,0.9988715957295261,0.9989513456638965,0.9989411569043767,0.9988534281496222,0.9987569756056577,0.9986895283318571,0.998571214057672,0.9988188545633745,0.9993025682169461,0.9992054328112216,0.9994211013116856,0.999639106118836,0.9998389646729847,1.0,0.9997085864214426,0.9986478174111849,0.9956703965986972,0.9901747718522435,0.94826509488668,0.7875255594668789,0.7927820112760778,0.7891835237954541,0.7888777694507659,0.796818449453043,0.7996296584641436,0.805166749838835,0.8202589053587327,0.8373153697065205,0.8512485566527922,0.8645390831144044,0.8763075973942983,0.8868863942863734,0.8960884982045584,0.9043447615701298,0.9113039800711387,0.916997173595656,0.9225995939493509,0.9272483566663525,0.9309274246769733,0.9345070182469173,0.9373625341248554,0.939417221785005,0.9406817466286249,0.9408274080510609,0.9401744689617557,0.9398262618196479,0.9388727536026875,0.9366488254814119,0.9336031303227859,0.9297365131767136,0.9258708034762403,0.9226066297585891,0.9203697124909418,0.9163523896716159,0.9113669453133149,0.9075315446434252,0.9035529593864398,0.8986402942276442,0.8864541186239668,0.8670631779726787,0.6532066590222826,0.6670885054170853,0.6888420069547025,0.70280078261543,0.7125434620981367,0.720103288253705,0.7245913155571683,0.7325313597123271,0.7394254774221548,0.7454038466860905,0.7474910392750367,0.7492923314026296,0.7516641056124638,0.7556792479338469,0.7599235991472904,0.764931015661611,0.7700962068723509,0.775618861320057,0.7807492937447963,0.7855606380686778,0.7904128866751307,0.7959199168222142,0.8012710823623584,0.8072862797289515,0.8128654178783219,0.819146773655995,0.8249823364132002,0.8293662252226927,0.8317510006067015,0.8321744194334019,0.8291366451172776,0.8236798886686288,0.8161160937524268,0.807537947867368,0.8014233709247035,0.7970610889689372,0.7909855203670129,0.7847165511622972,0.7823590943888654,0.7862521720368529,0.7817758207390288,0.7736572339868413,0.7671920987954144,0.7590236015877764,0.750935634701345,0.744371439287674,0.740511141393919,0.7342515201163538,0.7271191405639412,0.7209512037797166,0.7123968266463517,0.7033495296489625,0.6988277867378228
103,0.32346742496001885,-0.06869085740109611,-0.082185092834081,-0.09843753997880275,-0.11549782284181666,-0.13072853252680225,-0.14183680507326182,-0.15418538306131058,-0.16922809327838642,-0.18912320070483138,-0.20587376000116078,-0.20829335637306423,-0.18202655150137906,-0.1358069638666827,-0.1032013631008395,-0.08920562836055697,-0.09401961980803905,-0.1291642078366447,-0.15492368361472791,-0.11626565515382925,-0.006229390411576176,0.09962644603932626,0.11471287054503075,0.1372046571467007,0.16640984720541835,0.176116365936921,0.20803036137707323,0.23657600442313279,0.2623342793105384,0.24355876834014584,0.2559955862400861,0.2959365831325779,0.44061454521171134,0.7102009295256614,0.8949453280650631,0.9563410064610341,0.9631508861867255,0.9557383697500762,0.94989705941827,0.9487111414616051,0.9487967972729061,0.9492994462334546,0.9505543314650926,0.9517364142344488,0.9530764534726847,0.9549462814159227,0.9562391098001718,0.9570428264070612,0.9577834563702949,0.958621546003071,0.9594146250539911,0.9602106459348001,0.9611893639754338,0.9625601844362021,0.9642332348453558,0.9655634436193311,0.9664635549342047,0.9698910827857598,0.9724818517306352,0.9752202251704376,0.9779783020831923,0.978766417174919,0.9793783071435836,0.979236918269951,0.9789311006280644,0.9784153247359187,0.9776734872490696,0.976940215052808,0.9762558566849591,0.9757879389871011,0.9755731684527454,0.9756174275409798,0.9760063910282317,0.9767554588919718,0.9779009648511202,0.9795969422853924,0.9821638906185018,0.9856476412510361,0.9884634258367719,0.9923052553236146,0.9956938733659106,0.9967226523064658,0.997214126092438,0.9976601359732015,0.9980385881539349,0.9982537931020655,0.9983284813425792,0.9982063671989975,0.9979745788651709,0.9977792858842441,0.9976477057154526,0.9974663118256826,0.9979281416930875,0.9984481467338083,0.9983854001213474,0.9986044078843724,0.9988761876874586,0.9992658929072713,0.9997085864214426,1.0,0.9995261157391201,0.997437853023158,0.9928502896159609,0.9526394482414926,0.7987317823559322,0.8045638099272068,0.8012597558562247,0.8011907038427796,0.8092018580250676,0.8119737103343676,0.817342460329196,0.8320927452189136,0.8486723784552098,0.8621661378045697,0.8750026226182033,0.8863489829036949,0.8965239772714824,0.9053534547607784,0.9132521844698758,0.9198987997762005,0.9253386185882431,0.9306601590446494,0.935064597134986,0.9385674535225681,0.9419508804336831,0.9446367908551324,0.9465724203764183,0.947765522739517,0.9478924665205132,0.947267061849606,0.9469351153210793,0.9460341953263844,0.9439386594225466,0.9410621701248235,0.9374072417080972,0.933749287702815,0.9306674729811699,0.9285643410685823,0.9247543880718655,0.9200199247188487,0.9163759483932326,0.9125829150116622,0.9078540056766525,0.8959085733106041,0.8765792137891723,0.6678498017464043,0.6817234279718657,0.7033289120334185,0.7171594226752313,0.7267467011305242,0.734175994011458,0.738585026390989,0.7462533431077453,0.7530843158637681,0.7589130165572034,0.7608980701465068,0.7626124266506112,0.7648631398750443,0.7687398913805934,0.7728495161361918,0.7777138786511686,0.7827429275449761,0.7881369171760368,0.7931612038700173,0.7978716430123941,0.8026290830263744,0.8080190252038386,0.8132626596081259,0.8191511876630474,0.8246076077387852,0.8307526389023562,0.8364557745301546,0.8407172082265598,0.8430401375164158,0.8434317081177777,0.8404668184938554,0.8351243709814871,0.8277310792772525,0.8193282045325219,0.8133700511883877,0.8091258832595941,0.8032176950934541,0.7970869234536269,0.7947063391543369,0.7986325638778626,0.7942830864516277,0.7863559672982349,0.7800465887138721,0.7720415925529569,0.7641257816987691,0.7576836441170886,0.7539375466196366,0.7477955070526472,0.7407529935781918,0.7347116032345471,0.7262099931187581,0.7172739964049581,0.7128028565342452
104,0.31376167463942917,-0.04935327183951477,-0.06215705262314208,-0.07817439853534952,-0.0950324890436585,-0.11012767837410782,-0.12109585912899756,-0.13329899557654615,-0.14822641618520524,-0.1680288029159789,-0.18472509902447007,-0.1871532364321681,-0.16105421093539657,-0.11527809762156932,-0.08309833778397416,-0.06930279483957298,-0.07402985018904486,-0.10865839094306529,-0.13379087558905345,-0.0946407134456064,0.015678140171145508,0.12151884098991443,0.13688566541043426,0.15953888637288938,0.18880383061867836,0.19871518022073434,0.23064448422545264,0.2591590916661866,0.2848515769840146,0.2660681975225082,0.2785709024260634,0.31825504169401597,0.46121232300128556,0.7247935197447292,0.9014604221109461,0.956632696268182,0.9593661585994058,0.9497236134935346,0.9428271044970123,0.9413302863871466,0.9412655190201813,0.9417181826274845,0.9429946901742029,0.944202833275444,0.9455781194313412,0.9475668460669782,0.9488829004502994,0.9496677819575181,0.9503911759610697,0.9512381987253371,0.9520415308504164,0.9528527045902707,0.9538756580006948,0.9553522869788993,0.9571689141013573,0.9586079940962188,0.9595544216961268,0.9634217118322758,0.9663061675898165,0.969369729596118,0.9724642923369577,0.9732919998269569,0.9739366477587958,0.9737066816582033,0.9733020871802208,0.97266212706467,0.9717710868215605,0.9708946218237751,0.9700793687149603,0.9695178753562926,0.969246380737283,0.9692700015271621,0.9696850175333328,0.9705112351092995,0.9717970381837159,0.9737246178130615,0.9766946001578729,0.9808191808156336,0.9841031776589815,0.98877156670341,0.9931526299093459,0.994513641533913,0.99517624887407,0.995830823759049,0.9964028012473043,0.9967268229844886,0.9967921385568884,0.9965228217997583,0.9960994752833822,0.995770389647475,0.9955543374435686,0.9952835632103246,0.9960344308256259,0.9966098099376889,0.996596043407314,0.996810841646954,0.9971460837432397,0.9977741175183729,0.9986478174111849,0.9995261157391201,1.0,0.9990264363711238,0.9956654718506842,0.9577234695226889,0.8129260859784766,0.8195312222497108,0.8166185728067904,0.8168475137354421,0.8249301458132409,0.827649116370638,0.8327896305474349,0.8470717372410904,0.862991410452899,0.8758908106584123,0.888111227833259,0.8988921676132088,0.9085252189381814,0.9168547458035099,0.9242772207079064,0.9305050391198096,0.9356104752978941,0.9405537135512322,0.9446373447794387,0.9479038049161762,0.9510245589511993,0.9534843825938901,0.9552638830361021,0.956358652065602,0.9564630970433905,0.955880189796399,0.9555724377358015,0.9547446070569906,0.9528246799460129,0.9501781897663275,0.9468096287881468,0.9434326285918128,0.940593354539857,0.9386651219407874,0.9351293383206033,0.9307271381953025,0.9273444403254889,0.9237978529980739,0.9193296706403403,0.9077186784261327,0.8885007864698583,0.6866454183361439,0.7004924063733426,0.7218268067035323,0.7354915807338596,0.744877876347255,0.7521219134691604,0.7564360797074893,0.7637369551102816,0.7704860829562709,0.7761135131174612,0.7779656287070399,0.7795691616483029,0.7816653521944993,0.7853558188989548,0.7892844010631074,0.7939626927497924,0.7988096296923366,0.8040387805129512,0.8089168478222458,0.8134899286302927,0.8181137051430354,0.823352312885619,0.8284528171960249,0.8341585346131755,0.8394556541689934,0.8453990570869115,0.8509146855985282,0.8550125981986664,0.8572546842574214,0.8576087390190191,0.854749090848367,0.8495634632734268,0.842414334723674,0.834266560107292,0.8285066678294114,0.8244296885924823,0.8187458106657748,0.8128123101686733,0.8104121381554963,0.8143562004099745,0.8101754899536718,0.8025181171742926,0.7963958444702163,0.7886110277671303,0.7809222089879119,0.7746681053891139,0.7710647011389963,0.7650739449704208,0.7581857888712721,0.7522787652156568,0.7438717323137443,0.7350550645694031,0.7306971160679804
105,0.2996442127084804,-0.022277289956846077,-0.03414752975815728,-0.04986273477984113,-0.06642676548554112,-0.08132016611432283,-0.09208992282626177,-0.10411782036281003,-0.11886552091996236,-0.138505101833702,-0.15510257656089135,-0.15750448371724735,-0.13161480131543968,-0.08641401137521429,-0.05478604215827383,-0.041251079634749895,-0.045874731389873406,-0.07982357048726393,-0.10414484779658928,-0.06443622013390253,0.0460728552652562,0.15168518455290203,0.16737819735153583,0.19020997476116655,0.21947641014491062,0.2295989016867976,0.26149162131541004,0.28991968525092504,0.3154959776846302,0.29668596661090246,0.30923264306972864,0.3484897431445386,0.4888529413434216,0.7438179632346713,0.9092286341262067,0.9558929446838965,0.9531092559196296,0.940479708242495,0.9321768945393296,0.9302979409613369,0.9300039004717197,0.930361463699008,0.9316587292835056,0.932889478772714,0.9343127088477962,0.9364617557971804,0.937793885936784,0.9385132703351401,0.9392042010462032,0.9400515161926994,0.9408554507830763,0.9416761022370346,0.9427494424626973,0.9443628183697719,0.9463785019781509,0.9479617126508301,0.9489472352688761,0.9534596503340683,0.956746653354899,0.9602268317043248,0.9637286595764283,0.9645594477667981,0.9652323112011149,0.9648654551609849,0.9643240584073794,0.9635161264245521,0.9624220035934188,0.9613539764310994,0.9603610851046409,0.9596728303810264,0.9593274539664949,0.9593197388949961,0.9597647172765708,0.9606945980050889,0.9621613225345118,0.9644096339739447,0.9679673551453826,0.9730580083829152,0.9769207101796193,0.9826574899130498,0.9883398298669974,0.9900696847125181,0.9909423077246495,0.9918700212002312,0.9926980662360536,0.9931670796381085,0.9932193006358835,0.992747487067087,0.9920624522067408,0.9915610092996908,0.9912318038106819,0.9907429611286922,0.9920603820628066,0.9928167378320358,0.9929450162807651,0.9930535648488754,0.993341157413589,0.9942314589766001,0.9956703965986973,0.997437853023158,0.9990264363711239,1.0,0.9986082553504981,0.965675665235443,0.8335075345285778,0.8407390599592944,0.8381504216430435,0.8385024040212455,0.8460607849218057,0.848585019597662,0.8535501399653989,0.8668360357303978,0.8814237162915606,0.8933482351100349,0.9045654189444847,0.9145002679662174,0.923346443971588,0.9309486173475204,0.9376786899384499,0.943316237664572,0.9480086925239637,0.9523910271940674,0.9559885354505824,0.9589834483018007,0.9617167205480764,0.9638290851387181,0.9653938804664269,0.9663750334497728,0.9664345353125491,0.9658994062255987,0.9656415493221528,0.964927452587866,0.9632732671952494,0.960976044928688,0.9580467112071741,0.9551090660498309,0.9526725040701292,0.9510229002479893,0.9478902953430509,0.944017221572323,0.9410989589306831,0.9380955413255582,0.9342516109913268,0.9238159100901004,0.9054331354647395,0.7110108671367052,0.7246609147635064,0.7457134293531875,0.7589587392162194,0.7679370646639618,0.7748832023040129,0.7791568876428022,0.7859878437272428,0.7925973146508145,0.7978257286979232,0.7994767764609876,0.8010182685150343,0.8029456190968667,0.806375073731713,0.8100320448332763,0.8144422498276996,0.8190163123596856,0.8240043721139896,0.8286757097556445,0.8330349810174341,0.8374648371449467,0.8424868157726751,0.8473750655599253,0.8528181741093778,0.8578790842550637,0.8635122082925304,0.8687709332450951,0.8726043493417812,0.8747273256869542,0.8750292414379943,0.8723214789931772,0.8673934118308247,0.8606362119188934,0.852870214666918,0.8473895732724314,0.8435346563538062,0.8381681428352422,0.8325044890063595,0.8301118342948204,0.8340436335560422,0.8301023992572292,0.8228582577221117,0.8170043386008011,0.8096256337341234,0.8022191533220665,0.7962527846324363,0.7928367168093534,0.7871052776606424,0.7804597375160559,0.774771328654592,0.7665312404395029,0.7579368291443532,0.7537190711709016
106,0.28419642806360434,0.005389634935188444,-0.005624823788647389,-0.02097699472551965,-0.0372377658231099,-0.05193823255536749,-0.06249163887822615,-0.07434263761842126,-0.08889764779675206,-0.1083298520324526,-0.12480415224064269,-0.12717252003733137,-0.1015371421981405,-0.0570129802063082,-0.026001473213001197,-0.012755043942516853,-0.017292336799899336,-0.050514672358854824,-0.07397736345563795,-0.0337937629307079,0.07667516837155935,0.1818082791277629,0.19779775802944075,0.22076991298811202,0.24995321026080872,0.26024139577911753,0.29204675508445394,0.32035414811855684,0.3457939530473694,0.32686952169861944,0.33940832238670454,0.37812431117306294,0.5155427935529964,0.7612397923657548,0.9149780757217204,0.953069740833422,0.9447788898962687,0.9292039270396921,0.9195245893261198,0.9173116747466165,0.9167595436681781,0.9169970631044785,0.9183051835033443,0.9195513577771771,0.921020211298497,0.9233276816375783,0.9246583131450828,0.9252753399401573,0.9259154856744822,0.9267583537107117,0.9275474802018103,0.9283666315808826,0.9294777129296734,0.931225157423741,0.9334431491348352,0.9351622503540865,0.9361651949854739,0.9413780453152101,0.9450422858481548,0.9489026330375404,0.9527542794165181,0.9535503570772728,0.9542251821568344,0.9537013973220324,0.9530168725067162,0.9520403890458395,0.9507445642415282,0.9494896014456806,0.9483199792317404,0.9475088196393896,0.9470898112751568,0.9470492782569084,0.947519620023536,0.9485473860729317,0.9501903351369904,0.9527653309718108,0.9569646341269068,0.9630793067111894,0.9674632570578636,0.9742022066450383,0.9811243477295425,0.9831594692218488,0.984205771423221,0.9853999856801959,0.986472191808872,0.9870828687653646,0.9871141829096424,0.9864369732749282,0.9854932070749437,0.9848213588867941,0.9843843286512307,0.9835810554609754,0.9856301098162126,0.9867311808072629,0.9870803956071491,0.9869757381924452,0.9870922805392484,0.9881805539000469,0.9901747718522436,0.9928502896159609,0.9956654718506842,0.998608255350498,0.9999999999999998,0.9746217395810479,0.8555623203761548,0.8628357841863755,0.8602548891189227,0.860272040511624,0.8664526408715112,0.8686080526330296,0.8735718542879489,0.8853712775447695,0.8980459072459991,0.9087889258721517,0.9187891023410144,0.9277729196224321,0.9357663898254367,0.9425879232940486,0.9485680587896352,0.9535888562670094,0.9579158903160506,0.96168478649025,0.9647477874872821,0.9675193976287073,0.9698453279686892,0.9715658949917632,0.9729202030137164,0.9738050052991144,0.9738078409515196,0.9733176665523866,0.9731284141238552,0.9725492219622108,0.9712041617716318,0.9693044663606628,0.9668763749682081,0.9644413083532621,0.9624973091775114,0.9611850516853682,0.9584890542998202,0.9552440671162971,0.9529450065298296,0.9507408164727686,0.9479066976255908,0.9396887835106172,0.9232016783226157,0.7336600226121609,0.7470208281634467,0.7676358460022267,0.7802841318706595,0.788682424640114,0.7952629078776265,0.799656979292381,0.8061023665660871,0.8124866574502313,0.8171372115974134,0.8185648897133764,0.8201280231660895,0.8219325559080134,0.8250945640033553,0.828447192591129,0.8325526967971746,0.8368253959148283,0.8415599369007692,0.8460097222746993,0.8501264213213457,0.8543470285831957,0.859138098252617,0.8638200473798824,0.8689722134273721,0.8737921965418054,0.8790777314912577,0.8840929823231763,0.8876215646524077,0.8896063787691407,0.8898485553294614,0.8873377247545862,0.8826680208286374,0.8763740921377199,0.8690357377781762,0.8638338515894856,0.8601944305668817,0.8551873048786146,0.849784107575055,0.8474332515952533,0.8513419436964529,0.8476472121026676,0.8408888788944786,0.8353059377920334,0.8284380086087182,0.8213250447286079,0.8156630895676282,0.8124458348765964,0.8069805326377055,0.8007014737751953,0.7951819468601167,0.7871840206061667,0.7789029366128668,0.7748218895685535
107,0.250459224197519,0.06642275023361444,0.056957043478551614,0.04165772547918681,0.025683087057297313,0.010876242897309426,0.00043580107406465207,-0.011356702894175215,-0.025521778240505118,-0.04453166429360859,-0.06086750458808947,-0.0634385850571727,-0.039152873324754235,0.0026811776498881705,0.03127575998520986,0.042938366444468405,0.03777122104687815,0.005778232261821516,-0.016097961826969456,0.023864756168259015,0.13183258710719592,0.2335862836757814,0.24965989806088412,0.2723965602926173,0.30045188570920583,0.310498446221583,0.3415785457773068,0.3692521740222425,0.393936831220554,0.3744502626196515,0.3864878740004508,0.422917110373781,0.5510599812819065,0.7729568686165265,0.9016151860065834,0.9239064427453694,0.9063530313730059,0.8861103842581419,0.8742476471417004,0.8716986998312145,0.8703707887291456,0.8700630726223437,0.8711994271242407,0.8723003612487311,0.8737133901639421,0.8761810677470019,0.8772533492732846,0.8772812911100188,0.8776451908539867,0.8782921949873999,0.8788618559893276,0.8794948275951964,0.8805063674780422,0.8823375312206609,0.8848011485159265,0.8866360950270562,0.8873960264709055,0.8939820238440506,0.8981991384746376,0.9024092184189476,0.906358538051113,0.9066228933744289,0.9070733566608185,0.9061069558944427,0.9050756355909314,0.9037460768457313,0.9020477874704388,0.9004294745182186,0.89888613757438,0.897811961946682,0.8972074328854828,0.8970200271860312,0.897376782923075,0.8984353229864758,0.9002047001286136,0.9032368135434728,0.9086256359943934,0.917014947600881,0.9216579227000413,0.9295719656436167,0.9381476787430709,0.9400478080691126,0.9411010384723206,0.942565095698108,0.9439113680872746,0.9446795668644852,0.9445880117847992,0.9435140827364873,0.9420620682977209,0.9410905963168057,0.9404404148134354,0.9384625848444454,0.9429380033761734,0.9454913868630301,0.9467656640524449,0.9456068344138078,0.9445589621563594,0.9455039116015239,0.9482650948866801,0.9526394482414926,0.9577234695226889,0.965675665235443,0.9746217395810481,1.0,0.9113220147801158,0.9065546689155664,0.8991994685116814,0.8929454082183762,0.8867018804479062,0.8863581423005329,0.8930948342916357,0.8973558851723952,0.9016768284531439,0.9084808984305788,0.9146367560418933,0.9210232330308314,0.9269180516851524,0.9318059040084323,0.9359719223900381,0.9395994597124765,0.9434888530455527,0.9456952596026019,0.9474181367312527,0.9500084175640917,0.9513394302482191,0.9520213073538741,0.9529207213917117,0.9537087362745601,0.953503950065316,0.9530141464692616,0.9530001304214692,0.9527534420202601,0.9521482436987724,0.9512508574939516,0.9501287536990245,0.9491234833249814,0.9487304305976879,0.9484712877626368,0.9468699048821999,0.9454918075524763,0.9455087930835296,0.9468505071092126,0.9490405138418703,0.9555286410075944,0.9572615390264223,0.75220161049618,0.7642151407331891,0.782926179609269,0.7920682824753635,0.7978512274375013,0.8030190948506657,0.8085162677414173,0.8152180623071725,0.8200385059738687,0.8222424055002931,0.8232142690339254,0.8256016129638223,0.8276997604466545,0.8302349222552046,0.8326245534129509,0.836006119620136,0.8394116575531962,0.8434723222666418,0.8473428701896465,0.8507017704413212,0.8543627753336581,0.8585862208170327,0.8627937806934316,0.8672266983777875,0.8714286645553905,0.875601813271558,0.8801366580066797,0.882748720540814,0.8841765341319505,0.8841170865107963,0.8820097367533842,0.8778770466355291,0.872906412270578,0.8667460790904337,0.8622367793422838,0.858728139708502,0.8543316164774954,0.8494085503315932,0.8477222599559435,0.850953859521075,0.847738445261726,0.8424656724184166,0.8377204852230932,0.8330752018539876,0.826839601605006,0.8222353450191371,0.8194899948346804,0.8150559640008248,0.8101692443441973,0.804923111847359,0.7981567586280237,0.7919867458203704,0.7876937823391527
113,0.11786760328825378,0.37956806087454203,0.36971824838495077,0.3572400686745683,0.34096241025500823,0.32572042269752133,0.31624737299105565,0.30642967239295865,0.2945559315608859,0.27857627159347115,0.26389984049935095,0.26036206497744985,0.27841521979000516,0.3074394551624922,0.32627748621777647,0.3330107315719803,0.3282351905672161,0.3055560582320044,0.29392607853283653,0.33471307286344887,0.4310667994859488,0.5174305053893007,0.534509802785464,0.5561265147371083,0.5801633648621923,0.5906105847275257,0.6175219360536222,0.6411311565129593,0.6615375353915459,0.6404063574623757,0.6506253098666073,0.6774457571219256,0.7640797438206519,0.8752818005759597,0.8783976035415765,0.8147764490682717,0.7461252874666651,0.7003725734619188,0.6770541835312266,0.6706078924150789,0.6674813820346133,0.6664293317863818,0.6673695485865684,0.6682227215267947,0.669434739912917,0.67265558920712,0.6732365264338112,0.6725894181494011,0.6721852561355413,0.6723767246721369,0.6725910542385162,0.672885533323425,0.6738451171368904,0.6763417376084792,0.6797154710763723,0.6822198017676642,0.6829446581108668,0.693578199180014,0.7001970752171458,0.7070145160413092,0.7137034750897455,0.7137677268657462,0.714043522048153,0.7116868493309304,0.7092812110648494,0.7063622945317647,0.7028456409607312,0.6994570447665196,0.696326628099637,0.6939953939256709,0.6924590242839403,0.6917231446292542,0.6919352450887241,0.6934021219236859,0.6962217840987579,0.70121949856341,0.7102194123935599,0.7246756802209333,0.7334558275422833,0.7493475577167868,0.7676668447928894,0.7725003209484644,0.7748511405481162,0.7781427248101089,0.7811202547473969,0.7826260437124696,0.7819862473368286,0.7788720797278401,0.7749600071750613,0.7721540721439404,0.7702031065171965,0.7675102919596044,0.7742209242144189,0.7758725736957298,0.7770252800447235,0.7763317968831062,0.776413281494295,0.7801636053258718,0.7875255594668787,0.7987317823559323,0.8129260859784766,0.8335075345285778,0.8555623203761548,0.9113220147801158,0.9999999999999999,0.9911145518103072,0.9865688887074597,0.980036779649901,0.9663023479650789,0.9633610478990136,0.9670626215606715,0.9595345518550685,0.9499661239454714,0.9458204168230665,0.9413267839393172,0.9381571161293795,0.9352397616743634,0.9321648244637558,0.9289084203784338,0.9260661086293822,0.9246357140279721,0.9211403396139871,0.917960640231115,0.9166713947851521,0.9139546363954772,0.9112013133220406,0.9096384740818638,0.9088026053358018,0.9082186862856753,0.9083342131446693,0.908786634384328,0.9097106718442057,0.9116298489803173,0.9141549693163347,0.917169564580508,0.9202867380682785,0.9234195004817155,0.9256179034054773,0.9281156820862422,0.9318319895204348,0.9358839283505372,0.9414095883404814,0.9485030713529089,0.9654163858968235,0.980283670632941,0.8988067004165586,0.9045756876950113,0.9159747740565293,0.9176906376935531,0.9171246117949262,0.9178711445785444,0.9222206405064639,0.9229945247358241,0.9251460674715216,0.9227047684158804,0.9218711483083658,0.9235571885215712,0.9241917990977576,0.9239482756710915,0.9231985575326572,0.9234207403325201,0.9235676486637708,0.9243977626355825,0.925305166124411,0.9258664373076431,0.926731111005572,0.9279141203970275,0.9292206800936793,0.9301650119362482,0.9310575281877201,0.9314326499395119,0.9324488322042466,0.9319471291803915,0.931560393800045,0.9309874736257339,0.9308425197240134,0.9300281796911332,0.929811246580577,0.9287029461744238,0.9279700253931108,0.926817495672511,0.9260173315993034,0.924469024820056,0.923326446186161,0.9256337922644985,0.9252297213245223,0.925311012155499,0.9246368195070289,0.9252803275110845,0.9241113665080484,0.9235957542356434,0.9232224039930941,0.9224527087663865,0.9214977197395882,0.9190499504635056,0.9156392226063413,0.9142038553707148,0.911814447897535
114,0.11216808195715057,0.40096857317903667,0.39309281575022337,0.3815860222464136,0.3667021214016482,0.3525353236954511,0.3436062561326637,0.3339982321255162,0.32226041118648985,0.3063885616210141,0.2920310649028783,0.28890176585528404,0.30741655252439715,0.33699071263993174,0.3563299993294526,0.3636684672298661,0.3596448562510207,0.33766204242776415,0.32656174145197037,0.3680216179618675,0.4651686772147405,0.5519709822165133,0.5691480328227294,0.5907716455275034,0.6149159442544267,0.6255764720815254,0.6523845177937311,0.6757899116464585,0.6960442396281445,0.6756586482512845,0.6859701950426487,0.7126663725812962,0.7976635383585603,0.9023648258654585,0.8953345515189831,0.8230012900977932,0.7486379803457948,0.6999167217487202,0.6752415738628191,0.6683211305403989,0.6651127162632582,0.6640693630995101,0.6649968503146796,0.6658953357395652,0.667118504323539,0.6703567527270048,0.6709843546555222,0.6703623745908134,0.6699442934826578,0.670131647930023,0.6703309181494065,0.6706231740991547,0.6716013959062586,0.6741371582732621,0.677596577323299,0.680172337291859,0.6809829407201525,0.6917844990601189,0.6986843711346137,0.7059376679776969,0.7131492554137671,0.7134612353099872,0.7138321320835463,0.7114436285559923,0.7089475344781258,0.7058933410367824,0.7022176303001648,0.6986811812759343,0.695426080837893,0.693005339634426,0.6914229696143921,0.6906826047914781,0.690966903108495,0.6925230576636217,0.6955004280569238,0.7006898705748335,0.7099292172972237,0.7247166794700004,0.7342276143020267,0.7512027119888899,0.7707835721537718,0.7762563751680363,0.7788863542455267,0.7824500112344999,0.7856884805908307,0.7873370857852672,0.7866917413306326,0.7834254950976709,0.7793359725431416,0.7763695882213711,0.7743062123711404,0.7716949586935972,0.7784166271288527,0.7799524848341788,0.7808975423041742,0.7804112915940706,0.7808429200453981,0.784980887149095,0.7927820112760778,0.8045638099272069,0.8195312222497108,0.8407390599592945,0.8628357841863756,0.9065546689155664,0.9911145518103073,1.0,0.9976895109587989,0.995035175721238,0.9865701023702808,0.9844364570292325,0.9869051637059456,0.9808849769687451,0.972426992398281,0.9681591782017032,0.9633959046198488,0.9596909701738855,0.9561580185035876,0.9525407760244918,0.9487485750315459,0.9453739252778712,0.9433309856722187,0.939465672475476,0.935894690407387,0.9340921037842108,0.9310207383941744,0.9280204551772828,0.9261850416460135,0.9251255699113026,0.9245103400345267,0.92469915967455,0.9251898158835548,0.9261899115159231,0.9283189335658422,0.9310203540672932,0.9343043549902131,0.9376240017780004,0.9408110284048153,0.9429955261330681,0.9457218493784773,0.9495937028374838,0.9534552871158539,0.9583844258129626,0.9643434936111291,0.976715065507742,0.9835531253002276,0.9256527088418959,0.9319869280625535,0.9434153219557957,0.9462280816393978,0.9459523695060664,0.9466382440003029,0.9503365327328682,0.9499967017217659,0.9530311185046213,0.9510984268350678,0.9503670178998941,0.9519020902594076,0.9523564090066086,0.9520825179292508,0.9513713370248912,0.9513992767355437,0.9513981217254057,0.952001632153953,0.9526579187207589,0.9530180520264626,0.9536042355317138,0.9544009987123754,0.9553337200219977,0.9558328335027946,0.9563775383083091,0.9563178753577525,0.9568814777344408,0.9560140988902703,0.9557340955332668,0.9552252682083122,0.9554498726709499,0.9552830860507504,0.9556642386517593,0.955074058755693,0.9546429022892166,0.9538236359241488,0.9534292840935319,0.952271421682808,0.9509838273709067,0.9533012505808757,0.9530394355090032,0.9532631535443324,0.9527723502456309,0.9531909157778066,0.9520722099051184,0.9515137151923736,0.951277173934649,0.9505802271494573,0.9494750981906834,0.9475418778884321,0.9439843147127879,0.9422861493474279,0.9407734840209413
115,0.10717910805972736,0.41330203429227924,0.4066018912631677,0.3956387519653506,0.38163404287549235,0.3681404223636487,0.3594474730749993,0.3500541083160047,0.3384428558171213,0.3227742034430158,0.30869067692603247,0.30580073107607714,0.32448026177731604,0.3541342014677306,0.373595028439236,0.3812068808135038,0.37761041474190693,0.3561091194912073,0.3453700328922531,0.38687895865451044,0.4837534732351677,0.5700861963499035,0.5871888593239016,0.6086150695222862,0.6326040703374264,0.6432923891420114,0.6697865978922346,0.6928923740783303,0.7128679142269475,0.6930398912517419,0.703331525286025,0.7296946588440264,0.8129472682539798,0.9125969903720658,0.8991571927899569,0.8219131499701823,0.7445477409824076,0.6943267142449341,0.6689645518221942,0.6617845043789109,0.6585074697730614,0.6574548655824389,0.6583711091728999,0.6592631097220264,0.6604686498442911,0.6636778944211615,0.6643035040119519,0.6636681086624163,0.6632145333140548,0.6633698002791926,0.6635517264869012,0.6638245998739644,0.6647885136978476,0.6673299657017383,0.6707995912369294,0.6734025798507196,0.6742315054038028,0.685093452577838,0.6921096855485758,0.6995586984950989,0.707018030892456,0.7074387976215264,0.7078479145787433,0.7054360669378854,0.7028874898332956,0.6997582462677173,0.6960000108264827,0.6923821250065267,0.6890600308040475,0.686584267613856,0.6849725682385597,0.6842213508066524,0.6845286248661274,0.6861282098325834,0.6891657039497233,0.6944384288362382,0.7037727624230861,0.7187132518571526,0.7285696813834623,0.7460744689388475,0.766273248499194,0.7720601611671374,0.7748374297082031,0.7785396429275785,0.7818987562225748,0.7836094506426677,0.7829736401499187,0.7796297075482255,0.7754301324686959,0.7723825420340112,0.7702626680977248,0.7676960761822234,0.7744092853464208,0.7757801239818934,0.7766107656020956,0.7762363988030926,0.7768366873844899,0.7811678669044934,0.789183523795454,0.8012597558562247,0.8166185728067905,0.8381504216430434,0.8602548891189228,0.8991994685116813,0.9865688887074598,0.9976895109587988,1.0,0.9980389474858622,0.9920250236858643,0.9902519030729113,0.992089856712563,0.9867101158912763,0.9787459687635852,0.9743207511560016,0.9693151629908575,0.9652568725445957,0.9613367007999958,0.9573688618285605,0.9532449194922533,0.9495498705039523,0.947144102774743,0.943032320229116,0.939234071660216,0.9371213157965149,0.9338198990241992,0.9306657748138152,0.928664370011889,0.9274745855202653,0.9268272846819242,0.9270635440002497,0.927564651398209,0.9286305293901308,0.9308724688339017,0.9337100341941633,0.9371441828946556,0.9406122879418652,0.9438467094401739,0.946015548466542,0.948878838147128,0.9528443329693026,0.9566342472484619,0.961254094790363,0.9666615348287293,0.9769075201759528,0.9803554298211813,0.9356645684199173,0.9421253955493794,0.9536028561022217,0.9566678169792576,0.9563954186519431,0.9569626698428453,0.960312338409343,0.9595438782366614,0.9628040641530824,0.9610940660285147,0.960481475599259,0.961921103459837,0.9623948051642243,0.9620957068800919,0.9613716844083939,0.9612875023400189,0.9611857928685776,0.9616405552541266,0.9621189141075581,0.9623165101413101,0.9626807244455317,0.9632461320143874,0.9638935105109239,0.9641522781293738,0.9644143146682539,0.9640543494821753,0.9642643309781092,0.9631843835846174,0.9628818303850595,0.9623951866863879,0.962853897189112,0.9631002929781334,0.963835587462894,0.9636531302372631,0.9634780343526179,0.9628396279408764,0.9626517250067355,0.9617217442476174,0.9602908133031024,0.962606425329926,0.962397336051934,0.9627780537778006,0.9623424904396641,0.962738937579646,0.9617971736048634,0.961332274842531,0.961132142921294,0.9605150436291193,0.9594629912867839,0.9577220722440926,0.9542930049749598,0.9525201362158694,0.9515200126519985
116,0.10533791021296297,0.41894596307930143,0.4138756042818484,0.40362143687816715,0.39056282937278103,0.3779404468254684,0.3696352080925404,0.3605250052377301,0.3491047195638472,0.33355493021037924,0.3197240145264778,0.31709389439222335,0.3359482179830823,0.3658998492020049,0.3855056294538194,0.39340222854543044,0.3901882511381529,0.3690914092173672,0.35853302895324257,0.4001226910071544,0.49696223435984155,0.5831847819142459,0.6002428218845205,0.6215242630425261,0.6454936523938736,0.6562496933724998,0.6825251277044067,0.7054021079245719,0.7251477862761528,0.7062083941074078,0.7165141507122524,0.7427669989433012,0.8249350583301845,0.9212519236498752,0.9032073516506967,0.8222288133522688,0.7425319420842383,0.691072082169032,0.6651432707569341,0.657723302318181,0.654417694026168,0.6533833219048841,0.6543030523581642,0.6552014800692867,0.6564003019423374,0.6596103357667663,0.6602739563099799,0.6596827015624404,0.6592348507785615,0.6593876435613935,0.6595707267995994,0.6598536945277107,0.6608403260780458,0.663389564674069,0.6668979505574971,0.6695201795795346,0.6704152032559993,0.6812921807622584,0.6884551654177888,0.6961067352795843,0.7038328171024539,0.7043970344445828,0.7048726560175916,0.7024751853331124,0.6998946333051396,0.6967134302258489,0.6929001327849605,0.6892177760918445,0.6858518285684885,0.6833356369922697,0.6817081102203658,0.680963780147056,0.6813007440610288,0.6829573347842405,0.6860618959335388,0.6914111098770068,0.7008038513847633,0.7158559714233952,0.7260627985215771,0.7440721165277652,0.7648487687097423,0.7709755347219754,0.7739220282559167,0.7777522111609257,0.781245555894531,0.7830263950875644,0.7824104021123087,0.7790121985161063,0.7747528419289902,0.7716435166416721,0.7694901192544461,0.7670565262929282,0.773632550071936,0.7748374175316435,0.7755513997830044,0.7753129292228648,0.7761448519167795,0.7806622851043058,0.7888777694507658,0.8011907038427797,0.8168475137354421,0.8385024040212455,0.8602720405116241,0.8929454082183762,0.9800367796499009,0.9950351757212379,0.9980389474858621,0.9999999999999998,0.9965935502128238,0.9953759194529204,0.9964896793717842,0.99234736714274,0.9854780988985691,0.981200371464483,0.976259858902706,0.9720517497740645,0.967906901499488,0.9637374151745219,0.9594218657915319,0.9555127809963408,0.952789902652214,0.948542779604632,0.9446202178938181,0.9422444686120197,0.9388083361372019,0.935578718000473,0.9334660069351057,0.9321550091321988,0.9315088208883171,0.9317748310795765,0.9322783733579487,0.9333514516411809,0.9356393713502206,0.9385198239125477,0.9420150805727722,0.9455168010483447,0.9487057154440255,0.950834974943031,0.9537689783893454,0.9576960612261172,0.9612828611786569,0.9654153545420117,0.9699652020099443,0.9772709969940684,0.9766006105489679,0.944649032031859,0.9515588383582393,0.9629221928670716,0.9666486304395387,0.9667218404299137,0.9673017562505698,0.9701346146766558,0.9688778576162106,0.9724864835507724,0.9712729786964515,0.9707379641431145,0.9719891555939185,0.9723199969658806,0.9720522633188033,0.9713818798273031,0.9712420665343992,0.9711071399808021,0.9714480255627495,0.971809667526073,0.9719452349506488,0.9721914252278432,0.9725859728075316,0.9730310926169743,0.9731118337910868,0.9731917146094495,0.972648151379426,0.9725807022212394,0.9713892337674286,0.9710762874667987,0.9705996924040988,0.9711915207843046,0.9717026641441813,0.9726043569949849,0.9726611354982293,0.9726301354214569,0.9721748547371551,0.9720655814774843,0.9713279616668744,0.9696574312261383,0.9720260864665933,0.9718826373422154,0.9722432269182555,0.9718813432159638,0.9721790200347206,0.9713038482230425,0.9708134810535897,0.9707119594334283,0.9700413602426079,0.9689100540070931,0.9674127176134714,0.9639419302936123,0.9619178143849616,0.9612635523729155
117,0.10789151932139948,0.41277230707896334,0.41032261859023406,0.400708102576295,0.3890436682537567,0.37772486299004737,0.3699072779475872,0.3611837846636199,0.34994068251716753,0.3344231032336608,0.3208018671719888,0.3183964872810788,0.3375578797097617,0.3682131434808708,0.38816708623782403,0.3964200943886669,0.3936392107343481,0.37272593213412464,0.36205735437098346,0.4038633131430991,0.5013676318441446,0.5883754040255638,0.6053899588392291,0.6265415662497941,0.6507798624396057,0.6617899668879218,0.6880463763321967,0.7108217810111154,0.7304232466454317,0.7129722231902939,0.7235471562099125,0.7502019447832314,0.8327469656744002,0.9290596548964192,0.9097267906668277,0.8269520862662715,0.7459851098251509,0.6937776757261174,0.6674736718556318,0.6598479226601469,0.6566381983065456,0.655721523743998,0.6567083458734182,0.6576684273103416,0.6589107515194981,0.6621433639730533,0.6629291094076392,0.6625233918338904,0.6621590391894178,0.6623762854809488,0.6626317181648532,0.6629899476721797,0.6640484256571942,0.6666471170309423,0.6702036624371855,0.6728981525519889,0.6739266680116867,0.6847101708454613,0.6919901085378986,0.6998798273123481,0.7079654035325608,0.7088074453848717,0.7094181837141832,0.7071203790609046,0.7045683934621317,0.7013890039871569,0.6975704696179013,0.6938819280005669,0.6905179779156737,0.6880082750735194,0.6864049624070094,0.6857052730038673,0.6861216176643069,0.6878590968711009,0.6910620431389978,0.6964765014261047,0.7058416349046623,0.7207422924691801,0.7313743560082698,0.7498801295891907,0.771185515983606,0.7777930029967363,0.7809737806371055,0.7849591045638749,0.7885922291369077,0.7904564351867783,0.7899100331248903,0.7865195858818751,0.7822602940601101,0.779137038189026,0.7769902376237325,0.7748886379176553,0.7809880067189651,0.78186603039722,0.7823382402229581,0.782403124250151,0.7836690022848602,0.7884484872489801,0.796818449453043,0.8092018580250675,0.8249301458132409,0.8460607849218057,0.8664526408715111,0.8867018804479063,0.9663023479650789,0.9865701023702809,0.9920250236858643,0.9965935502128239,1.0,0.9996515272552116,0.9996164554945691,0.9983420612127284,0.9944219932048648,0.9910772026483633,0.9869464080469711,0.9830398655924115,0.9790352185741207,0.9749627485090414,0.9707312507680352,0.9668227565906503,0.9637978869613791,0.9596725184814542,0.9558476977966025,0.9531995575790224,0.9497860021143534,0.9466626842602128,0.9444991182750048,0.9430725801657475,0.9424640284881625,0.942765951998989,0.943218309660967,0.9442745658999723,0.9464922276869118,0.94926241737154,0.9525937414304588,0.9558999630529101,0.9587589503340942,0.9606697855482327,0.9634975557760391,0.9670693305214246,0.9700136088846153,0.9729588482957996,0.975702334913858,0.9773233320406706,0.9696701474008196,0.953135457932823,0.9610120621449557,0.9725635686412233,0.9778419669690104,0.978925143944678,0.9798744114263392,0.9817282830099149,0.9797931988720113,0.9841574759487919,0.9840959815444928,0.9837908517248664,0.9845743085589818,0.984642281733626,0.9844933588877476,0.9841103349761764,0.9840758953162341,0.984055168575286,0.9844175317413224,0.9847746020585495,0.9849551957381597,0.9851994333435572,0.9855255820839762,0.9858489050190052,0.9858873403389645,0.9858894995102013,0.9853873285124208,0.9851248410386758,0.9840361349587351,0.9838299991494479,0.9834203351471659,0.9839975630666312,0.9846216817545708,0.9853587737828992,0.9854252911890583,0.9854075993944444,0.9850857429065351,0.9849512039564611,0.9843196553244506,0.9822922819589581,0.984923845078082,0.9847260065952975,0.9847286569098861,0.9843524078134153,0.9840027243436708,0.983144926761542,0.9823933032528742,0.9823476043560864,0.9814022567504921,0.9798110205610016,0.9786204895963243,0.9748479949316028,0.9720673984199318,0.9718496757757293
118,0.1088464464652405,0.40889262463295306,0.406810740356854,0.3973030348768348,0.38584775138538746,0.37476935518304477,0.36702578823225973,0.3583464260354465,0.3471371844961875,0.3315956977328537,0.31800852506060584,0.315641083000461,0.3348960862387877,0.3657605429779839,0.3858441521133873,0.3941953719154854,0.3914875613900691,0.37055441782066617,0.3597939435287141,0.401638769727963,0.49935673342458486,0.5866435820706916,0.6036622756215663,0.6248031091018771,0.6491360674279951,0.6601875310319051,0.6864903290107107,0.7092793660616882,0.7288961627485225,0.7117387811405402,0.7223757748903596,0.7491922992515003,0.8321662405405632,0.9294164972029417,0.9108967991318596,0.8285314412333895,0.7477597105626821,0.6956153260416792,0.669328592843353,0.6616942433625955,0.6585156698309563,0.6576354003083799,0.6586352158524551,0.6596129819518937,0.6608698624762918,0.6641061061697999,0.6649203800829526,0.6645632286478373,0.66421562199355,0.6644561469244397,0.6647334165593635,0.6651103056379989,0.666186595574096,0.6687930599258871,0.6723576415614853,0.6750632551475779,0.6761216922500697,0.6868619893285534,0.6941508885987158,0.7020718446706674,0.7102046115844801,0.7111065406562267,0.7117481977577618,0.7094769963669281,0.706945557226365,0.7037781925042585,0.6999761616233712,0.6962969623792844,0.6929481051980624,0.6904504944601235,0.6888590650570181,0.688172839543081,0.6886090479580681,0.6903602697553053,0.6935783766352086,0.6989916171564818,0.7083277501663046,0.7231603781938462,0.7338507623109369,0.752391573130843,0.773728720334872,0.7804152437980431,0.7836330504402946,0.7876348870597926,0.791287658986503,0.7931652024247471,0.7926376514759164,0.7892638465641328,0.7850277016345787,0.78191389546929,0.7797788558987367,0.7777475794659059,0.7837381205725582,0.7845551042409976,0.7849821800495534,0.785106921813212,0.7864464880375318,0.7912582242640227,0.7996296584641436,0.8119737103343676,0.8276491163706379,0.848585019597662,0.8686080526330296,0.886358142300533,0.9633610478990134,0.9844364570292324,0.9902519030729112,0.9953759194529205,0.9996515272552117,1.0,0.9995679064108344,0.9989410978099798,0.9957115027989395,0.9926487727590565,0.9887702130723034,0.9850096626352188,0.9811082111387117,0.9771306881637278,0.9729827327175218,0.9691304696206015,0.9661023588098429,0.9620490765171116,0.958293081461563,0.9556216163778021,0.9522514440738992,0.9491849652523647,0.9470325520021973,0.9456013304003009,0.9450010903876483,0.9453122813551945,0.9457529233063946,0.946788371655386,0.9489729454097249,0.9516950212334433,0.9549566851148114,0.9581926424048192,0.9609572427283898,0.9628037177392703,0.9655752815191445,0.9690339302690941,0.971822876924294,0.9745008406115498,0.9768605197439849,0.9773611210021479,0.968391925005362,0.9535654000076411,0.9616346889780465,0.9732932725846127,0.9789197366814756,0.9802439303761649,0.9813082505174381,0.9830091955604886,0.9810033971382306,0.9854990254966306,0.9856995901735891,0.9854471526161217,0.9861431787461198,0.9861622779585486,0.9860526114745018,0.9857595275602485,0.9857581280834763,0.9857891323064808,0.9861997160583309,0.9865773648504896,0.9868029226692371,0.9870695151026853,0.987405276777223,0.9877471559654247,0.9878185516785674,0.9878474640066579,0.9873883436556022,0.9871256935335924,0.9860945910649361,0.9859097058056091,0.9855219718872117,0.9860814108190212,0.9866735730639695,0.9873313149436156,0.9873346250161994,0.9872919681833249,0.9869865039494016,0.9867991264404345,0.986164961097798,0.984059977287266,0.9867299078535775,0.9865206663103785,0.9864080653098781,0.9859861124530414,0.9854680043061941,0.9845736173553362,0.983728375140511,0.9836987638496816,0.9826727598365393,0.9809580158123745,0.9797781870227579,0.9758808998543991,0.9729509312981947,0.9727430870604621
119,0.11159440714538371,0.4007100110658471,0.39798340508332486,0.3882027617493072,0.3763607136194635,0.3649088440612608,0.35698449629109175,0.3481608789335118,0.33682125223338255,0.32116159111646514,0.3074400474523756,0.3050489333174093,0.3244452780831623,0.3555621306128665,0.3758744991904881,0.3843040843452506,0.38149381274596805,0.36024121552135935,0.3492650638189351,0.39118962085415526,0.4893953093545507,0.5772252914639108,0.5943244288015167,0.6156328443701943,0.6401279321489042,0.6511871306886147,0.6777265725314625,0.7007586337938645,0.7206350915256987,0.7030305420922002,0.7137191266015777,0.7408312538739935,0.8252782223445507,0.9262812506260637,0.9120330927978604,0.8326462369983385,0.753594503144234,0.7022926584487479,0.6763849685899888,0.66889978610108,0.6657536164597042,0.6648705322662509,0.6658760146245911,0.6668576499006924,0.6681249644239721,0.6713517271188015,0.67216459483889,0.6717920588403897,0.671459515304004,0.67170762248016,0.6719900589402766,0.6723716825310867,0.6734434770931452,0.676037746471747,0.6795817739548461,0.6822681484653089,0.6833073190853303,0.693991034027703,0.7012129260980414,0.7090308305272798,0.717034184110672,0.7178896445986315,0.7185146988820548,0.7162659026516635,0.7137697305747827,0.710642481616536,0.70689118568806,0.703262263535996,0.6999547813772232,0.6974894275813552,0.695922124895686,0.6952455277900255,0.6956755826857716,0.6974073495266575,0.7005874075718084,0.7059536077549521,0.7152214603907213,0.7299691549217405,0.7404795354716099,0.7587410584445528,0.7797432637195286,0.7862576739746717,0.7894039024267934,0.7933363797629088,0.7969240191653646,0.7987738527483235,0.7982555494130756,0.7949405282200898,0.7907661133359856,0.7877089103549756,0.7856109102571709,0.7835200260087054,0.7895661929402814,0.7904801899733674,0.7909769412445816,0.7910230796378286,0.7922431545157915,0.7969335672898811,0.805166749838835,0.8173424603291958,0.8327896305474348,0.8535501399653987,0.8735718542879489,0.8930948342916358,0.9670626215606714,0.9869051637059456,0.9920898567125631,0.9964896793717842,0.999616455494569,0.9995679064108344,0.9999999999999998,0.9987754914777528,0.9952517134888139,0.9923030683518452,0.9885570191069191,0.9850234241219357,0.9813677777886468,0.9776094028833311,0.9736690568974589,0.9700162664087636,0.967223667445547,0.9633188178680714,0.9596851853622059,0.9572110839929224,0.953960656695399,0.9509736713016739,0.9489148857515615,0.9475657489415151,0.9469736335125448,0.9472526317580678,0.9476911335351824,0.9486948352491564,0.9508155823785368,0.953463354154013,0.9566463702213979,0.9598042309399625,0.9625534239873914,0.9643894859435784,0.9670702178268082,0.9704681405189666,0.9732934366424532,0.97614837336103,0.9787998173893713,0.980312980380108,0.9724854465428483,0.9498071406433702,0.9578982768130089,0.969785383889028,0.9753024279037676,0.9766094293065112,0.9777458841292671,0.9797354976460446,0.9781181329274158,0.98247898461308,0.9825204259382084,0.9822303845052598,0.9830500064045531,0.983144158886027,0.9830744601765171,0.9827870449066584,0.9828680662227754,0.9829753112410149,0.9834731362940716,0.9839682672603915,0.9842724474142807,0.9846501093246122,0.9851241879156263,0.9855901753613465,0.9858023177147152,0.9859598903064974,0.9856479406236339,0.9855500852294236,0.9846182360894149,0.9844637295915925,0.9840774156257533,0.9845546416937969,0.9849999073856699,0.9855257974029041,0.9853434709320668,0.9851867328634296,0.9847661730306975,0.9844862830439302,0.9837321127769508,0.9816809120729649,0.9843604430449435,0.9840605482418815,0.9838553638630524,0.9832934417765377,0.9827380352252201,0.981655555909713,0.9807426569481988,0.9806106131266052,0.9795303068677483,0.9777853176993069,0.9764128594911412,0.9725023156989812,0.9695123644296887,0.9691370792574424
120,0.12064792236433514,0.38078040552038983,0.37892381950629483,0.3691384781554916,0.3576754140525741,0.3466360313303587,0.3387985364847437,0.3299934482722827,0.31854423670527904,0.3026679351460596,0.2888659305204655,0.2865469904422424,0.3064120434957561,0.3385272080980991,0.35949005629068226,0.3682760392282251,0.3655433279744167,0.34377201482713604,0.3321419732024642,0.37424996317460785,0.4736871264392174,0.5630046399522384,0.5801166423532055,0.6015271478533594,0.6264637988259425,0.6376582032165876,0.6645226764685265,0.6878203012121534,0.7079446523762614,0.6909597660239392,0.7019044961650115,0.7298526849949454,0.8172196365412929,0.9252049386900905,0.9179914387309119,0.8428606258569701,0.7661516493322659,0.715896744663323,0.6904211608699052,0.683042294712661,0.6800418734177148,0.6792680543068828,0.6803264675099073,0.681360075210492,0.6826698938166056,0.6858879742839071,0.6867989580640212,0.6865703936480203,0.6863287192855544,0.6866440547826335,0.6869941459594808,0.6874407332727116,0.6885657457693717,0.6911626606835349,0.6946982632655965,0.6973931871313428,0.6985130833116913,0.7089561307865277,0.7161261511088628,0.7239268853970892,0.7319667841780237,0.7329636495911956,0.7336687739650575,0.731540835916014,0.7291312969981727,0.7260948949383768,0.7224372409670928,0.7188930945538903,0.7156735346701839,0.7132760079161372,0.7117659017427229,0.711139700985782,0.7116129188017819,0.7133646723700869,0.7165431570816276,0.7218416232286464,0.7309113064623828,0.7452675498203803,0.7557722955880904,0.773842850472463,0.79458550264267,0.8011719643864305,0.8043655411447873,0.8082715595160124,0.8118402816950603,0.8136892217718369,0.8132310591296276,0.810028515110315,0.8059839791521503,0.8030153133868911,0.8009908698002214,0.7991276342329178,0.8047661229685547,0.8055214377568007,0.8058862185295997,0.8060921631826884,0.8075000211929776,0.8121864552534838,0.8202589053587327,0.8320927452189136,0.8470717372410903,0.8668360357303979,0.8853712775447695,0.8973558851723952,0.9595345518550685,0.9808849769687451,0.9867101158912763,0.9923473671427399,0.9983420612127284,0.9989410978099798,0.9987754914777527,1.0,0.998564919664199,0.996742640994406,0.994061389110578,0.9912754335300544,0.9882342887327235,0.9850193144427277,0.9815860822466228,0.9783307338685269,0.9757127552900401,0.9722199682156185,0.9689530758508034,0.9665722042693443,0.9635915436868185,0.9608770547093892,0.958947798485817,0.9576482314062338,0.957105382604578,0.957375412273798,0.9577557468469952,0.958671361186036,0.9605896225263609,0.962977804789523,0.9658216630478706,0.9686278155010337,0.970995881632406,0.9725787725060067,0.9749675571646826,0.9778771271590257,0.9801441788313249,0.9821687368519146,0.98367144147302,0.9820603205145644,0.9707799641804372,0.9473683604717604,0.9561447318055153,0.968638613313308,0.9752062437218837,0.97737317704346,0.978954858224308,0.9805925044971372,0.9790415258160422,0.9838416991759464,0.9846664669253337,0.9845691392470332,0.985152633107052,0.9851913028050283,0.9853268064318313,0.985350301387727,0.9856672645734341,0.9860316061536459,0.9867593770718545,0.9874424029041662,0.9879758252946605,0.9885491176955209,0.9891931208962979,0.989833730139218,0.9902738666234144,0.9906340929294841,0.9906176639797797,0.9906825010428806,0.9900125752438391,0.9900105681031736,0.989671141888696,0.9899898612284642,0.9902055378125337,0.9902854180058994,0.9897424550086039,0.9893490484645283,0.9888556998812869,0.9883209202667346,0.9873843616792999,0.9851581784547458,0.9880045166945285,0.9875312902793599,0.9868280296678039,0.9860325390235193,0.9848606287222964,0.983517859109586,0.982253656040632,0.9820006445715251,0.9805694689419604,0.9783908277275774,0.9769561346906444,0.9726621221739185,0.969064670096061,0.9686653491631106
121,0.13186258148375932,0.3556029650743959,0.35446899182297736,0.34456877056208807,0.3333857571582008,0.322670341655217,0.3148591616300713,0.3060286353323221,0.2944708056646041,0.2782977324596019,0.2643845775067618,0.2621086327741042,0.28246089895538645,0.31566828608663156,0.33734238116472254,0.34649443499259264,0.343823510881873,0.3213990161829109,0.3090062953416894,0.3512851626170424,0.45211301895796036,0.5431561335417378,0.5602756278436313,0.581811062834286,0.6072589135311592,0.6186051330621779,0.6458720797754177,0.6694937984530439,0.6899253158823231,0.6735539515193185,0.6847881781490048,0.7137291605568017,0.8046880273416053,0.9214546293748128,0.9233963225011225,0.8540211820638239,0.7805658609353662,0.7318327650659889,0.7070069822616898,0.6997862392447393,0.6969818205880004,0.6963460837744108,0.6974696662918795,0.6985667012891853,0.699926951948348,0.7031247741298574,0.7041466159893358,0.7040885525012377,0.7039563580047268,0.704352305861887,0.7047861940943932,0.705311073695385,0.7064905708224926,0.7090882189577347,0.7125934460957551,0.7152895240831255,0.7164955334726477,0.7266071301728579,0.7336763729935406,0.74140990492006,0.7494460454571751,0.7506052921068301,0.7513994558694351,0.7494258584575724,0.747133812838422,0.744217026140426,0.7406869534115122,0.7372651136219015,0.7341638388444779,0.7318568642679754,0.7304210608550282,0.7298554299771718,0.7303764792148378,0.7321385376369585,0.7352954501682007,0.7404873203871578,0.7492694488499915,0.7631003724819205,0.7735269364684826,0.7912685515142106,0.8115706387873792,0.8181993251006677,0.8214217507673525,0.8252678295064705,0.8287856823175512,0.8306181234729617,0.8302319963152597,0.8271787639019313,0.8233057274082705,0.8204553323289249,0.818524836252369,0.8169469038453333,0.8220532983605303,0.8225815093687561,0.8227833349810626,0.8231916005610983,0.8248275768683645,0.829490010783665,0.8373153697065207,0.8486723784552098,0.862991410452899,0.8814237162915605,0.8980459072459991,0.901676828453144,0.9499661239454714,0.972426992398281,0.9787459687635852,0.9854780988985693,0.9944219932048648,0.9957115027989396,0.995251713488814,0.998564919664199,1.0,0.9994585083752776,0.9981008038765224,0.9962576349705878,0.9940051704549961,0.9914937950059318,0.9887127092856369,0.9859836300782564,0.9836040135018351,0.9806455560380193,0.9778547831294986,0.9756123632211683,0.9729879254956645,0.9706304183991845,0.9688742353177731,0.9676422581904128,0.9671707802348886,0.9674205894969267,0.9677264233004021,0.968525382963966,0.9701886377272986,0.9722359178920171,0.9746443226731395,0.9769978914921051,0.9788878416635562,0.9801607597040496,0.9821693982104667,0.9844685144491724,0.986054735245595,0.987098608354657,0.9873014653304273,0.9823119788936171,0.9675386247012878,0.9417992915851853,0.9513351896230158,0.9644940362281571,0.9722709030275715,0.975426506345345,0.977550761487753,0.9788108611214333,0.9774519435103938,0.982666496467447,0.9843907630082306,0.9845159475404283,0.9848382621158009,0.9848111645555564,0.9851899151788265,0.9855722064035153,0.9862029915205851,0.9868766971808803,0.9878849883350924,0.9888180555907281,0.9896298335020585,0.9904643527392909,0.9913520133210958,0.9922135594475988,0.9929597874563207,0.9935702398232548,0.9939566034115778,0.994242632952892,0.9939212551392438,0.9940943040638974,0.9937967441268694,0.993890037733866,0.993788997609467,0.9933065118210115,0.9922969444111034,0.991619080739496,0.9909973757848459,0.9901396262976809,0.988958418293335,0.986515492640947,0.9895581958819453,0.9888652205948909,0.9875910606888009,0.9865093210778998,0.9846060513955331,0.9829411451378838,0.9812764201072658,0.9808607700767791,0.9790191284082577,0.9763011780839151,0.9747379207357332,0.9700231515951735,0.9657644171757455,0.9652496836451846
122,0.14013621332508086,0.3333962809264957,0.33220176536376833,0.32205788751042647,0.31072965320055057,0.29994878183152435,0.2920236374876293,0.28307589755458523,0.2713431246891794,0.2549419275498643,0.24087556341568722,0.23861890622836376,0.259362907591757,0.2933946207395287,0.3156809490128636,0.3251220115586855,0.3224170782465293,0.2993870983755958,0.286377079960813,0.32879129899709725,0.4307278669222991,0.5231495608465138,0.5403304479165996,0.5620653621857404,0.5879279178714719,0.5993572967075051,0.6270366740383234,0.6510269856893218,0.6718320058656109,0.6554923656883507,0.6669211966120855,0.6966742791453427,0.790885534550968,0.9158385883186981,0.9267019335853178,0.8632259322826329,0.7931709309856163,0.7460727032625628,0.72196190737552,0.7149630910250617,0.7123093797210445,0.7117575931893249,0.7129254781113491,0.7140625487374022,0.7154591255074569,0.7186364623881832,0.7197219935801,0.7197621588920118,0.7197070509921035,0.7201577576988774,0.7206470670890185,0.7212234731673884,0.7224321493536993,0.7250154199526941,0.7284809644963689,0.7311591899368651,0.7324041897663692,0.7422457363447897,0.7491922273531794,0.7568034241974811,0.7647294910192299,0.765954116575767,0.7667913654793659,0.7649306757522918,0.7627373706567939,0.7599294997563929,0.7565201608972464,0.7532114572195576,0.7502164417733818,0.7479934513404936,0.7466200310975911,0.7460981632433541,0.746642144750558,0.748393910584616,0.7515039843343821,0.7565827938988842,0.7651231389155575,0.7785339997452797,0.7887690994355582,0.806077998442134,0.825836843336166,0.8323569834536515,0.8355388972634652,0.8392929097860601,0.8427257107998936,0.8445249682339242,0.8441862581084705,0.8412698845107808,0.8375536151337548,0.8348192236603348,0.8329757055987418,0.8315284884322308,0.8363415360617293,0.8368275676586834,0.8369788485029173,0.8374501802659569,0.8391334505515032,0.8436838544047244,0.8512485566527922,0.8621661378045699,0.8758908106584123,0.8933482351100349,0.9087889258721517,0.9084808984305787,0.9458204168230666,0.9681591782017033,0.9743207511560016,0.9812003714644829,0.9910772026483633,0.9926487727590565,0.9923030683518452,0.9967426409944061,0.9994585083752775,1.0,0.9994825727039411,0.9983942772616832,0.9968142819569985,0.9949074453523243,0.9926886345669661,0.9904368927059012,0.9883943744190482,0.985877512166001,0.9834786224082201,0.9814761136262367,0.9791687560241765,0.9770947499394039,0.9755194707748441,0.9743957705403196,0.9739718595065379,0.9741942240732472,0.9744535093298797,0.9751568448462181,0.9766151844096426,0.9783946707933558,0.9804754984251688,0.9824911245897989,0.9840733059364313,0.9851443507551221,0.9868480094173625,0.9887254558029429,0.9899274487107177,0.990499465392976,0.9901266766900902,0.9838293942425008,0.9676955624527048,0.9345340280187263,0.9445633729028662,0.9583025543709403,0.9667471051512824,0.9704934334518083,0.9729988357675795,0.9742645642475032,0.9732969410195937,0.978689485301615,0.9808261989922276,0.9810431544516678,0.9813035127774715,0.9812881468162257,0.9818318180560717,0.982447366596044,0.9833073318247154,0.9842396347838248,0.9855008431151235,0.9866678964912349,0.9877307471217907,0.9888076070838068,0.9899397158989492,0.9910486182430706,0.9920877736106892,0.9929684453711001,0.9937079480051013,0.9942635059516324,0.9942322027337321,0.9945393446596712,0.9942947044050866,0.9941961340030273,0.9937845064452139,0.9928612163406391,0.9914009175758244,0.9904509102656376,0.9896778264851904,0.9885637518328657,0.9871309451551974,0.9846091442236984,0.9877846710039072,0.9869020059765252,0.9851947045065919,0.9838281218067662,0.9814302168755339,0.9794233911527765,0.9774530273618269,0.9768675143655493,0.9747360681327678,0.9716577784370148,0.9698947284924617,0.9648702251883284,0.9601754942903955,0.959449464751653
123,0.14873960048438356,0.31134728453934574,0.30996165630770856,0.29952206966411493,0.2880086495504363,0.2770862483589298,0.2690369384415427,0.25995748940638214,0.24805101600638754,0.231415472074001,0.21717503203185928,0.21489941969418516,0.23599208352834086,0.2707825499822268,0.2936268298889538,0.30331014911470056,0.30053898453619593,0.27689742102769044,0.26327673080712627,0.30580144021676653,0.40879170472204657,0.5025347259720169,0.5197726833593066,0.5416989551069319,0.5679657102658574,0.5794686510257132,0.6075553322899333,0.631912281519953,0.6530804457041495,0.6367333696629401,0.6483525150923445,0.6788892549957455,0.7763122614346948,0.9094584447921722,0.9293524733981238,0.8719104875264644,0.8053652407407129,0.7599654676845768,0.736603059906024,0.7298316640772542,0.7273321350002439,0.7268657476319171,0.7280742085014874,0.7292475586898547,0.7306798829269482,0.7338295750078898,0.7349776234282057,0.7351154265727802,0.7351342416006855,0.7356403745747742,0.7361821519146085,0.7368071540928558,0.7380440060119822,0.740610004587856,0.7440334833705007,0.7466888648461634,0.7479676645091241,0.7575361121566515,0.7643485298825233,0.7718170397418175,0.7796161601724388,0.7808965056764479,0.7817691370375235,0.7800198537077407,0.7779267392425034,0.7752288291336095,0.7719407014452206,0.7687487161374966,0.7658621818847955,0.7637242132125698,0.7624113504647109,0.761931706559711,0.7624947705345476,0.7642286606345834,0.7672878058159471,0.7722482195791667,0.780538748681195,0.7935097637007192,0.8035331093581566,0.820376578106423,0.839548813489922,0.8459436530898562,0.8490724401541208,0.8527237271660321,0.8560639782835473,0.8578220086565177,0.8575279193465309,0.8547473199922251,0.8511886918846187,0.8485720258604214,0.8468127706590526,0.8455056705588574,0.8499991935234598,0.8504335632520303,0.850526397696493,0.8510704746135276,0.85280792382877,0.8572462080424532,0.8645390831144045,0.8750026226182033,0.8881112278332589,0.9045654189444847,0.9187891023410144,0.9146367560418933,0.9413267839393171,0.9633959046198488,0.9693151629908575,0.976259858902706,0.9869464080469711,0.9887702130723034,0.9885570191069191,0.994061389110578,0.9981008038765224,0.9994825727039413,1.0,0.9996120837972472,0.9987125359267586,0.9974143030303183,0.9957677907367923,0.9939976209944604,0.9922990813492591,0.9902300582801407,0.9882320374293936,0.9864744822369304,0.9844901080852214,0.9827053707840897,0.9813156032104662,0.9803066477032291,0.9799339717828439,0.9801291071767394,0.9803404210395317,0.9809486520707572,0.9821976866045475,0.9837129992636928,0.9854582486060901,0.9871344614424055,0.9884075420634442,0.9892784109989111,0.9906743335010828,0.9921297084249322,0.9929492878847942,0.9930719193595892,0.9921540506659257,0.984656948704581,0.9673435166254953,0.9265836289764172,0.9370544329161034,0.9513560710282276,0.960425485842348,0.9647283837140723,0.967608886971513,0.9689098623717909,0.96833477806274,0.9738654149277237,0.9763987554051758,0.9767176063379358,0.976903247113385,0.976905347710419,0.9776205008028578,0.9784542057104006,0.9795569529839735,0.9807420507808413,0.9822517694262177,0.98366626444439,0.9849728677973236,0.9862944554708926,0.9876883343994389,0.9890434059990691,0.990382969206095,0.9915460676262602,0.9926403985842525,0.9934896552804272,0.9937449396590906,0.9941912724195898,0.9939827706582373,0.9936866769700994,0.9929496388963567,0.9915682301967861,0.9896663042087118,0.9884347033424826,0.9875063554010619,0.9861296461067163,0.9844516403524581,0.981851405402529,0.9851513659285135,0.9840872798390712,0.9819699310836026,0.9802998159221874,0.97744608737909,0.9750922921113518,0.9728278586334743,0.9720792542077813,0.9696595876693076,0.9662607721830769,0.9642497445303715,0.9589328316065078,0.9538217985057257,0.9528517179336269
124,0.15611430432290818,0.2909033351122427,0.2891730805162618,0.27845176162208063,0.26667313737479115,0.25556300842217305,0.24736004433484407,0.2381382358300025,0.22607247495508484,0.20922755680485944,0.19483136345393645,0.19254531202521244,0.2139570477282091,0.2494189581919322,0.27277862628965943,0.2826927290382265,0.2798412142625086,0.2556292093952414,0.24146524986770057,0.2840655276405439,0.38795809213772264,0.48284374120391016,0.500139103838187,0.5222596428496513,0.5488749968285808,0.5604255383601293,0.5888852589756212,0.6135945463189743,0.6351237424980687,0.618642432574173,0.6304163908102264,0.6616471484875036,0.7620152317905254,0.9027637857895917,0.9311640967867396,0.8794984282156133,0.8163344217644214,0.7725834505702424,0.7499511007923066,0.7434157992375584,0.7410505864176962,0.7406522431447212,0.7418930064976905,0.7430973367577958,0.7445584195095291,0.7476872078701501,0.7488830411420713,0.7490939026067754,0.7491771850485863,0.749730718602175,0.750316827200235,0.7509813915271514,0.752241314896853,0.7547876995278812,0.7581706152801301,0.7608010357614384,0.7621019073106565,0.7714317411188951,0.7781093479706092,0.78543296834911,0.7930857250771901,0.7943951291067771,0.7952922286468828,0.793637747359809,0.7916373803639642,0.7890440812729453,0.7858707231138746,0.7827906135878074,0.7800047104779222,0.777946253956357,0.7766914340101092,0.7762495883738151,0.776825164249855,0.7785410126195099,0.7815470358121785,0.7863950588597369,0.794463147479325,0.8070568222353851,0.8168484564956435,0.8332233228812506,0.8518141668957921,0.8580512220962268,0.8611161879296472,0.8646605491585502,0.8679070171074575,0.8696252277524363,0.8693711769842446,0.866717770771956,0.86330802939999,0.8608034337480341,0.8591272296358159,0.8579052138393877,0.8621746680482196,0.8625992948027232,0.8626763805590273,0.8632461508140361,0.8649742286839945,0.8692777252086613,0.8763075973942982,0.8863489829036948,0.8988921676132087,0.9145002679662174,0.9277729196224321,0.9210232330308313,0.9381571161293796,0.9596909701738855,0.9652568725445958,0.9720517497740644,0.9830398655924115,0.9850096626352189,0.9850234241219357,0.9912754335300543,0.9962576349705878,0.9983942772616832,0.9996120837972473,0.9999999999999999,0.9996642222051649,0.9989211100180388,0.9977922874109804,0.9964737385284238,0.9951306158237131,0.9934659789369561,0.9918216432444095,0.9903300461446585,0.9886411194057483,0.9871111347954554,0.9859021551406962,0.9850130808387256,0.9846839802024547,0.9848489040732226,0.9850260637699334,0.9855481082884858,0.9866153391703971,0.9878959698260429,0.9893570356590873,0.9907414186535968,0.9917685992669997,0.9924744525191455,0.9935993040917781,0.9947017953891729,0.9952297453110687,0.9950525419983995,0.9937990682648928,0.9856423688072072,0.967677981688862,0.918396845225523,0.9292136439144867,0.9440434455847695,0.9535648191825244,0.9583076376923285,0.961514831463905,0.9629267595140643,0.9627868754767697,0.9684023707346002,0.9711900529881157,0.9715661579027446,0.9717432391411709,0.9717760038444122,0.9726395149648188,0.973653983983851,0.9749682394066441,0.9763739345956114,0.9781218312108011,0.9797605177049965,0.9812915465298586,0.9828433890048542,0.984481631195142,0.9860784592220491,0.9877043713445671,0.989131781567507,0.9905502518593041,0.9916838822692456,0.9921947334345034,0.9927660556830009,0.9925889485423005,0.9921117294384868,0.9910688309857396,0.9892942444079231,0.98698452387334,0.9854850560793956,0.9844124134301729,0.9828080379152894,0.9808830123976918,0.9782470692291879,0.9816437603267424,0.9804178948540635,0.9779401791910335,0.9759888617349306,0.9727450399411256,0.9700598339152533,0.9675291504431175,0.9666209259377914,0.9639587475102008,0.9602911019972599,0.9580518448883524,0.9524572445958257,0.9470259121105103,0.9458284954724339
125,0.1631500605408707,0.27199721751528055,0.2698684512366787,0.258863661617135,0.2468053660207565,0.23547613013354862,0.2271252260181007,0.21775703796577214,0.20552782419830393,0.18849879738999914,0.17395276704669252,0.1716594942948523,0.19337158429823864,0.22946728677704567,0.2533188645106117,0.26344249889097426,0.26051775673812366,0.235765035980123,0.2210807045390691,0.26373120902453956,0.3684240497032122,0.46433429718857155,0.4816672235889775,0.5039569741584313,0.5308813113035706,0.5424579081799398,0.5712603672792127,0.5962882470712727,0.6181527026136014,0.6015082023477237,0.6134122231933746,0.645266143024411,0.7483660640072024,0.8962138903142162,0.9326269849042076,0.8864393581501999,0.8264951566858832,0.7843249621605333,0.7623994524181545,0.756089875143611,0.7538449057037723,0.753503156813302,0.7547705187675847,0.7559988091952325,0.7574792410657658,0.760580605390643,0.7618125213796968,0.7620815630739827,0.7622192506174148,0.7628079181751162,0.7634285899399913,0.7641231814002359,0.7653980006083112,0.7679198386317843,0.7712577478149318,0.7738581765717082,0.775170975617738,0.7842702866423023,0.7908120964622107,0.7979835009047741,0.8054818089612952,0.8068085044034113,0.8077210905915585,0.8061527034617418,0.8042365524802317,0.8017393662604314,0.7986737687392862,0.7956976971813906,0.7930071132553588,0.7910226529187303,0.7898199443837295,0.7894101109608623,0.7899937145359973,0.7916843384893762,0.7946328075737656,0.7993695677416113,0.8072237463842652,0.8194530198463372,0.8290094470899254,0.8449187350303519,0.8629372319828236,0.8690087047577496,0.8720026905929668,0.8754397764825356,0.8785903291187996,0.8802648957899638,0.8800450778009195,0.877509601711373,0.8742379692875711,0.8718389711447688,0.8702363917041519,0.8690861425276135,0.8731534801891874,0.8735957632698372,0.8736634541181038,0.8742441800079177,0.8759489780662338,0.8801137774299034,0.8868863942863735,0.8965239772714824,0.9085252189381814,0.9233464439715879,0.9357663898254367,0.9269180516851524,0.9352397616743635,0.9561580185035877,0.9613367007999958,0.9679069014994879,0.9790352185741208,0.9811082111387117,0.9813677777886468,0.9882342887327235,0.9940051704549961,0.9968142819569985,0.9987125359267587,0.9996642222051649,1.0,0.9997215735878232,0.999075805730652,0.9981761744979607,0.9971784608883265,0.9958862753744654,0.9945688673321575,0.9933337727153221,0.9919192110254021,0.9906238190098252,0.9895815935180754,0.9888076956196233,0.9885188912569244,0.9886540900058496,0.9888008552276268,0.9892474544690367,0.9901502979870012,0.9912196263797621,0.9924179524208878,0.9935364162164018,0.9943419300802581,0.9948960052196352,0.9957672687043007,0.996550503108082,0.9968279009569784,0.9964036266963372,0.9948865603639182,0.9862726416525792,0.9678589882986093,0.9102025962670115,0.9213366653928093,0.936678475457178,0.946550019374561,0.9516687795825631,0.9551597836939656,0.9567207090996018,0.9569863366263115,0.962684967740066,0.9656776907088469,0.966111725418552,0.966295946825726,0.9663911731270949,0.9673959699307186,0.9685738192468742,0.9700816210831863,0.9716946832884706,0.973659609054454,0.9755103302857983,0.9772480788281396,0.9790104914479998,0.9808741807206053,0.9826934069136278,0.9845783503614972,0.9862521138336815,0.9879682344293466,0.9893664731888434,0.9901136290253083,0.9907931805559111,0.9906481037611045,0.9900135212131291,0.9886988862197718,0.9865671714054937,0.9838801334095105,0.982137674475318,0.9809222465054949,0.9791051600891745,0.9769565136372198,0.9742976305444785,0.9777673864801739,0.976381658769353,0.9735890083265618,0.9713632765885734,0.967781552233895,0.9647774280412613,0.9620200707307257,0.9609601725960712,0.9580638608309626,0.954164261214922,0.951691875141563,0.9458818812730414,0.9401377432298323,0.9387416896668206
126,0.16982549106054884,0.2549646260375747,0.2524815758561201,0.241216455344751,0.2288895856792263,0.2173499929716209,0.20886590610424743,0.1993601119750275,0.18697784113409163,0.16977621178797936,0.15508973383819763,0.15278448864243274,0.17476151037695156,0.2114156756748641,0.23571352751698513,0.24602821416672435,0.2430172232034658,0.21776883704438382,0.20259660358366727,0.24526951937903782,0.35064686181813215,0.44744513692434495,0.46479933581606897,0.48722968216029694,0.5144147562703797,0.5260024919126778,0.5550993518959454,0.5804101635494355,0.6025649748385987,0.5857801165341047,0.5977925684581284,0.6302019088693466,0.7357327601731846,0.8899878532446913,0.9336814950422941,0.8925015209470534,0.8355135904924037,0.7948003648248866,0.7735206224087108,0.7674148898183386,0.7652771158175385,0.7649849648804999,0.7662686762483579,0.7675153365191532,0.769008704940393,0.7720807542358673,0.773341087026025,0.7736592354587206,0.7738427434925553,0.7744632293174126,0.7751122595016267,0.775831421216714,0.7771137217914702,0.7796116160484735,0.7829034997030803,0.7854744978445946,0.7867942637060993,0.7956780589270838,0.8020893896901282,0.8091174636669421,0.816467364300692,0.8178041459426056,0.818728432692054,0.8172343043772787,0.8153934270914573,0.812983759491405,0.810015945033363,0.8071341713504623,0.804528095561857,0.8026103103281682,0.8014548426684969,0.8010708074540512,0.8016603102622377,0.8033264363657473,0.806218533834556,0.8108511914551024,0.8185062400544535,0.8303973631123551,0.8397313040874408,0.8552049786055712,0.8726889656997797,0.8786021411088821,0.881525140996006,0.8848628238799864,0.8879216116805257,0.8895542066172822,0.8893606349031291,0.8869324463198877,0.883786117987595,0.8814822273119063,0.8799462706168787,0.8788556393818582,0.8827395823889562,0.8831942718769232,0.8832492652734173,0.8838413158681502,0.8855209252926384,0.8895579151961552,0.8960884982045584,0.9053534547607786,0.9168547458035099,0.9309486173475204,0.9425879232940487,0.9318059040084323,0.9321648244637558,0.9525407760244918,0.9573688618285605,0.9637374151745218,0.9749627485090412,0.9771306881637278,0.9776094028833312,0.9850193144427277,0.9914937950059317,0.9949074453523243,0.9974143030303183,0.9989211100180388,0.9997215735878232,1.0,0.999752294177346,0.9992350472858677,0.998547036520668,0.9975951472832912,0.9965732921918067,0.995569943185551,0.9944036915709108,0.9933185103952354,0.9924291511463352,0.9917595876872389,0.9915058110346476,0.991617048874275,0.9917365223732353,0.9921138691398974,0.992869633108525,0.9937478628852753,0.9947107125917535,0.9955886989335527,0.9961917675719564,0.9966093623887198,0.997248380373891,0.9977442987091713,0.9977961090242716,0.9971512185592221,0.9954033651355892,0.9863831211665223,0.9675904685071685,0.9024084862721996,0.9137980820743551,0.9295473563797122,0.9397561140743367,0.945195002191501,0.9489397172888224,0.9506414038732491,0.9512899636023479,0.9570465527347121,0.9602172382106313,0.9607094688191207,0.9609186466145,0.9610636828796604,0.9621983905969357,0.9635277168023091,0.9652151376694972,0.9670178576262781,0.969177636707387,0.9712232460624517,0.9731392286707204,0.9750907324940369,0.977158758582444,0.979178120204102,0.9812936763639593,0.9831863897333731,0.9851701657837287,0.986813983880413,0.9877635132849301,0.988544439641995,0.9884321867841129,0.9876578416633628,0.9861059098975068,0.9836507131361957,0.9806332071495696,0.9786714867569221,0.9773225346414256,0.9753190224247218,0.9729608467026853,0.9702962945177787,0.9738193075835553,0.9722974825125669,0.9692151316909714,0.9667556581258765,0.9628692526143922,0.9595804045933116,0.956608054759269,0.9554050605998827,0.952305449122935,0.9482020113945073,0.9455251810520532,0.939514041519964,0.93353119250872,0.9319392659453414
127,0.1760909480561426,0.23915594997150405,0.23632320574631693,0.22480058626653762,0.21221892479006926,0.20049621820592442,0.19186777167513375,0.1822287193097033,0.16970593154134592,0.15234162633257053,0.1375277873502334,0.13520120413567022,0.15742003771751528,0.1945844423594435,0.2192812051753078,0.22975770086619693,0.22666282055091744,0.20094542330166118,0.18531774827360972,0.22799185153843549,0.3339732539403771,0.43157181773108183,0.4489333442302587,0.4714808047790422,0.49889590982600596,0.5104912164990063,0.5398502698347606,0.565412347227548,0.5878281170385621,0.5709070844665239,0.5830087527282996,0.6159138828217123,0.7236821817991764,0.8838830589463947,0.9343758437623595,0.8979039794378543,0.8437093736051026,0.8043758342701958,0.7837094464961165,0.777797383680362,0.7757540489324407,0.7755080344434715,0.7768066193326207,0.7780641178596083,0.7795693945586103,0.7826096915527484,0.7838940396107159,0.7842567538050337,0.7844798687633381,0.7851251889988149,0.7857973755957751,0.7865384547369576,0.7878275748995939,0.7903000089066243,0.7935449918827749,0.7960847267143033,0.7974108328498846,0.8060893394738702,0.812372385122874,0.8192569902898957,0.82646273359609,0.8278093329851205,0.8287418859613819,0.8273164244511707,0.8255463616854897,0.8232177703769075,0.8203420934626036,0.8175490553495314,0.8150228621293173,0.8131674960090959,0.8120543961366874,0.8116953148777704,0.8122876355395511,0.813930426813865,0.8167681967032565,0.8212992548885558,0.8287668864945248,0.8403342136747304,0.8494512462029167,0.8645050395655733,0.8814772685904119,0.8872389285513995,0.8900935468447392,0.8933353848825637,0.8963055996878592,0.8978986066631943,0.8977299147357605,0.8954009659010218,0.8923725741717421,0.8901558236220206,0.8886828304522727,0.8876526601300833,0.8913563032332376,0.891821555152923,0.8918610700695193,0.892468101599737,0.8941291939643654,0.8980423379959921,0.9043447615701298,0.9132521844698758,0.9242772207079064,0.9376786899384499,0.9485680587896351,0.9359719223900382,0.9289084203784339,0.9487485750315457,0.9532449194922532,0.9594218657915318,0.9707312507680353,0.9729827327175219,0.9736690568974589,0.9815860822466228,0.9887127092856368,0.9926886345669661,0.9957677907367923,0.9977922874109804,0.999075805730652,0.999752294177346,1.0,0.9998016056244627,0.999407094922651,0.998775014732638,0.9980338924644935,0.9972444288791414,0.996312440521654,0.995425678879459,0.9946798311450945,0.9941073725061772,0.9938885842702441,0.9939790418564975,0.9940746520547297,0.9943903522264644,0.9950065432320213,0.9957080575135087,0.9964504039280909,0.9971037873417972,0.9975165256879105,0.9978027748162305,0.9982225355564686,0.9984445179573207,0.9982811023735969,0.9974288653298327,0.9954612334150756,0.9860678965060471,0.9669368709904776,0.8947472696075723,0.9063481295192619,0.9225077377621312,0.9329993934613805,0.9387380967034511,0.9427193763247474,0.9445443615834525,0.9455211539203698,0.9513774351431308,0.9547269872038592,0.955275890513063,0.9555094093277207,0.9557240280725822,0.9569895956913317,0.9584597779770765,0.9603191833223392,0.9623018924953499,0.9646464362192793,0.9668663455559022,0.9689565272901252,0.9710788546389896,0.9733365690802153,0.9755373951314917,0.9778745462937876,0.9799708274834359,0.9821981620016129,0.9840651880661926,0.985209671227166,0.9860780266676266,0.9859968250673391,0.9850959572563579,0.9833144156993419,0.9805739534317622,0.9772470093074961,0.9750781253300885,0.9736047619909887,0.9714182064945621,0.9688789113412358,0.9661901589337413,0.9697718862606739,0.9681256008557065,0.9647646692606101,0.9620900299578747,0.9579187436948249,0.9543688512123478,0.9512006492694074,0.949868069415483,0.9465847707671282,0.9422846755962924,0.9394334700585607,0.9332276596941055,0.9270369838000857,0.9252521416947729
128,0.18144603327525904,0.2251278764538605,0.22194650109741793,0.21021424002897857,0.19740276298009665,0.18548861181201987,0.17675227568255097,0.16699963580792684,0.15435728223219283,0.13686340492850488,0.12193704778079159,0.11960767092842463,0.1420284414462033,0.17962846830044,0.2046768107488041,0.21530228199850568,0.2121391288753797,0.18602140136615147,0.17000638418225278,0.2126673397864694,0.31914017600507094,0.4173930114972027,0.434760790810791,0.4574146542149353,0.4850254723200436,0.49661613218908063,0.5262033802757439,0.5519806262176651,0.5746271026515049,0.557566872117316,0.5697512046678349,0.603087880223349,0.7127826768749028,0.8781506381135844,0.9346135555850734,0.9023025061073294,0.8505858907472325,0.8124861811577346,0.792371942132082,0.786635875812645,0.7846814480388147,0.784474488847125,0.7857869723452235,0.7870576744356291,0.7885733680460923,0.7915877398644774,0.7928938022892962,0.7932927346427263,0.7935517491460448,0.7942219006503056,0.7949153944164975,0.7956758665667427,0.7969704984097046,0.7994211725284016,0.8026271582933494,0.8051397310985737,0.8064694402877469,0.8149705504619568,0.8211372018576313,0.8278961294470132,0.8349693439460443,0.8363191128026807,0.8372585897089418,0.8358950355132726,0.8341876343327571,0.8319334668392234,0.829139903630222,0.8264276382678586,0.8239741057643021,0.8221761556653809,0.8211012489294888,0.8207639329923049,0.8213597349863531,0.8229802896799738,0.8257710591638202,0.830212966043263,0.8375158123787165,0.8488024592255179,0.857723483872585,0.8724001871216731,0.8889139310038142,0.8945342176111555,0.8973263508246615,0.9004829744936333,0.9033748408826373,0.9049317819584888,0.9047868938403253,0.9025466743183076,0.8996230612316888,0.8974868587457117,0.896070161920132,0.8950841886326657,0.8986470839688041,0.8991321586519354,0.8991691439212798,0.8997756820682027,0.9014064150407687,0.9052060334411901,0.9113039800711388,0.9198987997762005,0.9305050391198096,0.943316237664572,0.9535888562670094,0.9395994597124765,0.9260661086293822,0.9453739252778712,0.9495498705039523,0.9555127809963408,0.9668227565906502,0.9691304696206013,0.9700162664087637,0.9783307338685269,0.9859836300782563,0.9904368927059013,0.9939976209944604,0.9964737385284239,0.9981761744979607,0.9992350472858675,0.9998016056244627,1.0,0.9998295909433769,0.9994777834981913,0.9989756321325408,0.9983867956106514,0.9976586196262918,0.9969438845368639,0.996325732469797,0.9958415820674382,0.9956538022546154,0.9957236256950442,0.9957996393824897,0.9960596223254703,0.9965582945000091,0.9971067183782226,0.9976598861209338,0.9981210041429138,0.998373554792017,0.9985501484943502,0.9987810635638333,0.9987721118600084,0.9984342097507588,0.9974211546368215,0.9952966623418359,0.9856504348335573,0.9663101404224349,0.8876975453257208,0.8994989853277209,0.9159635776272708,0.9267043086760596,0.9326900931977546,0.9368754042096641,0.9388283828837214,0.9401288991994108,0.9460147551916664,0.9495097254006518,0.9501067392150029,0.9503690924546995,0.9506370182529676,0.9520064464310121,0.9535995407913164,0.9556017643576932,0.9577402205107364,0.9602449688454914,0.9626231287006961,0.9648611329952449,0.9671365603904001,0.9695618276314141,0.9719259128552766,0.974450972910257,0.9767287611057133,0.9791728905597539,0.9812324903242223,0.9825455439080545,0.9834957287024451,0.9834402970455343,0.9824270313230863,0.9804457049678298,0.9774467033978945,0.9738512227665079,0.9715026056455198,0.969920980930634,0.9675870397677191,0.9648726547751982,0.9621905179125744,0.9658031633320155,0.9640420604616232,0.9604508972491809,0.9575823858155685,0.953171918569574,0.9493913045860712,0.9460456966366714,0.9446020077742145,0.9411693581362085,0.9366960118641067,0.9336707286367293,0.9273271385205919,0.9209240065160506,0.9190021326751329
129,0.1854036696670428,0.21305298744946924,0.20954113112703512,0.1975982320973428,0.18456063431262906,0.17246660356235113,0.16361869081575367,0.15375683841104734,0.14101816692172017,0.12342880420526078,0.10841099797377167,0.1060726369930356,0.1286612458996534,0.1666040633819239,0.19194356405774093,0.20268996588871627,0.19945053286661582,0.1730059643039458,0.156686574088198,0.19932993651461503,0.30619221024468857,0.40497266015193834,0.4223562345018478,0.44511564372876966,0.4728865396807327,0.4844713514117131,0.5142604495572674,0.5402372733112278,0.5630988230771145,0.5458489130123731,0.5580916179506785,0.5917723803476732,0.7030885232685808,0.8728293576233245,0.9344261160082339,0.9057499183302595,0.856204989312816,0.8191848039464629,0.7995545227828764,0.793989271028689,0.792101106504622,0.7919165468210768,0.7932381354341851,0.7945184097692737,0.7960441019958544,0.7990403633997974,0.8003609797548793,0.8007811443689823,0.8010691993250915,0.8017587071757114,0.8024677206485527,0.8032425063046317,0.8045416366952504,0.8069734948381123,0.8101503685348789,0.8126390689493391,0.8139660330720031,0.822335734055974,0.8284079206950522,0.8350539895882941,0.8420006170736396,0.8433402245275295,0.8442812998035278,0.8429641908563958,0.8413102077395013,0.8391198358563792,0.8363970469246537,0.8337532663396005,0.8313614182958625,0.8296127451887934,0.8285727707748138,0.8282546479671847,0.8288528712206747,0.8304539394717902,0.8332032657424903,0.8375737704342888,0.844753323008667,0.8558317469080579,0.8645721779444367,0.8789200177783846,0.8950320386115962,0.9005108889415631,0.9032418318489298,0.9063230963800308,0.9091473267623116,0.9106754860934351,0.9105510026907041,0.9083881612797445,0.905556075428796,0.9034906978031985,0.9021251868323116,0.901137304650933,0.9046488318422199,0.9051913134977223,0.9052593936170691,0.905832210439274,0.9073926769023076,0.9110722925162773,0.916997173595656,0.9253386185882431,0.9356104752978941,0.9480086925239636,0.9579158903160506,0.9434888530455529,0.9246357140279721,0.9433309856722187,0.947144102774743,0.952789902652214,0.9637978869613791,0.966102358809843,0.9672236674455471,0.97571275529004,0.9836040135018352,0.9883943744190482,0.9922990813492591,0.9951306158237131,0.9971784608883265,0.9985470365206679,0.9994070949226508,0.999829590943377,1.0,0.9998194946708949,0.999511676916919,0.9991203131060352,0.9985617709715793,0.9979794740325726,0.9974756596262809,0.9970798466615078,0.9969130908115678,0.9969623013939747,0.9970260847936673,0.997242482189698,0.9976521379311232,0.9980829506140878,0.9984938717102959,0.9988145666681141,0.9989660980616641,0.9990666643418936,0.9991494458135112,0.9989780270358231,0.9985472891512189,0.9974895866982887,0.9953545075696967,0.9858294378148965,0.96658217731124,0.8814028605144079,0.8933592590123961,0.9101216623485882,0.920984494100482,0.9271274562780376,0.9314621641222334,0.9335962018355286,0.9351888040567036,0.9411016244073186,0.9446303899521526,0.9452361639574662,0.9455539157810642,0.9458780092985702,0.9473355699933975,0.9490047375050754,0.9511214045335686,0.9533808253670633,0.9560197252171658,0.9585343785278403,0.9608915782704774,0.9632980194186376,0.965872525399178,0.968383611004883,0.9710743278212032,0.973510671899183,0.9761356117247414,0.978380381512075,0.9798354455511149,0.9808499255010522,0.9808160015946928,0.9797121585397761,0.977555062639283,0.9743565612318683,0.9705283674190455,0.9680234558797535,0.9663469540775255,0.9638944531211543,0.9610358857027077,0.9583617620503956,0.9620110398869469,0.9601619101681781,0.9563943038957369,0.9533495430275424,0.9487601592401186,0.9447706749442191,0.9412795441864591,0.9397463524804985,0.9361760823536864,0.9316007829795472,0.9284131412149934,0.9219511188753756,0.9153979238819314,0.9133203366969506
130,0.19018406280196729,0.20054411969043362,0.19677979210779856,0.18466104421766966,0.1714492805373021,0.1592146225380845,0.15027569124629436,0.14032756742002248,0.12749393148778623,0.10979500524296842,0.09469099453912502,0.09233758787753912,0.11507711420475304,0.1533600198327882,0.17896993924324112,0.18981988857442703,0.18652454251642725,0.15975241607734608,0.14311082268358327,0.18573103548043954,0.2929720151550529,0.39229476058848284,0.4096811603490526,0.43251593875097394,0.4604488994299267,0.4720356906744994,0.5020132908535604,0.5281635861854127,0.551207828262587,0.533873632074404,0.5461841110033419,0.5802232928097216,0.6931752423062096,0.8673395245719397,0.9341099817004789,0.9090664999657284,0.8617068086925148,0.8257781830860639,0.8066379399812141,0.8012240308933748,0.7994165821541107,0.7992732048536753,0.8006085504662561,0.801901320436123,0.803435984093934,0.8064091294439663,0.807750023074758,0.8082082371938183,0.8085310369734633,0.8092430794176239,0.8099724818171259,0.8107664544504007,0.8120719239399163,0.814485350762284,0.8176258215017606,0.8200906592041898,0.8214240906415208,0.8296258572996356,0.8355944150082167,0.8421282198376282,0.8489628002098644,0.8503090942758268,0.8512592970358688,0.8499978176363018,0.8484023408468964,0.8462779560921285,0.8436287911733695,0.8410569361559117,0.8387292717281432,0.837032225831139,0.8360270765066368,0.8357281138442979,0.8363303082900361,0.8379125556769351,0.8406183514334774,0.8449089180467266,0.8519348049508297,0.8627479986572419,0.8713207211268837,0.8853350061717232,0.9010446331863646,0.9064058309978534,0.9090835881666158,0.9120879043125514,0.9148434245587435,0.9163392900246771,0.9162362767219835,0.914151551167742,0.9114141195743721,0.90941857136133,0.9081041366171866,0.9071752746033311,0.9105251471357688,0.9110650110808604,0.911117528478481,0.911707238429227,0.913263675255971,0.9168525607353281,0.9225995939493509,0.9306601590446495,0.9405537135512322,0.9523910271940673,0.9616847864902499,0.9456952596026019,0.921140339613987,0.9394656724754759,0.943032320229116,0.9485427796046318,0.9596725184814543,0.9620490765171116,0.9633188178680713,0.9722199682156185,0.9806455560380193,0.9858775121660011,0.9902300582801407,0.9934659789369562,0.9958862753744653,0.9975951472832912,0.998775014732638,0.9994777834981913,0.999819494670895,0.9999999999999999,0.9998479355463853,0.9996215359489175,0.9992465593297728,0.9988235891636417,0.998430027102158,0.9981078154870767,0.9979702903265826,0.9980030910388109,0.9980486086837158,0.9982144693348554,0.9985130865435438,0.9988031662633552,0.99904015494813,0.9991814625983961,0.9991809450611542,0.9991792558488948,0.999093784016624,0.9987090337249077,0.9980998613576305,0.99687005328852,0.9945445771869985,0.9846734679939982,0.9651190578958145,0.8748305227669119,0.8869870540955288,0.9040240870468034,0.915120963307678,0.9215037137296913,0.9260260425384096,0.928247311874346,0.9301099758160828,0.9360494327491917,0.9397200242357527,0.9403644329378,0.9406913404718007,0.9410464136116115,0.942592541857946,0.944369905436628,0.9466182390095986,0.9490099571492155,0.9517895475209058,0.9544372112026522,0.9569277511439992,0.959471494805104,0.9621925564654364,0.9648459939710177,0.967705988449957,0.9703005315303465,0.9731154531938572,0.9755339058674835,0.9771383181142659,0.9782258064618283,0.9782178329710434,0.9770073348729655,0.9746688358774398,0.9712321380043631,0.967168761502221,0.964504459401028,0.9627445031100795,0.9601407527030758,0.9571483881094611,0.9544764799832091,0.9581564670898828,0.9562138432629195,0.9522371471153617,0.9490237641710316,0.9442049170552114,0.9400280934950317,0.936390487698911,0.9347619418473219,0.9310616015686771,0.9263109024127345,0.9229918763669952,0.9164038991567895,0.9096701261314603,0.9074517332020797
131,0.19391055786043818,0.18920255648380405,0.18520151678748634,0.17292671403333204,0.15956207053766222,0.1472076864956286,0.13819817201639656,0.12819027009092876,0.11529367140088607,0.09750658921971628,0.08233892792542674,0.07996636839124344,0.102806410040024,0.14133686704875037,0.16714626419870535,0.17807277070894362,0.1747259902999593,0.14769845047098212,0.13080859818611584,0.17340387219289102,0.2809455140699345,0.3807157783275675,0.3981168609011907,0.42103068856766057,0.4491129944189176,0.460720049348097,0.49085937260798507,0.5171704441289703,0.540380384761334,0.5229622735570978,0.5353412899652478,0.5696965144617828,0.684033443335145,0.8619903852656925,0.9332646937042853,0.9114223209801136,0.8660018268186961,0.8310461310320052,0.812346367044095,0.8070696123478719,0.8053454979704964,0.8052397869435965,0.8065937989710685,0.8078991418985679,0.8094492877346667,0.8124070973080454,0.8137747499524196,0.8142765890604826,0.8146339914352004,0.8153712597965834,0.8161266193563099,0.8169403153199144,0.8182582101589034,0.8206586882943493,0.8237727307206183,0.8262201531330423,0.8275642825628277,0.8356226984553872,0.8415059891105687,0.8479475310460801,0.8546876618341068,0.8560479265153361,0.857008501484349,0.8557996232258571,0.8542569899543396,0.8521925974309265,0.8496112490331406,0.8471033273932205,0.8448351574072918,0.8431831695261486,0.84220948012382,0.8419316413567546,0.8425390779946433,0.844108016021418,0.846780441626269,0.8510022342232474,0.8578958681200264,0.868476659751799,0.8769073048440064,0.8906409399734001,0.9060018205884357,0.911269017054525,0.9139038003587904,0.916845571494539,0.9195431039642401,0.9210133247491294,0.9209299564698524,0.918915197189794,0.916261749717964,0.9143296638975332,0.913060567430118,0.9121855007238059,0.9153950182411946,0.9159279746405271,0.915967166918024,0.9165773911113669,0.9181349750832298,0.921652707044571,0.9272483566663526,0.935064597134986,0.9446373447794387,0.9559885354505824,0.9647477874872821,0.9474181367312527,0.9179606402311149,0.9358946904073872,0.939234071660216,0.9446202178938181,0.9558476977966026,0.9582930814615631,0.9596851853622059,0.9689530758508034,0.9778547831294986,0.9834786224082203,0.9882320374293936,0.9918216432444096,0.9945688673321574,0.9965732921918068,0.9980338924644934,0.9989756321325409,0.999511676916919,0.9998479355463853,1.0,0.9998736732169566,0.999665575468485,0.9993852346447016,0.9990912657018685,0.9988396938400474,0.9987282633837957,0.9987466805940881,0.9987722893778163,0.9988903557440555,0.9990911480736432,0.9992566530017631,0.9993386762534687,0.9993193824431542,0.9991840040459367,0.9990973799202357,0.998865529275615,0.9982929056140769,0.9975333531291946,0.9961460827248061,0.9936595800066599,0.9834901277787059,0.9636849880208646,0.8689705030678532,0.8812286262771938,0.8985282811016486,0.9098234137422008,0.9164300903676584,0.921111342468149,0.9233933636672241,0.9254883626125924,0.931453147371968,0.9352318922426524,0.9358975074256826,0.9362012432955891,0.9365690904931551,0.9381774561323142,0.9400486481129187,0.9423985401832293,0.9449099036003665,0.9478109618463213,0.9505836640051365,0.9531937341838578,0.9558609587038646,0.9587127556514599,0.9615042277868112,0.9645143055524,0.9672619309442316,0.9702547368908016,0.9728340413562492,0.9745852748271452,0.9757372586155866,0.9757431228378737,0.97442414698848,0.9719111096239009,0.9682586312640922,0.963966115622106,0.9611671724022601,0.959325482716689,0.9566088203540314,0.9534817436137217,0.9508041963055622,0.9545376651272556,0.952509163218431,0.9483477775165617,0.9449904844131313,0.9399898486812202,0.9356347786557978,0.9318828759368677,0.9301591387941828,0.9263385235460943,0.9214597198897461,0.9180112325960518,0.9112785369642327,0.904376573932118,0.9020404223087438
132,0.19572348775900708,0.17919074946374247,0.17492588389503633,0.1625233955841844,0.148997580968664,0.13650900264389457,0.12744182827909725,0.11739495010467037,0.10445562085266782,0.08663154392384052,0.07141953645318368,0.06904911199804059,0.09196815910340028,0.13066847893262032,0.15662693519567206,0.16762826872574857,0.16423827702202629,0.1370472961989408,0.12001109032280356,0.16259471649159535,0.27034521312501264,0.3704433947515252,0.38788963249782243,0.4109068428278413,0.439117646553225,0.45074125194596887,0.48104145151687083,0.5075110687120999,0.5308899880178495,0.5132976056422317,0.5257365387584562,0.5603408569677677,0.6758074415831818,0.8568660506620387,0.9319232743340493,0.9128430530404559,0.8691019901393945,0.8349963271034365,0.8166873660147419,0.8115609419804001,0.8098994948854412,0.8098223438146911,0.8111944434206291,0.8125199018171448,0.814090824818258,0.8170468107929948,0.8184383147962436,0.8189672893453,0.8193597306338868,0.8201229836727875,0.8209018860723665,0.8217378456169533,0.8230681007159159,0.8254645739406439,0.8285656317788812,0.831006237679666,0.8323552833275216,0.8403276363972338,0.8461480952211181,0.8525096228650978,0.8591605140452856,0.860515323516494,0.8614826463906604,0.860315928567881,0.8588196026141971,0.8568099192912674,0.854287974633414,0.8518394606488822,0.8496231424652803,0.8480147925411156,0.8470724845749807,0.8468135935997817,0.8474286849639304,0.8489888278409006,0.8516357924182302,0.8558108164646376,0.862621232749752,0.8730589010773232,0.8813615900374187,0.8948490008906393,0.9099155689030052,0.9150756191021024,0.9176695580909578,0.9205604146400217,0.9232131569286129,0.9246668577876922,0.924604017769775,0.9226524622657383,0.9200731847114547,0.9182027445592658,0.9169765877216695,0.9160950096686349,0.9192824035042235,0.9198701164901919,0.9199453759079126,0.9205253712542044,0.922023682897667,0.9254528930235842,0.9309274246769732,0.9385674535225681,0.9479038049161763,0.9589834483018007,0.9675193976287073,0.9500084175640917,0.9166713947851521,0.9340921037842107,0.9371213157965148,0.9422444686120196,0.9531995575790223,0.9556216163778021,0.9572110839929224,0.9665722042693443,0.9756123632211682,0.9814761136262365,0.9864744822369304,0.9903300461446586,0.9933337727153221,0.995569943185551,0.9972444288791414,0.9983867956106514,0.9991203131060352,0.9996215359489175,0.9998736732169566,1.0,0.9998833699577986,0.9997087246730966,0.9995105801973149,0.9993313667866087,0.9992391882206659,0.9992419680551954,0.9992575885533646,0.9993409652622234,0.999471265594304,0.99954710321899,0.9995256686482337,0.9994005392711075,0.9991996690269429,0.9990718252303831,0.998736769838146,0.998054151464979,0.9972377793539432,0.9958451691504552,0.9933826989333061,0.9833715320557098,0.9636748666502384,0.8637244592969591,0.8761092892308852,0.8936681548004428,0.9050613610083481,0.9117934096279979,0.9165968564614075,0.9190323030140152,0.9213516139597776,0.9272917383410664,0.9310474679603992,0.9316766022007525,0.9319937174510358,0.9323675264792983,0.9340056365889883,0.9359051395449092,0.9383306487379263,0.9409178127685851,0.9439219054851504,0.9468046449180635,0.9495134576732842,0.9522906339124177,0.955271015004419,0.9581843968298749,0.9613390448340045,0.9642226420918923,0.9673714142196721,0.9701160305103562,0.9719790779448343,0.9731840805320866,0.9732008141178119,0.9717933653617521,0.9691201362651554,0.9652907296049374,0.9608016067665178,0.9578831949064472,0.9559805054412578,0.9531824373879438,0.9499440514608556,0.9472805844459412,0.9510504720148422,0.948964915250847,0.9446816540238168,0.9411873507143951,0.9360548133819642,0.9315397264465719,0.9276866958422494,0.9259034381056207,0.9219814123640604,0.9170262882964181,0.9134380175245387,0.906612087510496,0.899572229526459,0.8970705441678414
133,0.19830523797962338,0.16914577486635188,0.16465389500334615,0.1521347254614496,0.13847948805943674,0.1258810633288461,0.11675739330390321,0.10666602259461508,0.09368756073005513,0.07581623079798089,0.06055607550613585,0.05816461574877216,0.08113992105807698,0.11998739892533888,0.14607192192200688,0.15711626431702422,0.1536880378629844,0.12632862380922832,0.10913483582929581,0.15170523443357462,0.25967302462381187,0.3601176126879819,0.3776018349279384,0.4007007606243793,0.42904407668022426,0.4406970748566715,0.4711507580399265,0.4977613667549488,0.5212867191349578,0.5036043644327909,0.51610651873044,0.5509666638949653,0.6675654077348113,0.8517306473130873,0.930553725586915,0.9141925172230487,0.8721186531585275,0.8388527019681805,0.8209309872845032,0.8159346321067802,0.8143481190848225,0.814308624207058,0.8157035713708867,0.817047225004514,0.8186371418127192,0.8215874359887831,0.8230065582887768,0.8235771508868492,0.8240066891004952,0.8247972848532718,0.8256017504853522,0.8264622400826817,0.8278060294857924,0.830197016062073,0.8332812871365417,0.8357105818614889,0.8370719939530058,0.8449320913052527,0.8506824952130811,0.8569675249328504,0.8635431160830986,0.8649085757307183,0.8658867738463246,0.8647673999208467,0.8633192830380989,0.8613652499851987,0.8589028881981494,0.8565117618703929,0.8543475480893993,0.8527810437135787,0.8518698997418703,0.851630965651664,0.852253655777829,0.8538042866646303,0.8564259871375044,0.8605470193357229,0.8672519037697493,0.8774990839653019,0.8856833461322223,0.8989336526344128,0.9137102762265802,0.9187884601620854,0.9213484788720612,0.9241872362465855,0.9267945632971489,0.9282283969054214,0.9281844161170154,0.9262963589752286,0.9237909303768903,0.921977648509582,0.9207943966849337,0.9199538443078317,0.9230323992414596,0.9236293148004416,0.9237049817724317,0.9242983156917217,0.9257898903618043,0.9291560434281056,0.9345070182469173,0.9419508804336832,0.9510245589511992,0.9617167205480766,0.9698453279686893,0.9513394302482192,0.9139546363954772,0.9310207383941743,0.933819899024199,0.938808336137202,0.9497860021143534,0.9522514440738993,0.9539606566953989,0.9635915436868185,0.9729879254956645,0.9791687560241765,0.9844901080852215,0.9886411194057483,0.9919192110254023,0.9944036915709108,0.996312440521654,0.9976586196262919,0.9985617709715793,0.9992465593297729,0.999665575468485,0.9998833699577987,1.0,0.9999039058005414,0.9997953933624568,0.9996803712753699,0.999615166441418,0.999605830554945,0.9996052223796402,0.9996464085447951,0.9996921475054952,0.9996633022940249,0.9995140553741508,0.9992562911119854,0.9989529473201865,0.9987603849075393,0.9983042258560925,0.9974742215947201,0.9965444295748793,0.9950410199250542,0.9924715370451742,0.9822761243041567,0.9624125774521188,0.8584224444374569,0.8709784452644156,0.8887350399504332,0.9003043518919297,0.9072085902331462,0.9121507917167899,0.9146652323269745,0.9171713133526752,0.9231062941999568,0.9269274760147783,0.9275490493688382,0.9278318623418407,0.9281916312808046,0.9298727754326495,0.9318267628097207,0.9343337798125059,0.9370121518674693,0.9401219176913915,0.9431103742999356,0.9459258076001312,0.9488171346044154,0.9519215869335155,0.9549567241204664,0.9582495696708118,0.9612732968861308,0.9645823975157646,0.9674739270283176,0.9694687660173796,0.9707308744122657,0.9707614714812128,0.9692598971949572,0.9664145784676791,0.9623884922067231,0.9576866880267827,0.9546523155811245,0.9526960630955125,0.9497990172437358,0.946451602119625,0.9437980486381968,0.9475966217303144,0.945457397296641,0.9410367964843868,0.9374158989070808,0.9321253452737265,0.9274624534800187,0.9234973473906033,0.9216527847724066,0.9176302037093462,0.9125558779959291,0.9088551366590478,0.9019043303120727,0.8947108037753584,0.892088652986764
134,0.20061529860580804,0.16071511446028913,0.15608003584303679,0.14346517830343347,0.12969205770620698,0.11702782602477406,0.10785738344184967,0.09774397908880342,0.08473615693081288,0.06682486347312167,0.051522542766469025,0.04911355413560614,0.07212816896487001,0.11109518612160565,0.13727557322946035,0.1483508882958325,0.14489178092337984,0.11739413970463018,0.10007027409623234,0.14262103442241286,0.2507542170615627,0.35147791596018557,0.36898537925497693,0.3921487223852725,0.42059858136270345,0.43227869756994214,0.462847747601478,0.4895692665317389,0.5132066716514122,0.4954770203991209,0.5080348106664694,0.5431087818531536,0.6606376834649084,0.8473645104387466,0.9292951690459965,0.9151816690805732,0.8744880626543817,0.8419264664017362,0.824329370380645,0.8194373837794251,0.8179180626070077,0.817914812623856,0.819327861946499,0.8206888947589152,0.8222939951676387,0.8252399481478883,0.826682912301101,0.8272919434089482,0.8277532991386989,0.828568354840914,0.8293962625952154,0.830277040618184,0.8316337399441622,0.8340197411692634,0.837088180577093,0.8395098735756517,0.8408834647694973,0.8486392552600978,0.8543326952699379,0.8605559930535134,0.8670656084791258,0.8684461134551592,0.8694353077427585,0.8683570844011869,0.8669499631746598,0.8650411024480745,0.8626295894368381,0.8602886415871214,0.8581675882188149,0.8566366470277297,0.8557500842028187,0.8555268707281081,0.8561552438085249,0.857699406531726,0.8603001001569022,0.8643741095649426,0.8709830802376329,0.8810625580625595,0.8891520518984724,0.9022073641922252,0.9167380636235902,0.9217567905292486,0.9242876811271471,0.9270847754204936,0.9296536627682073,0.9310712773967788,0.9310432408754262,0.9292064655223716,0.9267631089668512,0.9249964510667519,0.9238464649871498,0.9230538774929701,0.9260183993039637,0.9266090732076554,0.926674773338508,0.9272886210985477,0.9287926187184249,0.9321117037363202,0.9373625341248554,0.9446367908551324,0.95348438259389,0.963829085138718,0.9715658949917632,0.9520213073538741,0.9112013133220406,0.9280204551772827,0.9306657748138152,0.9355787180004729,0.9466626842602128,0.9491849652523648,0.9509736713016739,0.9608770547093891,0.9706304183991844,0.977094749939404,0.9827053707840897,0.9871111347954554,0.9906238190098253,0.9933185103952356,0.995425678879459,0.996943884536864,0.9979794740325726,0.9988235891636417,0.9993852346447016,0.9997087246730965,0.9999039058005414,0.9999999999999999,0.9999291134039963,0.9998660934686717,0.999823499045553,0.9998069909718746,0.9997918056626612,0.9997994958304083,0.9997742998238581,0.999653379865216,0.999391640019998,0.9990192475421684,0.9986178534268213,0.9983665861062704,0.9978083697095961,0.9968429796422671,0.9957997073526447,0.9941792065129137,0.991483983274633,0.9810451421268856,0.9609557204329635,0.8539570353242899,0.8665869214344205,0.8845552030820684,0.8962769136086617,0.9033509053918984,0.9084195872007205,0.9109784072251363,0.9136264582251942,0.9195721684519038,0.9234606144426393,0.9240795846918556,0.9243284109586872,0.9246661383872024,0.9263811128620464,0.9283872956027825,0.9309629151424421,0.933724744449867,0.9369195959989636,0.939997766896165,0.942904560425743,0.9458938832966203,0.9490978023931724,0.9522372957263098,0.955651625837182,0.9587847437848308,0.9622331713803529,0.9652517951509676,0.9673580631413813,0.968668184970531,0.9687102884161225,0.9671269577226297,0.9641388476996934,0.9599317493699431,0.9550634599253197,0.9519271742324905,0.9499273644206435,0.9469615520165401,0.9435208317131586,0.9408525913622565,0.9446960299907097,0.9425113810740218,0.9379669755937982,0.9342476502615421,0.9288033065315227,0.9240219604573495,0.9199732635905548,0.918063687541173,0.9139607504231748,0.9087939811577901,0.9049843361530208,0.897931021523729,0.890618167761066,0.8878880819457116
135,0.2018823261623856,0.15426143170796353,0.14948656435850463,0.1368076756876165,0.12295811534478754,0.11022765691858166,0.10103194155774671,0.09089566810066321,0.07787394204072863,0.0599360186161164,0.044610607403733106,0.04219682675464931,0.0652412122878546,0.10428538437593193,0.13053537391088238,0.1416370936020742,0.13815609298370488,0.11057007184300324,0.09316919799669947,0.13570749500516938,0.24395883179391648,0.34487654115560645,0.36241107838716863,0.3856327323829966,0.41416069032808006,0.42585971105763964,0.45652161466679314,0.4833329725274257,0.50706566457099,0.4892493562322901,0.501845897414236,0.5370739337851986,0.6552849794262102,0.843907908253105,0.9281723256418128,0.9157627541766008,0.8761180392234647,0.8440900366541112,0.8267387612647051,0.8219358150291486,0.8204633427936228,0.8204827250019762,0.8219101106579739,0.8232841552601929,0.8249045423346015,0.8278506807972644,0.829312681270835,0.8299466477531169,0.8304324776127243,0.8312663439888089,0.8321111759807688,0.8330078702953115,0.8343752782045104,0.8367608034560461,0.8398214502700856,0.8422382400199105,0.8436183439275179,0.8513107315377721,0.8569611090041419,0.8631368599810805,0.8695969618702026,0.870981138056831,0.8719777273641857,0.8709287556847403,0.8695523299487,0.8676793820931474,0.8653060305745378,0.8630015186670414,0.860914736423569,0.859410833824192,0.8585444114133188,0.8583335217006238,0.8589692639378966,0.8605079253839052,0.8630924432740288,0.8671350376463076,0.8736847566173604,0.8836564004942992,0.8916695145625153,0.9045742172071175,0.9189209492094484,0.9238853692233808,0.9263944167218708,0.9291614560516332,0.9317023334166026,0.9331089598057289,0.9330930994397721,0.9312945850517653,0.9288979950992197,0.9271685040621502,0.9260447249651031,0.9252661559845222,0.9281837608426913,0.9287943160905665,0.9288660124024344,0.9294764591592364,0.9309667146888154,0.9342414593925682,0.9394172217850049,0.9465724203764183,0.9552638830361021,0.9653938804664269,0.9729202030137164,0.9529207213917117,0.9096384740818639,0.9261850416460136,0.928664370011889,0.9334660069351056,0.9444991182750048,0.9470325520021972,0.9489148857515615,0.9589477984858171,0.968874235317773,0.9755194707748441,0.9813156032104661,0.9859021551406962,0.9895815935180754,0.9924291511463352,0.9946798311450944,0.996325732469797,0.9974756596262809,0.9984300271021579,0.9990912657018686,0.999510580197315,0.9997953933624568,0.9999291134039964,0.9999999999999999,0.9999374237882374,0.999912804102614,0.999891321972581,0.9998709460070214,0.9998544330405413,0.9997793065090607,0.9995989875470133,0.9992637368851165,0.9988146080190977,0.9983563818242621,0.998068097540087,0.997438219670033,0.9963895597707085,0.9952845262590384,0.993618459097049,0.9908875859581915,0.9804020251110729,0.9602705192945798,0.8504713809148637,0.8631830704087529,0.8813186223703694,0.8931170739520816,0.9002916635054743,0.90544534592237,0.9080696776846373,0.9108403588369294,0.9167804132269749,0.9206879593192385,0.921288161928477,0.9215254613207515,0.9218555282713553,0.9235867967896471,0.9256189100201372,0.9282469154526641,0.9310620041461822,0.9343250409593975,0.9374758531270492,0.9404524541353456,0.9435114000794851,0.9467988978663772,0.9500163337237669,0.9535208135845253,0.956745374232182,0.9602951813414957,0.9634107653813717,0.9656032470821111,0.9669447551236312,0.9669962183063703,0.9653513178867166,0.9622559604849027,0.9579293585781037,0.952931968746735,0.9497191741000997,0.9476878829741201,0.9446643843820731,0.9411546029936072,0.9384981047212653,0.9423652336916429,0.9401445409778243,0.9355100160661386,0.9317121786024516,0.9261678937885243,0.9212941719170274,0.917177111703004,0.9152310881985879,0.9110727660403367,0.9058264396767941,0.9019554742754425,0.8948166666536767,0.8874197875859064,0.8846001367208179
136,0.20224790011570776,0.14967318479066152,0.14478341095760003,0.1320526820597646,0.11813047262174806,0.10533945773345485,0.09612312550381955,0.08597927132751108,0.07294954532421388,0.055006522250767985,0.039677574977163996,0.03725952555551744,0.0603178841200136,0.09939425654739106,0.1256774802438862,0.13679084721967738,0.13329562593007516,0.10567191150383398,0.08824408687244961,0.13077836038529644,0.23909113840192164,0.34012577367692604,0.3576923882785748,0.3809639072026693,0.409550513542555,0.42126430513749785,0.45199639961753824,0.4788725839511204,0.5026739724997582,0.4847817487685997,0.49740152831101675,0.532733958493297,0.6513974355480832,0.8412644819342389,0.9271002617514584,0.9158720679613724,0.8769588688795283,0.8453051904532628,0.8281264155253117,0.8233924141580972,0.8219487405809148,0.8219839419816672,0.8234234693329328,0.8248093638946066,0.8264403666126299,0.8293908616844741,0.8308686518162669,0.8315163987062599,0.832019969500361,0.8328670968831785,0.8337266238188974,0.8346358126795222,0.8360120235382577,0.8383981640464462,0.8414581702351548,0.8438745792133543,0.8452598581341182,0.8529187257553268,0.8585453367098743,0.8646898276408564,0.8711151984546707,0.8724994776131745,0.8735020076420946,0.8724717727493527,0.8711182890730285,0.8692702698975562,0.8669225502518572,0.8646440967530062,0.8625804388143059,0.8610963027471026,0.8602440510529528,0.8600438190632197,0.8606827126246173,0.8622202260606171,0.8647961271742086,0.8688214843244434,0.8753391508070906,0.8852545164926522,0.8932187400751392,0.9060222565194714,0.9202514303513941,0.9251750671221894,0.9276706082281863,0.9304194318296242,0.9329435129073963,0.934346922212248,0.9343425300866619,0.9325710734714784,0.9302041083142011,0.9285003739316857,0.9273962275474769,0.9266153931704124,0.9295196145790919,0.9301543606811984,0.9302420891290544,0.9308444216974467,0.9323129207664789,0.9355546669560664,0.9406817466286249,0.947765522739517,0.9563586520656021,0.9663750334497729,0.9738050052991143,0.9537087362745602,0.9088026053358018,0.9251255699113025,0.9274745855202654,0.9321550091321987,0.9430725801657475,0.9456013304003008,0.9475657489415151,0.9576482314062337,0.9676422581904129,0.9743957705403197,0.9803066477032291,0.9850130808387256,0.9888076956196232,0.9917595876872389,0.9941073725061772,0.9958415820674383,0.9970798466615078,0.9981078154870766,0.9988396938400474,0.9993313667866088,0.99968037127537,0.9998660934686717,0.9999374237882374,1.0,0.9999466733863954,0.9999256142152415,0.9999013520707226,0.9998692816739196,0.9997645025214825,0.9995474998313447,0.9991693076879306,0.9986753030380454,0.9981877032563767,0.9978778365548091,0.9972003992439359,0.9960989761154878,0.9949637830023363,0.9932914413491749,0.990563983154293,0.9801462730475063,0.9600459507731448,0.8480129149813878,0.8607726632556628,0.8790124727791738,0.8908489111906063,0.8980848922304929,0.9032950090633495,0.9059896348894294,0.9088618162057488,0.9147778084710952,0.9186785052441301,0.919259245476347,0.9194915241823098,0.9198156820897213,0.921555709771594,0.9236007687614487,0.926257635021464,0.9291112647358317,0.9324235768121011,0.9356276875703505,0.938653176134231,0.9417736305252251,0.9451210746637201,0.9483958515845585,0.9519669545636463,0.9552560361941563,0.9588808110016837,0.9620716881980355,0.9643184094710223,0.965685490469516,0.9657394868406572,0.9640539441392687,0.9608773815152362,0.9564617496886776,0.9513758463203776,0.9481040859581039,0.9460617104602482,0.9430073798953781,0.9394518561639432,0.9367900989171865,0.9406796140016271,0.9384403248829427,0.9337559778657409,0.9298872820356706,0.924281857834306,0.9193326366849898,0.9151744029368707,0.9132038015866939,0.9089887154707866,0.9037148645606642,0.8997732030235694,0.8926107331904296,0.8851229020720472,0.8822206240903521
137,0.20213122622022106,0.14834243744120368,0.14342872637800022,0.13070925913131878,0.11677354319853397,0.10396247680936455,0.09474778006024996,0.08461336495055992,0.07158067135649453,0.053653751214561805,0.03832390522298255,0.03590565014081506,0.05894816432586604,0.09799741368800723,0.12425226413697452,0.13534737304964417,0.13185352162388256,0.1042517902855142,0.08685467071640897,0.12939450728703,0.23771295381352917,0.3387753676478268,0.3563673631688665,0.37965972657080665,0.4082717966198299,0.42000462307358505,0.4507565453820394,0.4776437901118681,0.5014600793268401,0.48356148302357504,0.4961960335987109,0.5315559519399142,0.6503122189189782,0.8404173626496939,0.926569212605104,0.9155877420814099,0.8768412651343085,0.8452788974469798,0.8281472139394388,0.8234290599076267,0.8220050453507426,0.8220470198365348,0.8234961275734187,0.8248884857906801,0.8265263592024445,0.8294800281181396,0.8309659020308191,0.8316242027928475,0.8321351779121166,0.8329903466515268,0.8338565529397646,0.8347724907817644,0.8361535226609349,0.8385439072716083,0.8416065043512825,0.844025003158173,0.845416355688799,0.8530663108057234,0.8586856139673736,0.8648260418211969,0.871248571027566,0.8726426008389154,0.8736493687268848,0.872627809703695,0.8712816239053811,0.8694398919258943,0.8670990073260854,0.8648272125300622,0.8627703090077375,0.8612919867725739,0.8604432492702467,0.8602454711197809,0.8608863592892699,0.8624234764538706,0.8649998945406455,0.8690222016976512,0.8755316368269968,0.8854324794512732,0.8933914045356782,0.9061773382378019,0.9203840591957615,0.9253100401584429,0.9278091547443613,0.9305589417882696,0.9330843727569114,0.9344910898993785,0.934490900326037,0.932722798196655,0.9303577004297306,0.9286559633749978,0.9275551154583521,0.9267850492293034,0.929664204568661,0.9302978276130978,0.9303793841129182,0.9309919067610022,0.9324695316770739,0.9357113001621757,0.9408274080510609,0.9478924665205133,0.9564630970433904,0.9664345353125492,0.9738078409515197,0.953503950065316,0.9082186862856753,0.9245103400345266,0.9268272846819242,0.9315088208883171,0.9424640284881625,0.9450010903876482,0.9469736335125447,0.9571053826045782,0.9671707802348886,0.9739718595065379,0.9799339717828438,0.9846839802024547,0.9885188912569243,0.9915058110346477,0.9938885842702442,0.9956538022546153,0.9969130908115678,0.9979702903265825,0.9987282633837956,0.9992391882206659,0.9996151664414179,0.999823499045553,0.999912804102614,0.9999466733863954,1.0,0.9999468844834695,0.9999260349417908,0.9998913802165235,0.9997776851843349,0.9995517999632999,0.9991667854238073,0.9986584744370985,0.9981541916184511,0.9978234706658646,0.997124657869213,0.9959972864601742,0.9948346640070329,0.9931305319465787,0.9903740156678473,0.9798955112561579,0.9597459888852172,0.8472348244981465,0.8600539054864411,0.8783136597492354,0.8901876070380677,0.8974631823464998,0.9027050749579472,0.9054034622887385,0.9082973364459755,0.9142235890299932,0.918141081055416,0.918721212356597,0.9189384508345199,0.9192453668788081,0.9209888091259916,0.9230469260043025,0.9257165766377251,0.928593136198957,0.9319255614365062,0.9351548609613537,0.9382077243360698,0.9413561364658394,0.9447269720063377,0.9480211670780446,0.9516179003788792,0.9549284638974419,0.9585828694050416,0.9617960285649948,0.9640632690631568,0.9654384720080117,0.9655053611174264,0.963798126297872,0.9605918846315334,0.9561471217751504,0.9510218712277885,0.9477434833132733,0.945705243751472,0.942652048649583,0.9390907652416741,0.9364311306162496,0.9403029243497737,0.938067607104029,0.9333762002916014,0.9294828892627315,0.9238304570450976,0.9188594017658749,0.9146962195063226,0.9127018635414507,0.90847889054432,0.9031770439039469,0.8992154831292553,0.8920008224425987,0.884485101406143,0.881576845277496
138,0.20125543524898046,0.14950649472247476,0.14463475171518328,0.13196669835282743,0.11803086927736667,0.10524895090520445,0.0960372572067281,0.08591637779452095,0.07291051211152852,0.05499401445436899,0.039687829497240076,0.03727647141488676,0.060296334722600015,0.09929007038690044,0.1254994395841746,0.1365713801384183,0.13309438813050029,0.10555292552027709,0.08821984049536388,0.13077741134093257,0.23905584127408333,0.340061203505194,0.35766699921575895,0.38096560192298473,0.4095644397312227,0.4213065665322856,0.45204018936993023,0.47890246464484026,0.5026985473462474,0.48481078995914934,0.49743863381972087,0.5327636603264084,0.6513553193307353,0.8409505083921626,0.9264879462541781,0.9150696856835845,0.876061448454292,0.8443812333291996,0.8272013357861703,0.8224695618024797,0.8210449734449959,0.8210896848259333,0.8225424277407082,0.8239373485363386,0.8255797610889413,0.828539548655335,0.8300280956037678,0.8306861975008814,0.8311964210949601,0.8320507691583571,0.8329185152983573,0.8338351006681002,0.8352181874704918,0.8376143243707601,0.8406845004478658,0.8431085690699701,0.844501781437204,0.8521688840850393,0.8578029628170246,0.8639545361945519,0.8703922206269057,0.8717894960269067,0.8728018571641735,0.8717739989567002,0.8704233615018815,0.8685762792388921,0.8662275430262187,0.8639493540334212,0.8618862764060309,0.8604027669385816,0.8595512606135172,0.8593504319506181,0.8599930806724613,0.8615326211019516,0.8641137559011075,0.8681480291583327,0.8746757576211486,0.8846071213551884,0.8925955334876747,0.9054181787977376,0.9196746445361692,0.9246226492408686,0.9271325486338664,0.9298977963909757,0.9324359732067945,0.9338493500569331,0.9338493589823424,0.9320689564423116,0.9296856798432648,0.9279734502837766,0.9268637798214835,0.9260907210983608,0.9289751294422539,0.9296062029899501,0.9296816257108345,0.9302970942596702,0.931782471958861,0.9350391694913295,0.9401744689617558,0.947267061849606,0.9558801897963991,0.9658994062255986,0.9733176665523866,0.9530141464692616,0.9083342131446694,0.9246991596745501,0.9270635440002497,0.9317748310795764,0.9427659519989889,0.9453122813551944,0.9472526317580678,0.9573754122737979,0.9674205894969268,0.9741942240732471,0.9801291071767393,0.9848489040732226,0.9886540900058497,0.9916170488742752,0.9939790418564977,0.9957236256950441,0.9969623013939747,0.9980030910388109,0.9987466805940881,0.9992419680551954,0.9996058305549451,0.9998069909718746,0.999891321972581,0.9999256142152414,0.9999468844834695,0.9999999999999999,0.999948892488447,0.9999239360291832,0.9998245767569091,0.9996198011297811,0.9992594037834778,0.998772213331218,0.9982776591304848,0.9979397234908292,0.9972454561442591,0.9961270829843126,0.9949585081145095,0.9932476043378506,0.9904891415861246,0.9799872027951323,0.9597910491514117,0.8478989500832268,0.8606860421622621,0.8789266698246461,0.8907838085099187,0.8980552817568628,0.9032866596287361,0.9059811665193714,0.9088517403587749,0.9147832536791252,0.9187101753679398,0.9192932507157848,0.9195081551915913,0.9198133442163059,0.9215495014255913,0.9236022151779347,0.9262750104844172,0.9291464914731711,0.9324736556668181,0.9357032868641544,0.9387595136502678,0.9419057268760627,0.9452649400322558,0.9485513538001267,0.952130270856679,0.9554304868751831,0.959063094241043,0.9622601634132293,0.9645131393205877,0.9658832862646506,0.9659555322386326,0.9642658964656976,0.9610734796814027,0.956650798347316,0.9515519658947068,0.9482916861861793,0.9462779765124448,0.9432549983112998,0.9397124587016366,0.9370240020445585,0.9408838252805993,0.9386633566078026,0.9339957432154057,0.9301162485953461,0.9244575673811665,0.919506013949332,0.9153360191185114,0.913354564117197,0.9091346723565135,0.9038371507449726,0.8998805365452667,0.8926827671922402,0.8851701670373329,0.88225648173143
139,0.20106250430677872,0.1507518843276519,0.14583190834932128,0.13319135994458686,0.1192640054383142,0.10649171814815002,0.09727307285013467,0.08715244540519222,0.07414432281946517,0.05624178415005452,0.04094117651101062,0.038540500094157305,0.061566962511147634,0.10055012862867814,0.126762196042999,0.1378436700993959,0.13437666783978874,0.10686321330062568,0.08955372493169879,0.1321249317846574,0.2403951145850942,0.3413698358082014,0.35897646581618753,0.3822690084673374,0.41085391090957346,0.4225898451142063,0.4533109559144441,0.4801568122726901,0.5039397354024047,0.48604200065567993,0.49865770982724106,0.5339586759876555,0.652444089130696,0.8417155420537746,0.9268172786528799,0.9150622162290378,0.8758557561171156,0.8440841905583218,0.8268702310091737,0.8221304094451278,0.8207033524846574,0.8207431615817214,0.8221951234855841,0.8235895624116915,0.8252321610524662,0.828194463325408,0.8296778224294339,0.8303279709653673,0.8308331084416387,0.8316830014658967,0.8325453509514177,0.8334584321805767,0.8348397849572772,0.8372357011206027,0.8403085019994645,0.8427314158468647,0.844119784015294,0.8518003609861531,0.8574360492245472,0.8635911616155566,0.8700291585720048,0.8714223195710109,0.8724309765456204,0.8713971973521949,0.8700410170174621,0.8681877554996055,0.8658347519752173,0.863550084246417,0.861482358028669,0.8599944870170908,0.859140271832791,0.8589380770192937,0.8595781230612279,0.8611186542779269,0.863701172874864,0.8677408607112724,0.8742818579163916,0.8842379890273168,0.8922316393624496,0.9050662972500172,0.9193442956453624,0.9242947584296337,0.9268071212186897,0.9295785187590028,0.9321223272383035,0.9335378231021041,0.9335344470244288,0.9317428867504782,0.9293470040755376,0.9276258496998556,0.9265103189649195,0.9257227403391611,0.9286292465237085,0.9292687486193909,0.9293463465569078,0.9299516626625504,0.9314277424402866,0.9346839572039725,0.9398262618196479,0.9469351153210794,0.9555724377358015,0.9656415493221528,0.9731284141238552,0.9530001304214691,0.908786634384328,0.9251898158835548,0.9275646513982089,0.9322783733579488,0.9432183096609671,0.9457529233063945,0.9476911335351824,0.957755746846995,0.9677264233004021,0.9744535093298797,0.9803404210395317,0.9850260637699332,0.9888008552276267,0.9917365223732353,0.9940746520547298,0.9957996393824897,0.9970260847936674,0.9980486086837159,0.9987722893778163,0.9992575885533646,0.9996052223796402,0.9997918056626611,0.9998709460070214,0.9999013520707226,0.9999260349417908,0.999948892488447,1.0,0.9999440500324654,0.9998646664430446,0.9996839332951372,0.9993489062541221,0.9988866107291827,0.998406202103304,0.998062833301927,0.9973795993997238,0.9962753697091012,0.9951156790196879,0.9934238999328849,0.9906962650847129,0.9802617302278238,0.9601185637796027,0.8484901994027682,0.8612400161952325,0.8794340059493952,0.8912685885438102,0.8985075603271138,0.9037211253805373,0.9064286233447151,0.9092990018805132,0.9152389110117313,0.9191527971392843,0.9197487811376271,0.9199852736283647,0.920304292920858,0.9220480429485862,0.924093877528148,0.9267621838966967,0.9296313171161448,0.9329553917809728,0.9361757663455765,0.9392218784145289,0.942360697279985,0.9457093003462714,0.9489790497856337,0.9525357018618821,0.9558160000824508,0.9594229060804008,0.9625984333040072,0.9648321776043295,0.9661958256683844,0.9662774375442182,0.9646071417823565,0.9614450592635171,0.9570635782046509,0.9520018607132631,0.9487574592103533,0.9467596209687594,0.943755779973293,0.9402216193201038,0.9375356439285161,0.9413694502863482,0.9391543848374319,0.9345109881797001,0.9306330959059025,0.92498640493573,0.9200430155958854,0.9158962480470788,0.9139132944466527,0.9097045346392864,0.9044165046045594,0.9004698475683878,0.893289056077195,0.8858053005217975,0.8828956143939974
140,0.20041524806595523,0.15365876419373578,0.14881374361320776,0.1362120769353367,0.12231430855442367,0.1095819546784906,0.10037178828734247,0.09025498581447532,0.07725831603945249,0.059364811414771915,0.04408513261482751,0.04170344689982353,0.06472966968070203,0.10369828303132085,0.12989971055494792,0.14099013484464326,0.13754768577782142,0.11007345130174033,0.09279991023077597,0.13537568954802276,0.24360417085819375,0.34448898565061525,0.3620809566450331,0.3853486985237675,0.4138971785550507,0.4256211229686729,0.45630213125986935,0.4831116370522108,0.5068551420496933,0.48898513015880024,0.5015802833083189,0.5368104886520931,0.6549950429241845,0.8434125529267745,0.9274448093497099,0.9149008136333845,0.8752061292277679,0.8431951522807739,0.8258713546983275,0.8210921609063138,0.8196402845090596,0.8196683516848301,0.8211113185614589,0.82249846569524,0.824130215030202,0.8270924335852456,0.8285637500352675,0.8291951505403741,0.8296879480804848,0.8305255037436222,0.8313774507576188,0.8322805148784155,0.8336538676773129,0.8360502728326681,0.8391256066315068,0.8415486205411815,0.8429308371463924,0.850642566899835,0.8562882789599755,0.8624580228983668,0.8689119899286625,0.8703046963983784,0.8713067950381712,0.8702558195421666,0.8688848278362512,0.8670153447692687,0.8646430324430294,0.8623422338060543,0.8602576410929798,0.8587574568863902,0.8578940920892736,0.8576847732362413,0.8583211450923208,0.8598625552535061,0.8624506053336066,0.8665054403726349,0.8730813953674129,0.883086341055359,0.89111086927136,0.9040084891303194,0.9183617491288275,0.923340252058524,0.9258629194464982,0.9286516055718174,0.9312094078449545,0.9326286980382604,0.932615780928235,0.9308002605159014,0.9283790728691107,0.9266382762685527,0.9255078462251648,0.9247002867313205,0.9276430925632275,0.9282805867740221,0.928357526316103,0.9289557820667231,0.9304298614004243,0.9336978263235736,0.9388727536026875,0.9460341953263844,0.9547446070569905,0.964927452587866,0.9725492219622107,0.9527534420202601,0.9097106718442057,0.926189911515923,0.9286305293901308,0.9333514516411809,0.9442745658999722,0.9467883716553859,0.9486948352491563,0.9586713611860359,0.968525382963966,0.9751568448462182,0.9809486520707572,0.9855481082884858,0.9892474544690367,0.9921138691398975,0.9943903522264644,0.9960596223254704,0.997242482189698,0.9982144693348554,0.9988903557440555,0.9993409652622234,0.999646408544795,0.9997994958304084,0.9998544330405413,0.9998692816739196,0.9998913802165234,0.9999239360291832,0.9999440500324653,0.9999999999999999,0.9999191567661991,0.9997827677172041,0.9994940786855265,0.9990733765342519,0.9986179735370492,0.9982868601260025,0.9976303756876072,0.9965671202620928,0.9954342707757714,0.9937714609157576,0.9910867079407473,0.9807354994480458,0.9606723243539946,0.8500305016046689,0.8627299107235693,0.8808714985865462,0.8926507532348308,0.8998328210777531,0.9050162923494186,0.9077086359749045,0.9105177083132692,0.9164874658201579,0.9203989535771222,0.9210100124511115,0.921265966308007,0.9216086511219839,0.9233420228888886,0.9253895364007639,0.9280393814080573,0.9308873002310929,0.9341880490013655,0.9373811386828093,0.9403977044686467,0.9435059533962863,0.9468195130363194,0.9500464849207022,0.9535663944798917,0.9567986252038949,0.9603584597152741,0.9634879222542504,0.9656845574408143,0.9670382393941904,0.9671274537921727,0.9654995701473243,0.9623955981441795,0.9580896502461079,0.9530958500329382,0.9498961752019585,0.9479230574996909,0.9449473685194587,0.9414523964715701,0.938747203828055,0.9425583828818365,0.9403680787790477,0.9357608891564615,0.9319097645111992,0.9263020027677124,0.9213999583570546,0.917269202293908,0.9152945537059088,0.9111206571707504,0.9058561241259301,0.9019478347247329,0.8947863132915447,0.8873418254572978,0.8844847002151384
141,0.19847700735119214,0.15956867926874702,0.15482877833568856,0.14230224736188585,0.128481553943977,0.11579873102972642,0.10662113735188512,0.09652958869287619,0.08355745188924799,0.06571500743772174,0.0504783747464117,0.0481147696200859,0.07112259770885732,0.11000323308659321,0.13614445243690382,0.1472177955272129,0.1438168994959896,0.1164626661273546,0.09930265404817326,0.1418907829300701,0.2499820643139784,0.35065160779009646,0.36822559917371134,0.39145120179470894,0.41993002380450717,0.43164570734699004,0.4622448330149247,0.48897412113526956,0.5126428165231764,0.4948025454793573,0.5073649969064542,0.5424407724840125,0.6599326154999208,0.8464337475924136,0.9281569458082357,0.9139590135390733,0.8732523299676803,0.8407315418668171,0.8231694614321684,0.8183097955688095,0.8168056268225994,0.8168127672888394,0.8182407924697498,0.8196158417189032,0.8212377668840646,0.8242049773320078,0.8256565186420258,0.8262595526122952,0.8267273713814753,0.8275477410995651,0.8283820909989034,0.8292693879560664,0.830635136782931,0.8330393198299237,0.836128690574351,0.8385589924700693,0.8399334272674817,0.8477264938666844,0.8534064321979156,0.8596220687180625,0.8661210237747663,0.8675102803121626,0.8685045544627501,0.8674223850953937,0.8660207384142684,0.8641181488436348,0.8617093106049788,0.8593710203605194,0.857254203069073,0.8557290085265632,0.854846503969148,0.8546255999845622,0.8552577111620976,0.8568078394461051,0.8594139901958512,0.8635088300265253,0.870163674572191,0.8802924869373558,0.8883950252737134,0.9014396140327714,0.9159847031122731,0.9210208010053632,0.9235687339472868,0.9263961008641863,0.9289872720170804,0.9304220001394351,0.9303959125547658,0.9285369597400802,0.9260642649696778,0.9242855198651786,0.9231287105028049,0.9222796907291697,0.9253073778045362,0.925954212750155,0.9260371679377593,0.9266200033573843,0.9280899196719123,0.9313950593530692,0.9366488254814119,0.9439386594225466,0.9528246799460128,0.9632732671952495,0.9712041617716318,0.9521482436987724,0.9116298489803173,0.9283189335658423,0.9308724688339017,0.9356393713502206,0.9464922276869117,0.948972945409725,0.9508155823785368,0.960589622526361,0.9701886377272986,0.9766151844096427,0.9821976866045475,0.9866153391703971,0.9901502979870013,0.992869633108525,0.9950065432320212,0.9965582945000091,0.9976521379311233,0.9985130865435439,0.9990911480736432,0.9994712655943041,0.9996921475054952,0.9997742998238581,0.9997793065090608,0.9997645025214826,0.9997776851843349,0.9998245767569091,0.9998646664430447,0.9999191567661991,0.9999999999999999,0.9998991325347584,0.9997021017785577,0.9993716907526219,0.9989803594275911,0.9986835729017753,0.9980961814183353,0.9971272045542436,0.9960664416451338,0.9944814992907034,0.9918937470098818,0.9817270672106276,0.9618160769302446,0.853203992945697,0.8658317602654442,0.8838524057661447,0.8955202081910926,0.9025923503343373,0.9076935550058761,0.91036845087163,0.9130678985539326,0.9190572845600261,0.9229214990457464,0.9235362427214611,0.9238197396909444,0.9241733825601728,0.9258831746016718,0.927897722675259,0.9305054781423656,0.9333060144307126,0.9365520798201519,0.9396874124286764,0.9426487304312078,0.9456965647600227,0.9489413786820244,0.9520967004987821,0.9555387806048509,0.9586942992321879,0.9621530874077214,0.9651980911349435,0.9673179870378865,0.9686493128255066,0.9687424893798048,0.9671838395665843,0.9641855162084639,0.9600106969379361,0.9551476053817994,0.9520312807880181,0.9500932230201284,0.9471911599961244,0.9437611197679232,0.9410638702017969,0.9448371859535675,0.9426793397949697,0.9381654761838834,0.9343716599850037,0.928857610840383,0.9240181771529333,0.9199369185324094,0.9180036355272799,0.913874299341213,0.9086782410947151,0.9048409901018086,0.8977394660554222,0.8903763979925469,0.8876059751659993
142,0.19546386654129416,0.16704079577052386,0.1624935386594716,0.15006385391485025,0.1363083965843561,0.1237020088958568,0.11456761705208429,0.10451224633447723,0.09158588072901183,0.07380352031542917,0.058622431622386964,0.056282850227099106,0.07922577183169839,0.1179482363396606,0.14397208838067033,0.1549967958107484,0.1516334499869427,0.1244573637253426,0.1074708495449819,0.15008387765444323,0.25799070531551477,0.35836700148026285,0.3759411703401253,0.39912453482628396,0.4275098683397729,0.4392227477102977,0.46972652070855564,0.49635847086272644,0.5199299890813335,0.5021115085687957,0.5146273708728752,0.5495028099666085,0.6660775531971683,0.8500439262302804,0.9287525418930876,0.912424732668001,0.870424829603777,0.8372532259525891,0.8193925587680814,0.8144336622541064,0.8128712055416717,0.8128463607214487,0.8142627154325875,0.8156237841146461,0.8172358814523425,0.8202113331762356,0.8216433696253637,0.8222110808110632,0.8226522215498845,0.8234528945409468,0.824266744697752,0.8251381005671442,0.826496173970621,0.8289105849077416,0.832020476649932,0.834461871119745,0.8358286565990536,0.8437262321244469,0.849460289815769,0.855734584497887,0.8622973943372916,0.863681184525769,0.8646682813262389,0.8635472080363682,0.8621083294918817,0.860161941472556,0.8577040856692707,0.8553204320504347,0.8531615767680918,0.8516027368773904,0.8506978391138652,0.8504612152897688,0.8510887961231652,0.8526480300489773,0.8552788778508504,0.8594252636668439,0.8661828812724951,0.8764744454566934,0.8846797967082386,0.8979194276848227,0.9127124514001858,0.9178241903945542,0.920405719779555,0.9232843790745123,0.9259206904106839,0.9273764630900746,0.9273362514653807,0.9254205951224129,0.922882574852766,0.9210553961442586,0.9198632359979227,0.9189692605849509,0.9220985420006331,0.9227637264562902,0.9228536273984054,0.9234235794329335,0.9248875810395184,0.9282446665817394,0.9336031303227859,0.9410621701248236,0.9501781897663274,0.9609760449286879,0.969304466360663,0.9512508574939516,0.9141549693163348,0.9310203540672932,0.9337100341941633,0.9385198239125477,0.9492624173715399,0.9516950212334434,0.953463354154013,0.9629778047895231,0.9722359178920171,0.978394670793356,0.9837129992636928,0.9878959698260429,0.991219626379762,0.9937478628852752,0.9957080575135085,0.9971067183782226,0.9980829506140878,0.9988031662633553,0.9992566530017631,0.9995471032189901,0.9996633022940249,0.999653379865216,0.9995989875470133,0.9995474998313446,0.9995517999632999,0.9996198011297811,0.999683933295137,0.9997827677172041,0.9998991325347585,0.9999999999999999,0.9998747952277738,0.9996588466248242,0.999355904212944,0.99910596528894,0.9986088103010338,0.9977621853638221,0.9967965948267223,0.9953171427038817,0.9928579395370243,0.9829387485060009,0.9632705939516345,0.8572713547193151,0.8698303226639665,0.8876792364120804,0.8991925802343159,0.9061141965481957,0.911112836179165,0.9137664506242799,0.9163504047132458,0.922327672160685,0.9261098474404431,0.926727838727826,0.9270330311474371,0.927393931364198,0.9290697764214666,0.9310340327886127,0.9335769221544553,0.9363139176043308,0.9394878519276305,0.9425565720551129,0.9454449507548165,0.9484211617561346,0.9515854364680127,0.9546520308467169,0.9579951252901161,0.961055304998193,0.9643939413442537,0.9673284614732384,0.969357935395775,0.9706572584084655,0.9707476152360294,0.9692654848742254,0.9663903568229545,0.962370260485277,0.9576650293011846,0.9546471090914349,0.9527712920443138,0.9499586299565175,0.9466211186459418,0.9438972695058453,0.9476379390369218,0.9455482536687364,0.9411438480063229,0.93742427198812,0.9320358179481396,0.9272806514837201,0.9232930633619857,0.9214030574905444,0.9173476947109381,0.9122273038912675,0.9084612789967518,0.9014584842002131,0.8941907094949251,0.8915135285418986
143,0.19172331264524214,0.17621071801800123,0.17186103418430324,0.15957866062051684,0.14593239849186496,0.13341135514128427,0.12431545669361782,0.1143234186381462,0.10146008448543267,0.08375361330445431,0.06864412257637112,0.06632414535510883,0.08917927815092257,0.12767627172569448,0.15351894416202,0.16446509584586635,0.16114212652546883,0.13418841336463866,0.11743610441315433,0.16007409371644477,0.26772337294675985,0.3677181004013784,0.385294460409888,0.4084341841299043,0.43670605349706826,0.44841343004887246,0.47879240949846263,0.5053001066368482,0.5287466419071631,0.5109590901633846,0.5234225308050756,0.5580393181466947,0.6734608218609407,0.8542375401916767,0.9292000678363824,0.9102351460294027,0.8666424901669785,0.8326731061911838,0.8144519418215952,0.8093798421317553,0.8077500152584796,0.8076925638540238,0.8090945357437157,0.8104462849651154,0.8120493037728348,0.8150411841333048,0.8164546526324723,0.8169867152582188,0.8173996380750945,0.8181796911644678,0.8189761164934867,0.8198320060917157,0.8211838987557053,0.8236142490962597,0.8267543979046125,0.8292141654601558,0.8305747595167079,0.8386057330725647,0.8444153186071557,0.8507701931544086,0.8574124075777196,0.8587889034607301,0.859768396112476,0.8586027065476627,0.8571204218979174,0.8551241560527125,0.8526089031798062,0.8501697011930248,0.8479615895800475,0.8463646579081895,0.8454328012181436,0.8451792552527048,0.8458034094884885,0.8473757725160462,0.8500380539339487,0.8542482993182451,0.8611320819876126,0.8716404659904562,0.8799693600191135,0.8934542235056493,0.908549962183765,0.9137475761640347,0.9163711234954672,0.9193138949165794,0.9220051547408054,0.923489882319313,0.9234370278585715,0.9214574085644673,0.9188390199234896,0.9169553827115446,0.9157244547385203,0.9147749361930474,0.9180356293559764,0.9187183064884513,0.9188278451273433,0.9193711533281839,0.9208300315580388,0.9242473026693626,0.9297365131767136,0.9374072417080972,0.9468096287881469,0.9580467112071741,0.9668763749682083,0.9501287536990243,0.917169564580508,0.9343043549902131,0.9371441828946556,0.9420150805727722,0.9525937414304587,0.9549566851148115,0.956646370221398,0.9658216630478705,0.9746443226731395,0.9804754984251687,0.98545824860609,0.9893570356590872,0.9924179524208878,0.9947107125917534,0.9964504039280908,0.9976598861209338,0.9984938717102958,0.9990401549481301,0.9993386762534688,0.9995256686482338,0.9995140553741508,0.999391640019998,0.9992637368851165,0.9991693076879306,0.9991667854238073,0.9992594037834777,0.9993489062541221,0.9994940786855266,0.9997021017785577,0.9998747952277737,1.0,0.9998680823889099,0.9996822034471703,0.9994937673033524,0.9991108485345171,0.9984181157532002,0.9975764348861326,0.9962400577909674,0.9939487597911779,0.9843682806776349,0.9649612664347764,0.8621654732884059,0.8745790114093102,0.8922588398298363,0.9035692819095468,0.9103183383533414,0.9151934481785353,0.9178227862185048,0.9202321411438319,0.9262007652515952,0.9298827208766737,0.9304810671914762,0.9308098863696159,0.9311651491970362,0.9327827285719091,0.934678110385272,0.9371414163469065,0.9397930974040175,0.9428864931227644,0.9458697505776342,0.9486729691897704,0.9515635648059596,0.9546266155257138,0.9575942005798275,0.9608184701492244,0.9637693806580456,0.9669661392694182,0.9697858590871093,0.9716964844156268,0.9729465405380711,0.9730350873968397,0.9716362249158542,0.968896205424648,0.9650604732633505,0.9605282242746327,0.9576298977414552,0.9558332979197275,0.9531321385770861,0.9499003166603845,0.9471927565027967,0.9508656533564578,0.9488396274992462,0.9445868143634878,0.940973194445205,0.9357229224218818,0.931104864029229,0.9272078185910734,0.9253832682067503,0.9214297719537083,0.9164162273436067,0.9127423697223843,0.905826269202414,0.8986837576220171,0.8960955795832419
144,0.1882861100315026,0.1855370456805076,0.1813808784352406,0.1692281482607953,0.15568253193862872,0.14323280105253558,0.1341855388041349,0.12423542036294016,0.11141851563381326,0.09379465067160904,0.07873538295153945,0.07643332277381973,0.09919653757068603,0.13747264642435286,0.1631329640987115,0.17400063023062862,0.17071016094969096,0.14397423597681663,0.12743378955176385,0.1700969158966849,0.27748992665455385,0.377109400210989,0.3946823654239072,0.4177662628544652,0.44591743015073915,0.45761128187522393,0.487854872875005,0.5142368324618988,0.5375539619719764,0.5198055137988181,0.5322144618844715,0.5665642085942157,0.6808334211493461,0.8584602774584071,0.9297156032411135,0.9081409925019683,0.8629705888463377,0.828208207574268,0.8096269038842213,0.8044470205674343,0.8027486688421674,0.8026539075187455,0.8040427413595058,0.805381252667308,0.8069739415963008,0.8099827725006135,0.8113755747872973,0.8118683107622703,0.8122498618675602,0.8130093260666287,0.8137851141765633,0.8146233485134041,0.8159683106334198,0.8184102517462807,0.8215781570283593,0.8240534566335488,0.8254045119037088,0.8335661636908831,0.8394495664005927,0.8458824497770413,0.8525980804417492,0.8539601047073715,0.8549340647823079,0.8537216052408141,0.8521953149589447,0.8501491228310308,0.8475783279800431,0.8450863077985161,0.8428281301322839,0.84119372684861,0.8402358015541334,0.83996542832487,0.8405855570166803,0.8421707387370142,0.8448623641510841,0.8491334089220569,0.8561381948032369,0.8668605360083577,0.8753076848483905,0.8890254751197639,0.9044137995233426,0.9096865692832957,0.9123478283670388,0.9153479017888292,0.9180933380301409,0.9196024646256165,0.919537891326856,0.9174979435914493,0.9148058684306247,0.9128673767805899,0.9115979882778182,0.9105883367012602,0.9139901699364106,0.9146920731218018,0.9148227770662336,0.9153404917129285,0.9167816659103251,0.9202565953317919,0.9258708034762404,0.933749287702815,0.9434326285918126,0.9551090660498309,0.9644413083532621,0.9491234833249813,0.9202867380682787,0.9376240017780003,0.9406122879418651,0.9455168010483447,0.9558999630529101,0.958192642404819,0.9598042309399625,0.9686278155010337,0.9769978914921051,0.9824911245897989,0.9871344614424054,0.9907414186535968,0.9935364162164018,0.9955886989335527,0.9971037873417972,0.9981210041429138,0.9988145666681141,0.9991814625983961,0.9993193824431542,0.9994005392711076,0.9992562911119856,0.9990192475421685,0.9988146080190977,0.9986753030380454,0.9986584744370985,0.998772213331218,0.9988866107291828,0.9990733765342519,0.9993716907526219,0.9996588466248242,0.9998680823889099,1.0,0.9998781955360506,0.9997544341994642,0.9994887367886709,0.9989587776829641,0.9982473976079892,0.997064941429175,0.9949530115101893,0.9857407651489261,0.966662371027508,0.8669911903804924,0.8792759242524831,0.8967430118258689,0.907861668796092,0.9144232281260882,0.9191592470658162,0.921756425112756,0.9240406639175737,0.929971365032028,0.9335424538403813,0.9341290624840025,0.9344909315999074,0.9348546828742098,0.9364171798279045,0.9382459425317425,0.9406231687374469,0.9431908027298298,0.9461886476253376,0.9490831626613645,0.9517997601922032,0.9545943582738922,0.9575574274885054,0.9604207374335967,0.9635185052139023,0.9663506366798257,0.9694004633415148,0.972090572765356,0.9738872327372825,0.9750873672548512,0.975165672713124,0.9738503767702897,0.9712469417360017,0.9676016340779334,0.9632638925800437,0.9604759262520852,0.9587476771022457,0.9561593254717148,0.9530380334835442,0.9503211557448967,0.9539460640378905,0.9519961869420628,0.9478990848651264,0.9443794550959759,0.9392932732708421,0.9347991145857037,0.930999586564498,0.9292403739717366,0.9253904726044228,0.9204894343147277,0.9169003875336266,0.910097392342573,0.9031018683043446,0.9006090307142266
145,0.18520123956903695,0.19242251038031064,0.18837525792575044,0.1763231962613712,0.1628395035415767,0.150417422129569,0.14141908211640714,0.13152406435311653,0.11876769614806253,0.10121183068205289,0.08620515525664743,0.08389992812560218,0.10654595169624137,0.14456417010457798,0.170021665438598,0.18079707404799578,0.17751994893600712,0.1509929481222032,0.1346894561848942,0.17738102503347047,0.28455170238643784,0.3838608745587311,0.40146508350545745,0.42453883670621173,0.4526025936751938,0.46430892555872566,0.49447816277427104,0.5207867434591722,0.5440265042228742,0.526236535533082,0.5386150903874195,0.5727502104203536,0.6860607010710152,0.8611190193884434,0.929450476759115,0.9058674622672358,0.8594943403141747,0.8241284550069659,0.8052788658933304,0.8000315080866113,0.7982827930862895,0.7981610911494734,0.7995455604557729,0.8008817226944417,0.8024738285764127,0.8055046124266265,0.8068882474857485,0.807357499063352,0.8077236487988132,0.8084749636932744,0.8092417370838496,0.8100729465379034,0.8114184023582457,0.8138769296069471,0.8170722469609529,0.8195665314375252,0.820914968903066,0.8291926107909278,0.8351469020494129,0.8416497247184277,0.8484252114172435,0.8497725159736956,0.8507413810687955,0.8494980528552233,0.8479403121267993,0.8458588215107832,0.8432466874691089,0.8407163799826554,0.8384222816218503,0.8367621045173764,0.8357871142259139,0.8355081529360173,0.836128155240178,0.8377267406452158,0.840446007708235,0.8447716737280777,0.8518795018477507,0.8627887354970406,0.871331193184716,0.8852410710795158,0.9008627960616502,0.9061881997254221,0.9088774118121368,0.9119230607951487,0.9147116951888484,0.9162460797502446,0.9161757849605306,0.9140939548240353,0.9113504775733255,0.9093765226291719,0.9080846625977255,0.9070186247143299,0.9105599303271101,0.9112998346507956,0.9114680757933199,0.911952963609046,0.9133672864442114,0.9168834969813255,0.9226066297585891,0.9306674729811698,0.940593354539857,0.952672504070129,0.9624973091775114,0.9487304305976878,0.9234195004817155,0.9408110284048152,0.943846709440174,0.9487057154440256,0.9587589503340941,0.9609572427283899,0.9625534239873915,0.970995881632406,0.9788878416635562,0.9840733059364313,0.9884075420634441,0.9917685992669997,0.994341930080258,0.9961917675719563,0.9975165256879105,0.9983735547920171,0.998966098061664,0.9991809450611542,0.9991840040459367,0.999199669026943,0.9989529473201865,0.9986178534268213,0.9983563818242622,0.9981877032563768,0.9981541916184511,0.9982776591304848,0.998406202103304,0.9986179735370493,0.9989803594275911,0.999355904212944,0.9996822034471705,0.9998781955360506,1.0,0.9998928107414221,0.9997344725876022,0.9993588577640199,0.9987923257979283,0.9977917277646499,0.9959012312602544,0.9871732673638192,0.9685289331389104,0.8707566097980478,0.8829564627078399,0.900286645828724,0.9112091204720845,0.9175935328915055,0.9222198910449155,0.9248380612074104,0.9270056496169288,0.9328732965074352,0.9362886471970027,0.9368233691397597,0.9371969996949144,0.9375405549171872,0.9390389058328802,0.9407761374064013,0.9430754855726449,0.9455545431113936,0.9484735721746106,0.9512990988620825,0.9539397232835323,0.9566683657387505,0.9595593524913568,0.9623563141161365,0.9653647139145712,0.9681178220633355,0.9710614958835446,0.9736801897392695,0.9753840200001312,0.9765490147794468,0.9766085034053237,0.9753480471608034,0.9728170473672989,0.9693075637812094,0.9650936599717873,0.9623964141068863,0.9607240365735733,0.9582234831945173,0.9551877935118446,0.9525160657117377,0.956085770083578,0.954204223738244,0.9502348305534558,0.9468041251793515,0.9418714879206943,0.9374667116201665,0.9337731943921933,0.9320700451670005,0.9283071773160143,0.9235118409283805,0.9199851495397456,0.913270038129766,0.9063805684694237,0.9039297852583137
146,0.18301295753161495,0.19650651090196006,0.1925296880157234,0.18049297619160273,0.16703178801666035,0.15461547466625222,0.1456551447556271,0.13580077482922356,0.12309170991548475,0.10558853161259465,0.09059158251288929,0.08824891481390076,0.11076146422127625,0.14853452654488655,0.17379132836078287,0.1844551554714259,0.1811698513531313,0.15479740859614907,0.13867678197340036,0.18140114877475494,0.2884202838863673,0.38752635890677006,0.4051804539756225,0.42826219286142736,0.4562923926650553,0.4680277288918205,0.4981760446944195,0.524468997695188,0.5476739736420237,0.5298340692711743,0.542215574027181,0.5762144405210803,0.6888889322560021,0.8622626102910972,0.9287498229131825,0.9039397586316107,0.8568278864550086,0.8210791989540224,0.8020528842209809,0.7967628009534292,0.7949828851908948,0.7948506327004193,0.7962352770895015,0.7975773839406526,0.7991734976354993,0.8022265340570572,0.8036164316073312,0.8040829168703971,0.804445640039327,0.8052005908359754,0.8059709522275431,0.8068056946401899,0.8081574073063295,0.8106349480623177,0.8138554158265838,0.8163699809447041,0.8177231039897703,0.8260910645135896,0.8320926321322181,0.838648236906471,0.8454761109204129,0.8468152957637849,0.8477812296070816,0.8465153247401345,0.8449386185537943,0.8428352039108294,0.8401957902788604,0.8376391116854346,0.8353209658718869,0.8336436203369558,0.8326584621140337,0.8323743148461619,0.8329972579477228,0.8346085736873484,0.8373505068744935,0.8417162279161382,0.8489012074697313,0.8599244843670885,0.8685354911323557,0.882583151405345,0.8983734893046729,0.9037380423153099,0.906443336661577,0.9095161669624591,0.9123317969996688,0.9138798919075454,0.9138007504513723,0.9116968542722063,0.908926354635501,0.906935272219289,0.9056295821600144,0.9045399092213698,0.9081562624812243,0.9089235244336563,0.9091210859448144,0.9095922560969879,0.9110009414503094,0.9145586670218673,0.9203697124909418,0.9285643410685823,0.9386651219407874,0.9510229002479892,0.9611850516853682,0.9484712877626369,0.9256179034054774,0.9429955261330681,0.946015548466542,0.950834974943031,0.9606697855482327,0.9628037177392703,0.9643894859435784,0.9725787725060067,0.9801607597040495,0.9851443507551221,0.9892784109989111,0.9924744525191455,0.9948960052196352,0.9966093623887198,0.9978027748162305,0.9985501484943502,0.9990666643418935,0.9991792558488948,0.9990973799202358,0.9990718252303831,0.9987603849075394,0.9983665861062703,0.9980680975400869,0.9978778365548091,0.9978234706658646,0.997939723490829,0.998062833301927,0.9982868601260025,0.9986835729017753,0.9991059652889401,0.9994937673033525,0.9997544341994641,0.9998928107414222,1.0,0.999863512437954,0.9995997200182049,0.9991519441024737,0.9982881862936712,0.9965528010509446,0.9881639594687793,0.9698407812617188,0.8734588282048326,0.8855363040023064,0.9027896134988547,0.9136061212998309,0.919879600817349,0.9244370431168827,0.927051410956839,0.9291038070330094,0.9348959611889317,0.938174473157251,0.9386268900767137,0.9389671284844954,0.939245304821562,0.9406644781265674,0.9423207648984916,0.9445503146615235,0.9469543973205,0.9498158414213808,0.9525957072114019,0.955188841227657,0.9578741382018771,0.9607315569357701,0.9635027141729269,0.9664733248983487,0.9692053959215515,0.9721066116238641,0.9747002527908872,0.9763755565595704,0.9775072182406828,0.977543085447667,0.976282984613944,0.9737590092441344,0.9702868002469557,0.966124323455476,0.9634681142694121,0.9618154198120847,0.9593538049396836,0.9563566219976583,0.953710689153383,0.9573332714624373,0.9554875692180588,0.9516131204806545,0.9482600109561737,0.9434376508596575,0.9390999460828511,0.9354816696978108,0.9338303871460354,0.9301434420013974,0.9254182455092513,0.9219206539343919,0.9152418771698371,0.9084289278246818,0.9059881511256506
147,0.17957017777985576,0.204379735063755,0.20055017209334988,0.1886354161141798,0.17527576212428003,0.16293723184614936,0.15403998478272102,0.14427366206117836,0.13163795149426863,0.11421402271497944,0.09927682559954654,0.09691738820605753,0.11926711528200892,0.15670746442417516,0.18169909786741195,0.192251120445178,0.18899027468085677,0.16288697316075593,0.14704984918912717,0.18981187962093815,0.29655968019505125,0.39529450566051216,0.41298171950111207,0.4360421987114348,0.46397989823511515,0.4757463135931604,0.5057967353467856,0.5319986279552648,0.5550967372767432,0.537269898335518,0.5496295242907477,0.5833821448711517,0.6949143778595149,0.8652285759588992,0.9282309880192,0.9010183919495444,0.8524684966180768,0.8159924987016156,0.7966367453154024,0.791246456555689,0.789416325500643,0.789261900707089,0.7906460156939824,0.791981086124998,0.7935792483516789,0.7966592645603824,0.79804505840018,0.7984944553894768,0.7988453634171367,0.7995929382003458,0.8003553003283451,0.8011851009599787,0.8025414191363246,0.8050398983146779,0.8082924057411447,0.810829998922862,0.8121860529623841,0.8206771450556261,0.8267601679280052,0.8334011105448564,0.840315754576015,0.8416537002440497,0.8426188354165571,0.8413174581068381,0.8397027818554033,0.83755582056649,0.8348665007738159,0.8322636243831983,0.8299025197798062,0.8281909164942635,0.8271833110143254,0.8268883863074787,0.827512863167524,0.8291415269436989,0.8319186799092921,0.8363453717411623,0.8436419072485587,0.8548499934294033,0.8635879594459911,0.8778810100681432,0.8939633793728609,0.8994142288245875,0.9021599954680118,0.9052887325103406,0.9081545993311009,0.9097275614980044,0.9096370035352804,0.9074826213526818,0.9046525524070097,0.9026163862278321,0.9012812298242358,0.9001631890363614,0.9038722184613263,0.9046657309236489,0.9048760390660865,0.905345147309151,0.9067722459956676,0.9104022931826988,0.9163523896716159,0.9247543880718656,0.9351293383206034,0.9478902953430509,0.9584890542998202,0.9468699048821998,0.9281156820862424,0.9457218493784773,0.9488788381471279,0.9537689783893455,0.9634975557760392,0.9655752815191445,0.9670702178268082,0.9749675571646825,0.9821693982104666,0.9868480094173626,0.9906743335010829,0.9935993040917781,0.9957672687043007,0.997248380373891,0.9982225355564687,0.9987810635638333,0.9991494458135112,0.9990937840166241,0.9988655292756149,0.9987367698381459,0.9983042258560926,0.9978083697095962,0.997438219670033,0.9972003992439359,0.9971246578692131,0.9972454561442591,0.9973795993997238,0.997630375687607,0.9980961814183353,0.9986088103010338,0.999110848534517,0.9994887367886709,0.9997344725876021,0.999863512437954,0.9999999999999999,0.9998137570090851,0.999499118961202,0.9987706291835917,0.9971842742851208,0.9890558846587741,0.9709598431725496,0.8780524306123387,0.8900331008108551,0.9070513358856853,0.9177187215605036,0.9238340104758563,0.9282680676085401,0.9308437303570962,0.932714770194598,0.9384358382784201,0.9415757991450686,0.9419662509643775,0.9422669736046398,0.9424805004317666,0.9438180218898431,0.9453841430143394,0.9475127969345327,0.9498177738033311,0.9525819402967899,0.9552772204909168,0.9577773809256309,0.9603817603918836,0.963147386672596,0.9658401169839279,0.9687155901847314,0.9713513176503997,0.974154223151696,0.9766505393201941,0.9782410511965529,0.9793310977130195,0.9793437878483711,0.9781361670887204,0.9756974055298552,0.9723472645030848,0.968321156330326,0.9657590864290959,0.9641723904232671,0.9618069768499917,0.9588986575338454,0.9562640985034803,0.959892820627919,0.9581320529084666,0.9544018600982521,0.9511421747770138,0.9464681067296926,0.9422828609690473,0.9387845750444368,0.9371980476098153,0.9336055024195923,0.9289847756169579,0.9255753290827451,0.9189846623771218,0.9122756053976072,0.9098951291746405
148,0.17502495424427633,0.21411806290780167,0.21040717259414102,0.19861609045645878,0.18534337413348403,0.1730549410286763,0.16423351193653576,0.15452589212726336,0.1419771425769106,0.12465853594068318,0.10978148248644348,0.10740325573168825,0.12955219861693085,0.1665859318925315,0.19126513284983315,0.20166509666603755,0.1984346359165801,0.1726399544631977,0.15715038259529054,0.19996357326888226,0.3063793703115718,0.4046611912634843,0.42239799378357484,0.44543512022185844,0.4732547679986546,0.48504814574028376,0.5149909383236989,0.5410947405539234,0.5640754961363197,0.5462178274777812,0.5585388677125341,0.5919797943965286,0.7021329851676343,0.8687522450249947,0.9275872505260186,0.897540103497635,0.8473011494483655,0.8099820354664681,0.7902545194978745,0.7847587069666995,0.7828633288610211,0.7826743208247429,0.7840524187310857,0.785382665142021,0.7869797834272231,0.7900904121596533,0.79146327290539,0.7918839509567583,0.7922107632182888,0.792947813937939,0.7936973568714815,0.7945175275557268,0.7958724211017808,0.7983959363679102,0.8016859957955128,0.8042476321401721,0.8056002279724672,0.8142543258461092,0.8204227158208356,0.8271553932465737,0.834155355368096,0.8354737947920337,0.8364286674438044,0.8350781458746266,0.8334197794335335,0.8312212951979002,0.8284734502025608,0.8258141723355351,0.8234004859774543,0.8216522279552755,0.8206171055627796,0.8203080536349612,0.8209316547337778,0.8225774722609713,0.8253931546411473,0.8298927551222998,0.8373348147119102,0.8487816907252604,0.8576512412067866,0.8722079044374053,0.8886173564654491,0.8941443809102465,0.8969255494767033,0.9001138252274691,0.9030354019380015,0.9046365788060307,0.9045323953948081,0.9023149301639499,0.8994100033382385,0.8973228083458914,0.895949725474977,0.8947693788238105,0.8986383961730317,0.8994634532591405,0.8997125478239933,0.900151101987974,0.9015610098653118,0.9052625941312558,0.9113669453133149,0.9200199247188486,0.9307271381953025,0.944017221572323,0.9552440671162971,0.9454918075524763,0.9318319895204348,0.9495937028374838,0.9528443329693025,0.9576960612261172,0.9670693305214247,0.9690339302690941,0.9704681405189666,0.9778771271590257,0.9844685144491723,0.988725455802943,0.9921297084249323,0.9947017953891729,0.996550503108082,0.9977442987091714,0.9984445179573207,0.9987721118600085,0.9989780270358231,0.9987090337249078,0.998292905614077,0.998054151464979,0.99747422159472,0.996842979642267,0.9963895597707086,0.9960989761154878,0.9959972864601742,0.9961270829843126,0.9962753697091012,0.9965671202620928,0.9971272045542438,0.9977621853638221,0.9984181157532002,0.9989587776829641,0.9993588577640199,0.9995997200182049,0.9998137570090851,1.0,0.9998016963406625,0.9992998532130493,0.9979867790242847,0.9904349488524355,0.9728681387895484,0.8832970433651322,0.895098187189815,0.9119319309115418,0.9223427719101595,0.9282125140589778,0.9324837067289458,0.9350515396932735,0.9367410797663163,0.9423652645659172,0.9452981654797167,0.9456046578444242,0.9458984615832423,0.9460721346635724,0.9473052221435042,0.9487456006718247,0.9507557223755115,0.9529369113391242,0.9555814056645058,0.9581674964440495,0.9605603099055351,0.9630603382860191,0.9657183541731335,0.9683093246488286,0.9710660652448957,0.9735888439825224,0.976247355426477,0.9786343477461458,0.9801086141602614,0.9811420433827235,0.9811346785156615,0.9799892229814825,0.9776705266673846,0.9744913079102429,0.9706417394294637,0.9682045903843999,0.9666960932640045,0.9644475052416501,0.9616555920760796,0.9590691888978254,0.9626634982812732,0.9609947448596365,0.9574473584531679,0.9543302122206941,0.9498784082184094,0.9458365729349247,0.9424620412604875,0.9409622979400061,0.9375101579935721,0.933024952209029,0.9297210719854654,0.9232518904211854,0.9166814538380935,0.9143720586569849
149,0.1719880251274016,0.22168354725577089,0.2179294963731126,0.2061839244885829,0.19290136368080035,0.1805654094009738,0.17177777649821394,0.16210311274111444,0.14959727557473224,0.13235110607001632,0.11748555392897041,0.11508268789514811,0.13706394763238586,0.17378147697349272,0.19821962990083367,0.2084878113317141,0.20522859390852988,0.17962736869498871,0.16436930831035915,0.2072035312111443,0.31334967863699525,0.4112674315786517,0.42903971714517236,0.452070233871785,0.4797916738819173,0.4915876960169691,0.5214564155501885,0.5475051538594295,0.5704209077282038,0.5524452866321365,0.5647246833805687,0.5979258932687529,0.7070616653038888,0.8710411522749621,0.926958352459768,0.8949689509786725,0.8435675965521302,0.8056549407642499,0.785658793341724,0.7801013795516999,0.778142597218682,0.7779170321834948,0.7792823658723753,0.7806054749605543,0.7821992891721853,0.7853337790441519,0.7866891227619646,0.787074668831257,0.7873806897002147,0.7881049863112369,0.7888422806704277,0.7896509537520531,0.7910007233883736,0.7935409918715945,0.7968566000857268,0.7994368684993188,0.8007753764485891,0.809567238091245,0.8158014921649954,0.8225929013075783,0.8296394553425293,0.8309166491267017,0.8318557249816129,0.8304595918905862,0.8287628289903961,0.8265230668717534,0.823730562758847,0.8210286212129831,0.8185741625575109,0.8167950825231781,0.8157390057507302,0.8154154356327747,0.8160339578591288,0.817687590926472,0.8205275363798651,0.8250810925414023,0.8326413122995386,0.8442906194064652,0.8532288421152944,0.8679622940319496,0.884588749684484,0.890136101522423,0.892923528379976,0.8961456780684732,0.899098825551516,0.9007153511651289,0.9005950837080718,0.8983321140146764,0.8953780081989404,0.8932537267210914,0.8918560295243925,0.8906004565308594,0.8946367917705418,0.8955369636535361,0.8958442258344672,0.8962265045569304,0.8975834403267338,0.9013156462797994,0.9075315446434252,0.9163759483932327,0.9273444403254889,0.9410989589306831,0.9529450065298297,0.9455087930835298,0.9358839283505372,0.953455287115854,0.9566342472484618,0.9612828611786569,0.9700136088846152,0.971822876924294,0.973293436642453,0.9801441788313249,0.9860547352455951,0.9899274487107177,0.9929492878847941,0.9952297453110687,0.9968279009569784,0.9977961090242717,0.9982811023735969,0.9984342097507587,0.9985472891512189,0.9980998613576304,0.9975333531291947,0.9972377793539433,0.9965444295748793,0.9957997073526447,0.9952845262590384,0.9949637830023365,0.9948346640070329,0.9949585081145095,0.9951156790196879,0.9954342707757714,0.9960664416451337,0.9967965948267223,0.9975764348861326,0.9982473976079892,0.9987923257979283,0.9991519441024737,0.9994991189612021,0.9998016963406626,1.0,0.9996718749444146,0.998701068812173,0.9919707962369056,0.975230538799694,0.8870120851734161,0.8986565578635615,0.9153177354098164,0.9254228487344852,0.9310488614549202,0.935178113953753,0.9378134662895324,0.9393706929183878,0.9448821376051364,0.9475714251247311,0.9477878626371318,0.9481095127705358,0.9482573154024384,0.9494010782726553,0.9507240057105826,0.9526280644832131,0.954700445861759,0.9572571254897094,0.9597568247221955,0.9620573664494658,0.9644751899454469,0.9670656001281713,0.9695913478385777,0.9722632678901755,0.974724248365084,0.9772736860801636,0.9796032269622811,0.9809893623049011,0.9819753045448169,0.9819342058072225,0.9808434470749596,0.9785835082073805,0.9755426737295153,0.97180770933738,0.9694491097629302,0.9679767024169362,0.9658037232114957,0.9630825592420158,0.960578362481863,0.9641474124660278,0.9625448506772502,0.9591798259219919,0.9561535966672956,0.9519098520847354,0.9479906936833853,0.9447268376975049,0.9433047432098516,0.9399570093815054,0.9356112469036874,0.9323428492777173,0.9260081236113538,0.9195988460892431,0.9172919392411135
150,0.16816625237359553,0.22856320041612707,0.22464098191052523,0.21290731136042926,0.19955348161383046,0.18711227462542832,0.17831952056872313,0.16864560247405472,0.15618030899535046,0.1390008826556531,0.12414875963671941,0.12170004449411072,0.1435222025546891,0.17989093609597567,0.20407263672117368,0.21419762528878283,0.21088594712473113,0.18546270139228763,0.1704448930718563,0.2132938964263542,0.3191728649250905,0.41672048150907187,0.43454314956406487,0.4575944919394672,0.4852170269353799,0.4970005683697306,0.5268258145939935,0.5528515777210856,0.5757292491520061,0.5575164925573025,0.5697465289242774,0.6026929385863793,0.7108883255552086,0.8724681927768574,0.925855915444624,0.8922718681685945,0.8399237514442502,0.8015444380817045,0.7813409288768107,0.7757510185257469,0.7737230905178193,0.7734496341460018,0.7748027093420262,0.7761078326175858,0.7776961353378162,0.7808569279794988,0.7821880791047363,0.7825218611433664,0.7828013226088091,0.7835111360049656,0.7842302626896974,0.7850197322379826,0.7863636413832761,0.7889149203871014,0.7922572543933896,0.7948490014204111,0.7961642978114146,0.8051066359808806,0.8113937811008094,0.8182200509967502,0.8252691502623298,0.8264857535965778,0.8273966495999902,0.8259495513148557,0.8242176652560279,0.8219417612947139,0.8191080280062726,0.8163715953197085,0.8138775048126848,0.8120717821288056,0.8109952959191519,0.8106564329299735,0.8112642096284327,0.8129229123597989,0.8157791642186936,0.8203799009108621,0.8280697943159377,0.8399411830152188,0.8489066336504062,0.8637579075771481,0.8805444216013562,0.8860573302548255,0.8888342998698997,0.8920758203398458,0.8950471720828007,0.896674087909288,0.8965359847624095,0.8942331087814686,0.8912299471658275,0.8890769681841922,0.8876553189492729,0.8862841987838367,0.8905515723904027,0.8915915039199559,0.89199343262378,0.8922786269854855,0.893517120590851,0.897245968457873,0.9035529593864398,0.9125829150116623,0.923797852998074,0.9380955413255581,0.9507408164727685,0.9468505071092125,0.9414095883404814,0.9583844258129625,0.9612540947903628,0.9654153545420117,0.9729588482957996,0.97450084061155,0.9761483733610301,0.9821687368519146,0.987098608354657,0.990499465392976,0.9930719193595892,0.9950525419983995,0.9964036266963372,0.997151218559222,0.9974288653298327,0.9974211546368215,0.9974895866982887,0.9968700532885199,0.9961460827248061,0.9958451691504551,0.9950410199250542,0.9941792065129137,0.9936184590970489,0.9932914413491748,0.9931305319465789,0.9932476043378508,0.9934238999328848,0.9937714609157576,0.9944814992907034,0.9953171427038817,0.9962400577909674,0.9970649414291749,0.9977917277646499,0.9982881862936712,0.9987706291835916,0.9992998532130493,0.9996718749444146,1.0,0.9994362162890231,0.994113094284253,0.9787771102176109,0.8897468473708907,0.9011856640069398,0.9176625267330829,0.9273769347106051,0.9326739565463331,0.9366373550255431,0.9394419149012936,0.9409936471985786,0.9463235185506691,0.9486599943501315,0.9487615111721535,0.9491681236098105,0.949318789005861,0.9503711385435651,0.9515572247702357,0.9533585424066694,0.9553251560728802,0.9577971261499332,0.9602378971879997,0.9624463307687033,0.9647965821320053,0.9673296652044667,0.9698204890519093,0.9724175398012151,0.974822207264336,0.9772720063618509,0.9795764155785918,0.9808660337554027,0.9817966431588787,0.9817349972671514,0.9806871784957178,0.978478975963454,0.9755843455312756,0.9719731715467934,0.969675657910378,0.9682185668054182,0.9661371396972226,0.9634727791048355,0.9610600256236888,0.9646031284724654,0.9630637696251004,0.9598720670419757,0.9569324632156313,0.95295102092609,0.9490920971801942,0.9459701061167316,0.9445995063093251,0.9413812132937844,0.9372187433492016,0.9339618124010168,0.9277408016076599,0.9215425627818239,0.9192095237122834
151,0.1640690972406687,0.23592718600147092,0.23164836343141545,0.21989513384114273,0.20631779277985018,0.19365505727236373,0.18482779992794848,0.175136524412757,0.1626931497229895,0.1455881519028548,0.13072667905798543,0.12822843110550886,0.1498503423126141,0.18580550632009665,0.20968682462764485,0.2196210901615821,0.21621336722591214,0.19095581421638116,0.17620369888181714,0.219046934341835,0.32458261131920463,0.4216664528827264,0.43954951782878887,0.4626383496965331,0.49013266261825505,0.5018914862133541,0.5316760180849709,0.5576901574813411,0.5805461392236553,0.5619594118186536,0.5741074320139219,0.6067551723959692,0.7139482706520514,0.8730738429376005,0.9239930592101803,0.8889525317436072,0.8357639744091778,0.7969778252795742,0.7765947032097773,0.7709880620703026,0.7688831180950503,0.7685475584818813,0.7698803998172739,0.771163440811629,0.7727424599756388,0.7759290925371927,0.7772202831621848,0.7774826580114907,0.7777270677070571,0.7784149892154895,0.7791090208985385,0.7798720994240848,0.7812015069711773,0.7837664270947693,0.7871293591931066,0.7897277937060785,0.7910066607192593,0.8001202407697814,0.8064399888054767,0.8132781208821626,0.820298776811352,0.8214246006001369,0.8222920716332786,0.8207812793560849,0.8190054031268482,0.8166920432380156,0.8138128109387471,0.8110361147917422,0.8085023668111176,0.8066654189385468,0.805566120903587,0.8052024023069356,0.8057944167876407,0.8074464109405027,0.8103102488183972,0.8149630708538633,0.8227958542577422,0.8349087516308662,0.8438618444175119,0.8587908997017517,0.8756872188501754,0.8811280954779838,0.8838694810936536,0.8871207486843414,0.8901013970509601,0.8917338690218983,0.8915701295492577,0.8892160638490313,0.8861588119981346,0.8839724741123692,0.8825254025592757,0.8809962789136648,0.8855461222148729,0.8867987991196037,0.8873169969684864,0.8874697640481184,0.8885480828087536,0.8922479471540047,0.8986402942276444,0.9078540056766524,0.9193296706403404,0.9342516109913268,0.9479066976255908,0.9490405138418703,0.948503071352909,0.9643434936111291,0.9666615348287293,0.9699652020099442,0.975702334913858,0.9768605197439849,0.9787998173893714,0.98367144147302,0.9873014653304272,0.9901266766900902,0.9921540506659257,0.9937990682648928,0.9948865603639181,0.9954033651355894,0.9954612334150756,0.9952966623418358,0.9953545075696968,0.9945445771869986,0.9936595800066599,0.9933826989333062,0.9924715370451743,0.9914839832746329,0.9908875859581915,0.990563983154293,0.9903740156678473,0.9904891415861246,0.9906962650847128,0.9910867079407473,0.9918937470098818,0.9928579395370243,0.9939487597911779,0.9949530115101894,0.9959012312602543,0.9965528010509446,0.9971842742851208,0.9979867790242846,0.998701068812173,0.9994362162890231,1.0,0.9965167915952011,0.9833551314846966,0.8917228554925272,0.9028218108027204,0.9191248189174908,0.9282595541285867,0.9331412417056553,0.9369026781059612,0.9399908493763407,0.9415993428607792,0.9466695757023567,0.9485503861014422,0.948528153323096,0.9490596593935771,0.9492334462130709,0.9501822936744763,0.9512095265258169,0.9528969736417399,0.9547495919770957,0.9571420677781308,0.9595231255170611,0.9616412196659088,0.9639286606917473,0.9664227900701565,0.9688801151015246,0.9714189884880695,0.9737773391604077,0.9761302875319634,0.9784347823886338,0.979611137607624,0.9804994518118821,0.9804129673198089,0.9794082708574477,0.9772438827234322,0.9745034344775343,0.970986062191058,0.9687458534989954,0.9673185158783493,0.9653367660173952,0.9627136572435092,0.9604197039597766,0.9639126184686654,0.9624561887855804,0.9594805923681012,0.956618697058833,0.9529502897221512,0.9491552104645308,0.946197957197819,0.9448704531725958,0.9417954370789657,0.9378541032596469,0.9345677658963217,0.92850833798479,0.9225444375040427,0.9201960722968996
152,0.1551782294180049,0.24876506890400754,0.2431153645657691,0.23106861001400372,0.21674276662943764,0.20331876406415106,0.1942764925510491,0.18438697231308965,0.17191041020440245,0.1549049910909225,0.13997206503169296,0.13729933843707354,0.1584556357473585,0.19342573344469008,0.21665915319034332,0.22610834962815704,0.2223659581901595,0.19730534923417492,0.18296776954098087,0.22570069787840574,0.3303867026829529,0.4264066962075183,0.4443689356821385,0.46752590515394093,0.49468226187827224,0.5063104397073234,0.5360187493308152,0.5620426504586346,0.5848945759138986,0.5652073607308846,0.5771218686916427,0.609127788625147,0.7144906362843726,0.8696584476699453,0.91729183092684,0.8808301558811108,0.8269792048169788,0.787950736992309,0.7674861307363384,0.7619566447152311,0.7596712389265436,0.759191587113351,0.760459568659268,0.7616743637411757,0.7632129996671908,0.7664086628925678,0.7675817837881337,0.7676350545984262,0.7677874150053828,0.7683992388088191,0.7690096662097597,0.769695485447777,0.77095958629754,0.7735125825479208,0.7768792382375501,0.7794497575626192,0.7805989152954937,0.7899972154855542,0.796304152992508,0.8030279398699357,0.8098197683457546,0.8106941682991484,0.8114277634793863,0.8097719704184064,0.8079212118828574,0.80555243754376,0.8026116565779616,0.7997849294192375,0.7971941335440104,0.795310391137553,0.7941678528808367,0.7937536569838337,0.7942784364419531,0.7958867313181601,0.7987124821678809,0.8034009800114625,0.8114587021168548,0.823992733436611,0.8327131609334222,0.847495660745376,0.8642878659023592,0.8694066615516033,0.8719818164729098,0.8751718929389501,0.8780958903394327,0.8796937337414699,0.8794635444654828,0.8770368425427278,0.873897787474581,0.871667990191465,0.8701826653987832,0.8682708027567041,0.8734689746367038,0.8752651100256207,0.8760854482419247,0.8758815817236905,0.8765057438968101,0.8800274578284034,0.8864541186239668,0.8959085733106041,0.9077186784261326,0.9238159100901003,0.9396887835106172,0.9555286410075943,0.9654163858968237,0.976715065507742,0.9769075201759527,0.9772709969940685,0.9773233320406705,0.9773611210021479,0.980312980380108,0.9820603205145644,0.9823119788936171,0.9838293942425008,0.9846569487045809,0.9856423688072072,0.9862726416525793,0.9863831211665223,0.9860678965060471,0.9856504348335573,0.9858294378148964,0.9846734679939982,0.9834901277787059,0.9833715320557097,0.9822761243041567,0.9810451421268855,0.980402025111073,0.9801462730475065,0.9798955112561578,0.9799872027951322,0.9802617302278238,0.9807354994480458,0.9817270672106276,0.9829387485060009,0.9843682806776348,0.9857407651489261,0.987173267363819,0.9881639594687793,0.9890558846587741,0.9904349488524355,0.9919707962369056,0.994113094284253,0.996516791595201,1.0,0.9933411774096172,0.8896019320291116,0.8997669904616878,0.9157458062988019,0.9233112704413952,0.9270950183113835,0.9304021039731025,0.9343013940177304,0.936315037560529,0.9406712269612412,0.9413937069174515,0.9411024181438861,0.942067097516746,0.9424210160601584,0.9431830954803815,0.9438580309526582,0.9453460879996228,0.9469749053484108,0.9492344896741084,0.95151534009816,0.9534820871721775,0.9556594086056234,0.9581167252120125,0.9605440617962481,0.9629936266254179,0.9652982821564705,0.9674604488544546,0.9698098825312598,0.9707820988536903,0.971526915239917,0.9713704582784012,0.9704597018920439,0.9683196056375472,0.9659081839551903,0.9625856720498646,0.9604471534955591,0.9589882935269467,0.9571747056273489,0.9545637979830633,0.952642166577513,0.9558738912511402,0.9546011157737119,0.9520727862410362,0.9493559620355292,0.9464315557178501,0.9427605573063095,0.9401362828343952,0.938865147645888,0.9361388333934868,0.9327091898170123,0.9293037087537542,0.9236505361802099,0.918420690170737,0.9158191208418452
153,0.15131844342083253,0.26477821273661634,0.2573901046575615,0.24464464320372561,0.22913761073781314,0.21467706383037483,0.20521108166845145,0.1949906543967842,0.18246743112823538,0.16545867177995718,0.15031911454660685,0.14726885658909256,0.16766232019646898,0.201352973706803,0.2236590132114071,0.23228582236383272,0.22790331095116026,0.20275342201414137,0.1885803073743934,0.23081714641067336,0.3340174282587999,0.42840664886040575,0.4461960955805024,0.4691815656398072,0.4957091358203795,0.5070211667343247,0.5364496063286351,0.5622827480729979,0.5849163467817723,0.5641629959565697,0.5756903784686451,0.6068288184058008,0.7097926209842349,0.8605606573059732,0.9052260072232206,0.8681362313496737,0.8143186070203636,0.7754645349627023,0.7551143648660638,0.7496640810370231,0.7471793794672107,0.7465127262575024,0.7476712741724222,0.7487609174330642,0.7502056422732509,0.7533621226196974,0.7543370740020104,0.7541389918745055,0.754140488040055,0.7546407660987203,0.7551252174595626,0.7556769448248318,0.7568286811020309,0.759332372638368,0.7626334461397054,0.7651289426663223,0.7660875927331896,0.7757070881734434,0.7818792502159411,0.7883325167738633,0.7947475139187501,0.7952633630222561,0.7958011236578824,0.7939681110013873,0.7920252203834008,0.7895971325022932,0.7866046140488008,0.7837267988077324,0.7810720228684989,0.779139123919529,0.7779377939694544,0.7774423981628354,0.7778486216465405,0.7793543568757749,0.78208550190974,0.7867337450204037,0.7949244485327553,0.8077391203056897,0.8159981063334645,0.8303353081056939,0.8467149141521146,0.8513378377619666,0.8536480101316161,0.8566819758689432,0.8594603259008943,0.8609541887661747,0.8606002605968914,0.8581084756998993,0.8548885425795067,0.8526123013872315,0.8510916012195734,0.848823941896306,0.8545613186740869,0.8567224046585747,0.8577852449612515,0.8572500529014957,0.8574219438628929,0.8607173421051479,0.8670631779726787,0.8765792137891723,0.8885007864698583,0.9054331354647395,0.9232016783226157,0.9572615390264223,0.9802836706329411,0.9835531253002276,0.9803554298211813,0.976600610548968,0.9696701474008196,0.968391925005362,0.9724854465428484,0.9707799641804372,0.9675386247012877,0.9676955624527049,0.9673435166254953,0.967677981688862,0.9678589882986094,0.9675904685071685,0.9669368709904776,0.9663101404224348,0.9665821773112401,0.9651190578958145,0.9636849880208647,0.9636748666502384,0.962412577452119,0.9609557204329635,0.96027051929458,0.9600459507731448,0.9597459888852172,0.9597910491514117,0.9601185637796028,0.9606723243539946,0.9618160769302445,0.9632705939516344,0.9649612664347763,0.966662371027508,0.9685289331389104,0.9698407812617188,0.9709598431725496,0.9728681387895484,0.9752305387996941,0.9787771102176108,0.9833551314846967,0.9933411774096174,1.0,0.8797152677730291,0.8886884185387642,0.9036119514834823,0.9093716263832187,0.9119306137926841,0.9147020528362074,0.9193003763579836,0.921678833029527,0.9253077021002432,0.9248797511136378,0.9244424686286183,0.9258700041303745,0.9264845959117664,0.9270997954543577,0.9274571001168713,0.9288206436288119,0.9302240085126477,0.9323394080035188,0.93447582524262,0.9362400984697528,0.9382888590736447,0.9406889536357755,0.9431246034249364,0.9454369064667604,0.9476323165920432,0.9496166839459061,0.9520003446412999,0.9527469989203275,0.9532565638851768,0.9529862384687634,0.9521151074988939,0.9499736973268684,0.9478573089569885,0.9447179875040111,0.9426805293752678,0.9410746755033633,0.939272759677588,0.9366537494776583,0.9351366744266161,0.9380747923558225,0.9368619700350843,0.9348585571610787,0.9323827597191187,0.9304064118868887,0.9270210100214398,0.9249103410412185,0.9236830201902267,0.921386423518577,0.918565697289144,0.9151043261471492,0.9099520662528627,0.9057648790603017,0.9028196103793255
167,0.0726750962309592,0.5476958166831427,0.5505439609927845,0.5438343205318348,0.5357822725437467,0.5276712351014017,0.5217854541450502,0.5152954199622103,0.5062190752163287,0.493144828642939,0.4813075183950495,0.4784113121643644,0.49317352760470956,0.5162210721076244,0.529808687802659,0.534895755511776,0.5324433148978521,0.5167220658285544,0.5103556031345519,0.5483756050492515,0.632393475976011,0.704997041140937,0.7201852233084296,0.737889764324161,0.7579077790034957,0.7681595141659147,0.7895182457929241,0.8077586544672669,0.8226625856734441,0.8097301167685258,0.818814945262477,0.8384919850440463,0.8918948999321963,0.9210276390723934,0.8347977905471295,0.7109388315296576,0.6082746253912942,0.5462966331687329,0.5158211035606722,0.5065092110339524,0.5027134049069569,0.5015957547684601,0.5023248996862728,0.5029933534529378,0.5039272583597388,0.5072022280644464,0.5077078373848601,0.5072136192623952,0.506506122819301,0.5063841815612976,0.5064783390457952,0.5066048261914778,0.5075305457279308,0.5101814726222319,0.5138610062605513,0.5166625398986214,0.5176363070124269,0.5293918582242976,0.5372810023091346,0.545982104222677,0.5550056388063044,0.5558462489841604,0.5563197081220345,0.5535236992018371,0.5504550743758198,0.5466398112533998,0.5421784944956947,0.5378221340122522,0.5338917002036714,0.5308985190471283,0.5289156933529305,0.5279986769261491,0.5283186269291613,0.5301191721962,0.5336274322728192,0.5395664167303048,0.5498046868134779,0.5662559199786907,0.5782812106125012,0.5995535120569484,0.6243248384657094,0.632210048687378,0.6358567747420087,0.6404746415081451,0.6446488160640584,0.6467451944896232,0.6459129271874459,0.6417088302039069,0.6365654451185085,0.6327083725239376,0.6300115844062802,0.6285647572150143,0.6341185609479538,0.6340773127869649,0.6338909976803949,0.6346463025668558,0.6370570279031655,0.6431708166931863,0.6532066590222826,0.6678498017464043,0.6866454183361439,0.7110108671367051,0.7336600226121609,0.75220161049618,0.8988067004165586,0.9256527088418959,0.9356645684199173,0.944649032031859,0.9531354579328228,0.9535654000076411,0.9498071406433704,0.9473683604717604,0.9417992915851853,0.9345340280187263,0.9265836289764171,0.9183968452255231,0.9102025962670115,0.9024084862721995,0.8947472696075722,0.8876975453257208,0.8814028605144079,0.8748305227669118,0.8689705030678532,0.863724459296959,0.858422444437457,0.85395703532429,0.8504713809148637,0.8480129149813878,0.8472348244981466,0.8478989500832268,0.8484901994027682,0.850030501604669,0.8532039929456969,0.8572713547193153,0.8621654732884059,0.8669911903804924,0.8707566097980478,0.8734588282048326,0.8780524306123387,0.8832970433651322,0.8870120851734161,0.8897468473708908,0.8917228554925272,0.8896019320291115,0.8797152677730292,1.0,0.9789322756373445,0.983562126186615,0.9820098268242421,0.979727713982013,0.978216591792066,0.978482170446317,0.9765211552198243,0.9764086552507167,0.9741554155273758,0.9733345003365331,0.9731209561446548,0.9727440887365407,0.9712539077404915,0.9694837619920579,0.9678146099090769,0.9662123705429404,0.9646709931988561,0.96323312049932,0.9618061297939156,0.9603390785929312,0.9587853109332201,0.9571906423093736,0.9552142778471111,0.9531405582811094,0.9505029018705774,0.9478818357747412,0.9454119000545578,0.9439790358852872,0.9432858175163112,0.944836720195728,0.9474773069815366,0.9504238653659595,0.9535245447847794,0.9555303475582301,0.9566654424928315,0.9581177786586386,0.9593540954428995,0.9572292678366023,0.9596451470746534,0.9609304245402646,0.9636357310423269,0.9657827908535378,0.9681712955916415,0.9712291213559047,0.9726156212707227,0.9738968485229977,0.9753180961474024,0.9760278309355765,0.9766433371964847,0.975329343634116,0.9767613187184364,0.9768132589620395
168,0.07048232811995801,0.5358872792601268,0.5385260637560911,0.532134565477313,0.524209763501486,0.5164028467801951,0.5105027054782548,0.5040144867771328,0.49482378830018925,0.4815700369590706,0.469699815036985,0.4669852162447094,0.4820944204941527,0.5058186516618941,0.5199698990920268,0.5254027740634737,0.5230731585152552,0.5072038132074198,0.5005079092776467,0.5391163797421519,0.6244352281975635,0.6985661450046474,0.7140202958091911,0.7320654862847694,0.7525606847776897,0.7630124431868991,0.7849202121014672,0.8035173126052946,0.8188992216931923,0.805857564711464,0.8151902508252531,0.8355871016056382,0.8912417402689784,0.925031200484014,0.8427454209163662,0.7209412557399323,0.619211372645643,0.5575244674435853,0.5271579657643737,0.5178996055753542,0.5141502339280122,0.5130806193869127,0.5138336844749601,0.5145988118703207,0.5155846220944905,0.5188913155232417,0.519503596669107,0.5190730168328338,0.5183833766797061,0.5183571735363965,0.518462789740403,0.5186549378624545,0.5196322257507762,0.5223152184964173,0.526005808815937,0.5288768047879424,0.5299008500628074,0.5416030182582416,0.5495539608566434,0.5583027101116054,0.5674376892584788,0.5683656756300705,0.5689420015344921,0.5662066784631028,0.5631880632118851,0.5594310224975185,0.5549813437353422,0.5506580646581,0.5467746532049611,0.5438136828351917,0.5418651863245926,0.5409793087400506,0.5413459876369158,0.543180182187998,0.5467151485867258,0.5526448573711863,0.5628813765897454,0.5792770777094208,0.5914253159136211,0.6127854595883695,0.6375925330903324,0.6456052083805548,0.6493214128570513,0.6539744571214191,0.6582055132156053,0.6603282763379751,0.6595588628840271,0.6554194947180595,0.6503247030335306,0.6464936562503514,0.6438603834815462,0.6424201639056792,0.6479733019685954,0.6479285120614506,0.6477959410977732,0.6485390566348775,0.6509941749541315,0.6570720479163565,0.6670885054170854,0.6817234279718656,0.7004924063733428,0.7246609147635064,0.7470208281634467,0.7642151407331891,0.9045756876950113,0.9319869280625533,0.9421253955493794,0.9515588383582393,0.9610120621449556,0.9616346889780465,0.9578982768130089,0.9561447318055153,0.9513351896230157,0.9445633729028663,0.9370544329161035,0.9292136439144866,0.9213366653928093,0.9137980820743551,0.906348129519262,0.8994989853277208,0.8933592590123961,0.8869870540955288,0.8812286262771938,0.8761092892308852,0.8709784452644156,0.8665869214344205,0.8631830704087529,0.8607726632556628,0.8600539054864412,0.860686042162262,0.8612400161952324,0.8627299107235693,0.8658317602654444,0.8698303226639666,0.8745790114093102,0.879275924252483,0.8829564627078398,0.8855363040023064,0.8900331008108551,0.895098187189815,0.8986565578635616,0.9011856640069398,0.9028218108027204,0.8997669904616878,0.8886884185387641,0.9789322756373445,1.0,0.9868068932541139,0.9874344939617729,0.9860573228512848,0.9848349292136097,0.9846843264468986,0.981495771457316,0.9826951448231849,0.9812625187564238,0.9805352591640724,0.9801700881585607,0.9795172122703137,0.9781921575841469,0.9765356689147193,0.9750329114054602,0.9735146397910912,0.9721566834754665,0.9708808239875589,0.9695378757144998,0.9682404643689136,0.9668370529477355,0.9653769550505314,0.9635539145516684,0.9616224831274439,0.9591563465697613,0.9566105186727362,0.9542735626946074,0.953030294739283,0.9523895789617554,0.9537453124991534,0.9562638697651287,0.9588924409332622,0.9618106564349097,0.9638064831588272,0.9648648722834946,0.9661419388827972,0.9674523259047262,0.9652282970366961,0.9676252452327158,0.9688051548313039,0.9711440345163664,0.9731143014494805,0.9749919192498644,0.9776823020721165,0.9789845307766132,0.9800288124639096,0.9812411337356305,0.9814745308652467,0.982189947341753,0.9801113779050632,0.9806358666664888,0.9813025193959466
169,0.07057993586906547,0.5199526041280397,0.5222854181088403,0.515428018520642,0.5072690800558817,0.4992106320094195,0.4930328559808784,0.48634410252824434,0.47696837359274047,0.46334709254046885,0.4513436545540762,0.44863941399769314,0.46422684892625343,0.48877019024905305,0.5035847971894511,0.5093544371642156,0.507063786286613,0.49078480708163474,0.4838888783984453,0.5232583985826156,0.610874612404095,0.6872987715558312,0.7031862081699575,0.7218907033787794,0.7431348871745088,0.7539429424610208,0.776577625258331,0.795917786818394,0.8119461762317148,0.7984148945723618,0.8080238347010804,0.8294615897295805,0.8889506760275843,0.9306366986336571,0.8554861911410357,0.7375295737318044,0.6375820870038007,0.5765926007118621,0.5464978355845693,0.5374094967543291,0.533748311280202,0.5327730191834464,0.5336457296748021,0.5344686211186618,0.5355507304003861,0.538890996177821,0.5396072357321813,0.5392562776444423,0.5386939401954047,0.538738986913794,0.5389473868357952,0.5392050253302455,0.5402310014011561,0.5429689713988824,0.5467193376319482,0.5496027919025781,0.5507038639311653,0.5623335521255771,0.5703211781948667,0.5790998627504556,0.5882913674022724,0.5893030331567062,0.5899340744419906,0.5872897490523347,0.5843344067850876,0.5806475049366339,0.5762873655555428,0.5720237804730951,0.5682073301113593,0.5652961752158836,0.5634081580130446,0.5625593344921239,0.5629694143423899,0.5648365230229054,0.5684006576156841,0.5743304995183179,0.5844975530310013,0.6007501368734572,0.6129352962364873,0.634205116179149,0.6589163909476433,0.666935355956125,0.6706968003805921,0.6753504361335013,0.6795837638151788,0.6817178225758876,0.681017073428538,0.6769510354015117,0.6719501835047448,0.6682151948105834,0.6656503550066414,0.6641927744614524,0.6697589399952463,0.6697320961016531,0.6696146209373195,0.6704076291204024,0.6728359534616275,0.6789009030607758,0.6888420069547025,0.7033289120334185,0.7218268067035323,0.7457134293531875,0.7676358460022266,0.7829261796092689,0.9159747740565293,0.9434153219557957,0.9536028561022217,0.9629221928670716,0.9725635686412232,0.9732932725846126,0.9697853838890281,0.968638613313308,0.9644940362281571,0.9583025543709403,0.9513560710282276,0.9440434455847694,0.9366784754571779,0.9295473563797122,0.9225077377621311,0.9159635776272708,0.9101216623485882,0.9040240870468034,0.8985282811016486,0.8936681548004427,0.8887350399504332,0.8845552030820683,0.8813186223703694,0.8790124727791738,0.8783136597492353,0.8789266698246461,0.8794340059493954,0.8808714985865462,0.8838524057661447,0.8876792364120804,0.8922588398298363,0.8967430118258689,0.900286645828724,0.9027896134988546,0.9070513358856854,0.9119319309115419,0.9153177354098164,0.9176625267330829,0.9191248189174909,0.915745806298802,0.9036119514834823,0.983562126186615,0.9868068932541139,1.0,0.9948097538145515,0.9939920051106235,0.9931358662463853,0.9931135138089975,0.9900086490860314,0.991611215059022,0.9903793710860276,0.9896199930717252,0.9892484521185115,0.9884591884339697,0.9872090172426198,0.9856482520349815,0.9843125251987079,0.9829552118134615,0.9818889485801169,0.980776312838831,0.9797245098051593,0.9786164868536364,0.9774414217449847,0.9762345045690258,0.9746954299681347,0.9730070110227843,0.9708882612747137,0.9687449202481109,0.9665672822261044,0.965489378979647,0.9648505704663919,0.9660753401775367,0.9682570139584248,0.9705826657423307,0.973030160394028,0.9747603459038816,0.9756897736650112,0.97689079265619,0.9778960969384588,0.9758778892857629,0.9781365376180242,0.9791982181029459,0.981252388681702,0.9829601390944219,0.9845789819227964,0.9866041902633399,0.9873939354289946,0.9886456232996943,0.9892998497099791,0.989297883218559,0.9898125365747811,0.9875785336841849,0.987215768294792,0.9878257477679487
170,0.07252221640659891,0.5061649311438863,0.5090021884862556,0.5022017276030277,0.49433202844427365,0.48647981537231255,0.4804626882688309,0.47373561178715634,0.4643286054112273,0.45055135891672043,0.43848190438706336,0.43585480308456553,0.451816811707082,0.47706024590376095,0.49233393923089946,0.4983661115402886,0.4962605798926182,0.47968643016802465,0.47255319638746496,0.5124165341190007,0.6013778752087469,0.6792674514978305,0.6953802876097263,0.7143580051334858,0.7361045154055613,0.7471401434044738,0.7702560999618118,0.7899531868594513,0.8063251239780024,0.7929659982808173,0.8028775163296791,0.8250699839133637,0.8868465862088559,0.9334693584495722,0.8627180656163045,0.7471408778725992,0.648329879419678,0.5878253256356497,0.5579416260985042,0.5489085165425992,0.5453914112138912,0.5444742364563526,0.545421122836578,0.5463154928784676,0.5474781282936326,0.5508436423755113,0.5516570754008927,0.551397401602057,0.5509168241072,0.5510479137757596,0.5512915329562287,0.5516304845326153,0.5527162168947886,0.5554924217566559,0.5592703141280139,0.5621826575840604,0.563367138648091,0.5748777347555141,0.5828855485974946,0.5917111997716482,0.6009738182342838,0.6021388791177268,0.6028435003887809,0.6002929611264287,0.5973899594247861,0.5937680373832323,0.5894587097444765,0.5852648752938943,0.5814948712659254,0.5786322676030307,0.5767881643786834,0.5759853491018254,0.5764436498357073,0.578353424902868,0.5819343896497936,0.5878589783691409,0.5979580300775867,0.6140363344141156,0.6263124700224583,0.6475920852635817,0.6722671067399524,0.6803992547865008,0.6842309757523312,0.6889082338874473,0.6931701060133809,0.6953319470702402,0.6946777562923627,0.6906978743186655,0.6857733578295353,0.6820820326871139,0.6795647141071107,0.678204274180029,0.6836249182679768,0.6835960505510266,0.6834445609094342,0.6842942328480536,0.6868241738720129,0.6929005017735782,0.70280078261543,0.7171594226752313,0.7354915807338597,0.7589587392162193,0.7802841318706595,0.7920682824753635,0.9176906376935532,0.9462280816393979,0.9566678169792576,0.9666486304395389,0.9778419669690103,0.9789197366814756,0.9753024279037678,0.9752062437218836,0.9722709030275715,0.9667471051512824,0.960425485842348,0.9535648191825246,0.946550019374561,0.9397561140743367,0.9329993934613805,0.9267043086760596,0.9209844941004819,0.915120963307678,0.9098234137422009,0.9050613610083481,0.9003043518919295,0.8962769136086618,0.8931170739520815,0.8908489111906062,0.8901876070380677,0.8907838085099187,0.8912685885438102,0.8926507532348308,0.8955202081910926,0.8991925802343159,0.9035692819095469,0.907861668796092,0.9112091204720845,0.9136061212998309,0.9177187215605036,0.9223427719101593,0.9254228487344853,0.9273769347106051,0.9282595541285867,0.9233112704413952,0.9093716263832188,0.982009826824242,0.9874344939617726,0.9948097538145516,0.9999999999999998,0.9988342583634534,0.9984551877887452,0.9977541213172086,0.9929422469030904,0.9963991751888465,0.9962465492005591,0.9956294073602757,0.9949330739807364,0.9938967181098992,0.9927490232356049,0.9915575974307201,0.9903900015696071,0.9891943410820028,0.98824459092096,0.9873046857351413,0.9863932199938182,0.9854784431714195,0.9844230600288567,0.9833558782827485,0.9819470005553959,0.9804534293779004,0.9785386246090404,0.9764815744358462,0.9745119695344613,0.9735946102999141,0.9729479262163997,0.9740615626269133,0.9759926084411482,0.9779622420430433,0.9801459267378979,0.9816658532703694,0.9825775240551431,0.983587554489175,0.9844575557544413,0.9822149404486199,0.9847161174281307,0.9856418188923662,0.9871961201904308,0.9887856779105982,0.9897523005189325,0.9915899880091087,0.9922232561180561,0.9933351736099759,0.993690827063066,0.9930542787020754,0.9935947098609313,0.9908725677226299,0.9894751921414279,0.9903475971084131
171,0.07440419272563517,0.4924296616776853,0.4956536973923809,0.48889233335740734,0.4811038512332843,0.47337810593245777,0.4673682107814337,0.4606834704766932,0.4512579194553097,0.4373739591989799,0.42526188202186044,0.4226971656711779,0.43887409661251064,0.4645853803993476,0.4801314285070235,0.48635044364389296,0.4843023389265167,0.46753702519738627,0.4602043000310276,0.5003049237048384,0.5901097366143424,0.6690073214355668,0.6852697546074819,0.7044488104434541,0.7265516948635565,0.7377568066956973,0.7611901983107435,0.7811608682656589,0.7977740401369513,0.7845530447927629,0.7946571843946999,0.8174169024797282,0.8810947781577709,0.9320300216128098,0.8656743469928859,0.7527812047188187,0.6554410985353287,0.5955851954844494,0.5659792352250711,0.5570402730410522,0.5536246791683757,0.5527874202984235,0.5537887314212844,0.5547467358990947,0.555961237440606,0.5593582033006298,0.5602474619430144,0.5600859102349807,0.559671952934671,0.5598659686060732,0.5601713459158323,0.5605687850954184,0.5617114580985781,0.5645135763801021,0.5683138842876855,0.5712544511241806,0.5724904982556989,0.5839224036015266,0.5919343076700055,0.6007669224799453,0.6100607049413932,0.6113070479034318,0.6120730738914937,0.6095954784667801,0.6067562445707636,0.6031954976636726,0.5989489699017682,0.5948153582477225,0.5911012583560559,0.5882917644489468,0.5864900778075665,0.5857276721315482,0.5862232761068787,0.5881586408958959,0.5917560599826012,0.5976703388050754,0.6076956937762228,0.6236442948097947,0.6359239552505779,0.6571196788652183,0.6816686615581207,0.6898491534652752,0.6937217472984988,0.698401184215285,0.7026669911799827,0.7048396688900345,0.7042401624844739,0.7003317633320857,0.6954808513477658,0.6918538744885425,0.6893904045655366,0.6881149070734525,0.6933818896028843,0.6932987142728535,0.6931377212333081,0.6940452297673867,0.696635185092103,0.7027088852922371,0.7125434620981367,0.7267467011305242,0.7448778763472549,0.7679370646639618,0.788682424640114,0.7978512274375013,0.9171246117949262,0.9459523695060664,0.9563954186519432,0.9667218404299138,0.9789251439446781,0.980243930376165,0.9766094293065112,0.9773731770434599,0.975426506345345,0.9704934334518083,0.9647283837140723,0.9583076376923284,0.951668779582563,0.9451950021915011,0.938738096703451,0.9326900931977546,0.9271274562780376,0.9215037137296914,0.9164300903676583,0.9117934096279979,0.9072085902331463,0.9033509053918983,0.9002916635054742,0.898084892230493,0.8974631823464998,0.8980552817568627,0.8985075603271138,0.899832821077753,0.9025923503343373,0.9061141965481956,0.9103183383533413,0.9144232281260882,0.9175935328915055,0.919879600817349,0.9238340104758561,0.9282125140589778,0.9310488614549202,0.9326739565463332,0.9331412417056553,0.9270950183113835,0.9119306137926843,0.979727713982013,0.9860573228512848,0.9939920051106234,0.9988342583634535,1.0,0.999471632510006,0.9984939806577559,0.9934593908808317,0.9973749003213392,0.9977827975290169,0.997222382397727,0.9963494938538697,0.9951524862931431,0.9941183813444878,0.9930873869306904,0.992063148539105,0.991025033585201,0.9902206051578766,0.9894385909964669,0.9886921971457722,0.9879283939134409,0.9870224522110164,0.9861077096398803,0.9848739919094731,0.9835691010042102,0.9818606945071017,0.9799838908087406,0.9782143653352648,0.9773870304690018,0.9767671262601436,0.9777577149630301,0.979447428426502,0.9810994467301747,0.9829653108101755,0.9843760681358021,0.9852284060722344,0.9860815862731348,0.9868370668914745,0.9845538505657552,0.9871282248200143,0.9879217625327251,0.9891879333707444,0.9905931054957994,0.9911462851040627,0.9927923883667625,0.9932192886929702,0.994231194330402,0.9943677232942499,0.9933997339837803,0.9939094682963924,0.9908994352303768,0.9889037283762319,0.9897629443327017
172,0.07653031449993204,0.482019008555954,0.48525430280030074,0.47837829538580673,0.47053215361934264,0.4627788763693811,0.45673167753908234,0.4500115062522794,0.4405299113977016,0.42656324731789147,0.4143948568575233,0.41184022738700454,0.4281859622916341,0.4541991572478511,0.4699731357969327,0.47631969976536825,0.47429739045829594,0.45736912886880726,0.44990051767012185,0.4902137058797568,0.5807062633098176,0.6603903396366184,0.6767946188884123,0.6961597746549522,0.718539520971688,0.7298624002852128,0.7535740746421654,0.7737799782124123,0.7906423543494654,0.7773571619058648,0.7876073454400235,0.8107916354014533,0.87601825754032,0.9305592728754892,0.8679429593441983,0.757435607256125,0.6614023756143809,0.6021502423358104,0.5728103015835199,0.5639659832251558,0.5606293391902326,0.55983905883964,0.5608809528347354,0.5618725541858278,0.5631268281281839,0.566541862777779,0.5674835472316688,0.5673705094473868,0.5670106556337708,0.5672423038069176,0.5675893784100897,0.5680237553112565,0.5691999508336371,0.5720181682596881,0.5758275029149516,0.5787838764323509,0.5800513003365282,0.5914165279962034,0.5994093694025424,0.6082249931163013,0.6175102188331779,0.6187962263851965,0.6195984642001967,0.6171693639417597,0.6143783945935473,0.6108677527106826,0.6066692698881347,0.6025833425513485,0.598915359350505,0.5961429238139521,0.5943743779045891,0.5936375331667798,0.5941552240310409,0.5961011397095883,0.5997009784459632,0.6055991124073622,0.6155643953821358,0.6313862252248605,0.643639146833778,0.6647208923911587,0.6891239387498997,0.6972920170481792,0.7011691239693894,0.7058336791175311,0.710088499643909,0.712263849162218,0.7116940354968704,0.7078405160491721,0.703048375502422,0.6994683499786987,0.6970461534186222,0.6958119028394201,0.7009906957002431,0.7009153597097171,0.7007521369825597,0.7016827093276857,0.7042984940848033,0.7103408798183845,0.720103288253705,0.734175994011458,0.7521219134691602,0.774883202304013,0.7952629078776265,0.8030190948506658,0.9178711445785445,0.946638244000303,0.9569626698428453,0.9673017562505698,0.9798744114263391,0.9813082505174382,0.9777458841292672,0.9789548582243079,0.9775507614877529,0.9729988357675796,0.9676088869715131,0.961514831463905,0.9551597836939656,0.9489397172888223,0.9427193763247476,0.936875404209664,0.9314621641222334,0.9260260425384097,0.921111342468149,0.9165968564614075,0.9121507917167899,0.9084195872007204,0.9054453459223699,0.9032950090633496,0.9027050749579472,0.9032866596287362,0.9037211253805373,0.9050162923494188,0.9076935550058761,0.9111128361791652,0.9151934481785353,0.9191592470658163,0.9222198910449155,0.9244370431168827,0.92826806760854,0.9324837067289458,0.9351781139537532,0.936637355025543,0.9369026781059611,0.9304021039731025,0.9147020528362074,0.9782165917920661,0.9848349292136098,0.9931358662463852,0.9984551877887452,0.999471632510006,1.0,0.9986433690270281,0.9937205512159812,0.9977643304686095,0.998369815893653,0.9978202183865185,0.9968739737936344,0.9956279688201926,0.9946286876135171,0.9937096859898864,0.992786456265935,0.9918442990940085,0.9911798267803952,0.9905000460840703,0.9898820824301259,0.9892581661366755,0.9884751107333538,0.9876715348439206,0.986597479245167,0.9854204834466755,0.9839018665106681,0.9821607151579967,0.9805122898550773,0.9797924555239503,0.9791917624742422,0.9800914640127225,0.9816216466924617,0.9830571637916877,0.9846905786182983,0.985983143110655,0.9867864726468433,0.9875548653653692,0.9882252529288312,0.9858601595601574,0.9885531097584856,0.9892694663165729,0.9903496515146378,0.9916107291683711,0.9918715536722327,0.9933213365555956,0.9936125303731319,0.9945620950045521,0.9945286717248581,0.9933861824705014,0.9937852367953389,0.9905684898070778,0.988325307438189,0.9890452347807842
173,0.07701332098590731,0.47693871273176114,0.4795208882089853,0.4724903668643465,0.4642157968932714,0.45606721605683376,0.44989537549121666,0.44304421990145754,0.4334822153481532,0.41942735991689983,0.40716430445867263,0.40458538443969055,0.42098778226081185,0.4470592859092721,0.4629732900055811,0.46937579096781945,0.4672882534067913,0.45028106430422815,0.4428218578129197,0.48334641256919464,0.5742882429191111,0.6544435821325401,0.6710027139695802,0.690594736450362,0.7131285657655966,0.7245000367386412,0.748455557581607,0.7688994767843111,0.7860224770295972,0.7721838503107078,0.782457160309892,0.8058411664084479,0.8721945546391021,0.9292723716698285,0.8694413444708321,0.7608077876909574,0.6657985371904156,0.6070308631439177,0.577896199168156,0.5691479731878718,0.5658243625793805,0.5650330019433688,0.5660855419746992,0.5670821812298373,0.5683508938714943,0.5717703988192283,0.5727103573195428,0.5725948215658285,0.5722428026998417,0.5724909451845456,0.5728398995297449,0.5732717401112543,0.5744535126129314,0.5772746737947535,0.5810777151122595,0.5840290310790133,0.5852863847937821,0.5966307845833895,0.6045937714779558,0.6133619425415752,0.6225843946775491,0.6238487101784866,0.6246379663522768,0.6222293466196526,0.6194554730771012,0.6159651740378658,0.6117886492712705,0.6077302175078728,0.6040769431952143,0.6013261757003725,0.5995669291270154,0.598832514647199,0.5993502294718692,0.60128369348211,0.6048685521817315,0.6107381038054966,0.6206859520983283,0.6364562876474902,0.6486288571358001,0.669577339601871,0.6938181941143452,0.7018988554503781,0.7057390027322676,0.7103698033460076,0.7145937267128938,0.7167628586834317,0.7161988666193956,0.7123663196134167,0.7076061055078267,0.7040547585248226,0.7016502068287959,0.7003535746162834,0.7055902441365232,0.7056132585243065,0.7054930642063992,0.7063849546042432,0.7089223898668149,0.7148953604018459,0.7245913155571683,0.7385850263909889,0.7564360797074892,0.7791568876428022,0.799656979292381,0.8085162677414173,0.9222206405064639,0.9503365327328682,0.960312338409343,0.970134614676656,0.981728283009915,0.9830091955604886,0.9797354976460446,0.9805925044971373,0.9788108611214333,0.9742645642475033,0.9689098623717909,0.9629267595140643,0.9567207090996018,0.950641403873249,0.9445443615834525,0.9388283828837213,0.9335962018355287,0.9282473118743458,0.9233933636672241,0.9190323030140151,0.9146652323269746,0.9109784072251362,0.9080696776846373,0.9059896348894293,0.9054034622887384,0.9059811665193714,0.9064286233447152,0.9077086359749044,0.9103684508716301,0.9137664506242799,0.9178227862185047,0.921756425112756,0.9248380612074104,0.927051410956839,0.9308437303570961,0.9350515396932736,0.9378134662895324,0.9394419149012937,0.9399908493763407,0.9343013940177305,0.9193003763579836,0.9784821704463171,0.9846843264468986,0.9931135138089976,0.9977541213172086,0.9984939806577557,0.9986433690270282,1.0,0.9941973587074797,0.997688889435937,0.9977356300225032,0.9970739028242508,0.9963177911680029,0.9951935067915781,0.9941673674822398,0.9931552317723353,0.9922448542932483,0.9913439208247589,0.9907439946698657,0.9901599391165772,0.9896006414968925,0.9890608671329275,0.9883826360535685,0.9876896316339391,0.9867168224443089,0.9856581579699445,0.9842267577937097,0.9826513521534566,0.9810509460601908,0.9803634856595449,0.9798163753723703,0.9806869104592022,0.9821206953261387,0.983531664111951,0.9850345979290046,0.9862512257838921,0.9870089370566728,0.9877961108957203,0.9883333978423534,0.9860898707454114,0.9887651665517097,0.9894897989906318,0.9905864134483162,0.991629342405414,0.9919629423588472,0.993212193204688,0.9934612600954444,0.9943433730026675,0.9942917484369203,0.993227978933555,0.993445249066674,0.9902382131359073,0.988202982430489,0.9886976089463307
174,0.08236780235308229,0.46318073750784355,0.46579901749440145,0.45841897777281443,0.450127953974671,0.44178604749954636,0.43539218762448473,0.4284003771204591,0.41865247282243695,0.4044885514431326,0.39212311235333763,0.3896373699149442,0.40636446832339873,0.4329995417327076,0.44937414978043977,0.45602507707163586,0.4538848414856022,0.436444383693064,0.42862968904602183,0.46915842387103607,0.5607414112880275,0.6415998780832507,0.6581880378147945,0.6779224354478055,0.7006524298011361,0.711957814399318,0.7361175592522066,0.7568030105611541,0.7741861090135937,0.7601743547755483,0.7704718124241006,0.7942550842678653,0.8626944605247048,0.9251261968069973,0.8713271132752075,0.7667294836212063,0.6740562771334534,0.6163501242813383,0.5876747562117427,0.579108262332088,0.5758133160568338,0.5750202506126236,0.576064257836759,0.577048657396985,0.5783315565613733,0.5817127054711575,0.5826276675329969,0.5825342387594721,0.5821927458209836,0.5824302469477798,0.582803993285346,0.5832404409552698,0.5844080345222792,0.5871818566374231,0.5909321301936172,0.5938592251613661,0.5951131081430032,0.6063033514504403,0.6141776722998684,0.6228394213470172,0.6319312915593565,0.6331830159792421,0.6339562351685156,0.6316106026264868,0.6288906722993314,0.6254659196703984,0.6213419513119566,0.617347147797711,0.6137644280703864,0.6110490366164579,0.6093281746349555,0.6086110100808522,0.6091217928176339,0.6110336073618995,0.6145684240639308,0.6203610419579983,0.6301558089344824,0.645727467887122,0.6577306273166162,0.678339500006842,0.7021772977175808,0.7101097582488937,0.7138732821836766,0.7184197201678965,0.7225844563753898,0.724725896848665,0.724191154998952,0.7204526591120866,0.7157782663995289,0.7123076006780097,0.7099474056437981,0.708629337409967,0.7138751297391999,0.713990303655029,0.7139096558161869,0.7147631860719372,0.7171940342805273,0.7230425826846045,0.732531359712327,0.7462533431077453,0.7637369551102815,0.7859878437272428,0.806102366566087,0.8152180623071724,0.922994524735824,0.949996701721766,0.9595438782366614,0.9688778576162107,0.9797931988720113,0.9810033971382307,0.9781181329274158,0.9790415258160422,0.9774519435103938,0.9732969410195936,0.96833477806274,0.9627868754767696,0.9569863366263115,0.9512899636023479,0.9455211539203698,0.9401288991994108,0.9351888040567037,0.9301099758160828,0.9254883626125925,0.9213516139597776,0.9171713133526752,0.9136264582251941,0.9108403588369294,0.9088618162057489,0.9082973364459754,0.908851740358775,0.9092990018805132,0.9105177083132692,0.9130678985539324,0.9163504047132458,0.9202321411438319,0.9240406639175738,0.9270056496169288,0.9291038070330094,0.932714770194598,0.9367410797663162,0.9393706929183877,0.9409936471985785,0.9415993428607792,0.9363150375605289,0.9216788330295269,0.9765211552198243,0.981495771457316,0.9900086490860313,0.9929422469030903,0.9934593908808318,0.9937205512159811,0.9941973587074798,1.0,0.9943715503604471,0.993725176084093,0.9930672224679187,0.9926531858439053,0.991849038632429,0.9909252952660321,0.9898243194694212,0.9890019812890175,0.9882381566803169,0.9878150597230503,0.9873936392042747,0.986942037852505,0.9865404670578357,0.9860073309172619,0.9854715963575761,0.9846856437573832,0.9837592088258104,0.9824871528397859,0.9811155613630314,0.9796073621722219,0.9789974062313251,0.9785452057755613,0.9793964124037511,0.9806768548830487,0.9820153826168377,0.9833677567841931,0.9844130294728869,0.9849997382653022,0.9857871933046228,0.9861885267061785,0.9839640357697175,0.9865991790936552,0.9873098729682599,0.9882747574723193,0.9889847712313311,0.9893526710962111,0.9902783900672218,0.9902847545184424,0.9909255973889589,0.9909466562327598,0.989993788226992,0.9897864408605157,0.9867680942860362,0.9853689404644731,0.9854154961134628
175,0.08946714748885581,0.46576315228926995,0.46847805529347175,0.46110926662169427,0.4526365167814633,0.44428697435511083,0.43785585347308664,0.4307137345150789,0.4207831835112759,0.40641048192442364,0.3938692719864092,0.39137655950820777,0.4084273451652051,0.4356919898498186,0.4525007398929695,0.4593271263875335,0.45715265966409174,0.43922688277964694,0.43091405040341246,0.4716059306432283,0.5639594753148762,0.6455532260005454,0.6620219513660122,0.6817369306306613,0.7045436804062791,0.7157886988719994,0.7400533813664241,0.7607871906672865,0.7781950336618398,0.7642799200504774,0.7745692749314328,0.7986031031034687,0.8680055403036973,0.9323678842761302,0.8796348280040908,0.7752167714484895,0.6823922768367168,0.6245693487021513,0.5957992198863017,0.5871286128287665,0.5838002579833349,0.5829905227583388,0.5839992470752056,0.5849682277251669,0.5862028354124136,0.5895386929262594,0.5904447577199019,0.5902971259802531,0.5899227864154702,0.5901357915442529,0.5904621574051572,0.5908701798264132,0.5920164650172455,0.5947724306718724,0.5985073017251579,0.6013942191077504,0.6026309889997705,0.6137891597761285,0.6216196857333582,0.6302601218960455,0.6393568591632821,0.6406251520410283,0.6414016586410852,0.6390207093330137,0.636276009663477,0.6328337967183426,0.6287048630569295,0.6246996230388852,0.621092249667438,0.6183740146741874,0.6166352247427214,0.6159126613863405,0.6164153630722057,0.6183183132638956,0.6218368862678392,0.6276198954320495,0.6374057141954584,0.6529271060780398,0.6649058110147225,0.6855075978383348,0.7093067427296742,0.7172638803348915,0.7210325643037885,0.7255815737261058,0.7297259232864174,0.7318475611854977,0.7313025647968016,0.7275513388747631,0.7228724427563142,0.719375562163487,0.7170121494176326,0.7156972808760267,0.7208971850842748,0.7209675848585879,0.7208444082923997,0.72169214937154,0.7241462607095257,0.7299693254387392,0.7394254774221548,0.753084315863768,0.7704860829562709,0.7925973146508145,0.8124866574502314,0.8200385059738686,0.9251460674715215,0.9530311185046213,0.9628040641530823,0.9724864835507725,0.9841574759487919,0.9854990254966306,0.9824789846130801,0.9838416991759464,0.982666496467447,0.978689485301615,0.9738654149277237,0.9684023707346003,0.9626849677400661,0.9570465527347121,0.9513774351431308,0.9460147551916666,0.9411016244073186,0.9360494327491917,0.9314531473719678,0.9272917383410664,0.9231062941999568,0.9195721684519037,0.9167804132269749,0.9147778084710952,0.9142235890299932,0.9147832536791252,0.9152389110117314,0.9164874658201579,0.9190572845600262,0.9223276721606849,0.9262007652515952,0.929971365032028,0.9328732965074353,0.9348959611889317,0.9384358382784203,0.9423652645659171,0.9448821376051364,0.9463235185506692,0.9466695757023567,0.9406712269612412,0.9253077021002432,0.9764086552507166,0.9826951448231847,0.9916112150590219,0.9963991751888465,0.9973749003213391,0.9977643304686094,0.997688889435937,0.9943715503604472,1.0,0.9982897020829398,0.9979312561539038,0.9974863721115157,0.9967398904068565,0.9960150464012248,0.9952383155543123,0.994555162462882,0.9939203536857363,0.9935232760485208,0.9930896500294435,0.9926832770521898,0.9922766617373628,0.9917305476955627,0.9911482446237876,0.9902982022465008,0.9893458381099699,0.9880345326189448,0.9865789691423636,0.9850685095068789,0.9844796965197008,0.9840339711239364,0.9849178488565624,0.9862928510461987,0.9876144665199112,0.9889685117278448,0.9900058114235938,0.9905943752629243,0.9911577570095829,0.9915347534345019,0.9892550023650665,0.9918885879753534,0.9924234312931022,0.9932123849415752,0.9939830671846224,0.9940310708085345,0.99494850239518,0.9949193016211231,0.995592491971867,0.9954044364932093,0.9941367644035048,0.9941596687941039,0.9909227643778644,0.9887943199014876,0.9892183627628465
176,0.0948533864569473,0.4628941634674548,0.4661310443626938,0.4587980060810744,0.45057308594173584,0.44247405142824925,0.4360275132662645,0.42879530582045217,0.41874204667849196,0.40417568210607735,0.3915791440065827,0.38911253660018436,0.4065337663339412,0.4345265736634957,0.45176378219528734,0.4587873761310426,0.4566023657371294,0.43822005443127177,0.4293315053714102,0.4700091801830443,0.5628571417521312,0.6450313768401298,0.66132280547053,0.6808968420095258,0.7037557646909579,0.7149201137504126,0.7391627411152137,0.7598558949347349,0.7772316262197559,0.7638391204644037,0.774140922127515,0.7984551767296921,0.8688922990717614,0.9357814395572852,0.8851694233631694,0.7817476090442947,0.6893602493314854,0.6316808381306473,0.602922175970915,0.5942083488327183,0.590861405978287,0.5900517213359714,0.5910385429476646,0.5919783911269387,0.5931793803084988,0.5964678220355977,0.5973636679675194,0.5972075440697139,0.5968146987109542,0.5970143522841724,0.5973140207354156,0.597710106941768,0.5988337655692199,0.6015656455271721,0.6052718805738648,0.6081305377980922,0.6093668658366991,0.6204240422140997,0.6281988895620773,0.6368086437349751,0.6458890505198641,0.6471947487644926,0.6479851277915917,0.6456220416735757,0.6428890188944169,0.6394513877741855,0.6353392034312902,0.6313377002410999,0.6277444481776308,0.6250284999009992,0.6232949053900088,0.6225685171322889,0.6230702137314014,0.6249681279157601,0.6284639728473087,0.6342088392180163,0.6439202204959485,0.6592942096826699,0.6712536666918043,0.6917573697333702,0.715458482535298,0.7234376867175255,0.7272238478529732,0.7317501950403406,0.7358759841071925,0.7379910560522489,0.737449132278133,0.733719586700279,0.729059082144213,0.7255709886045986,0.7232117191572871,0.721970757813078,0.7270199393977002,0.7270304366024115,0.7268305246611689,0.7277193395819447,0.7302288133717548,0.7360380888183979,0.7454038466860905,0.7589130165572036,0.7761135131174612,0.7978257286979232,0.8171372115974134,0.8222424055002931,0.9227047684158803,0.951098426835068,0.9610940660285147,0.9712729786964516,0.9840959815444928,0.985699590173589,0.9825204259382084,0.9846664669253336,0.9843907630082306,0.9808261989922277,0.9763987554051758,0.9711900529881157,0.9656776907088469,0.9602172382106313,0.9547269872038592,0.9495097254006518,0.9446303899521526,0.9397200242357527,0.9352318922426524,0.9310474679603991,0.9269274760147783,0.9234606144426394,0.9206879593192386,0.9186785052441302,0.918141081055416,0.9187101753679398,0.9191527971392842,0.9203989535771221,0.9229214990457463,0.9261098474404431,0.9298827208766737,0.9335424538403813,0.9362886471970026,0.9381744731572511,0.9415757991450686,0.9452981654797166,0.9475714251247312,0.9486599943501316,0.948550386101442,0.9413937069174515,0.924879751113638,0.9741554155273758,0.9812625187564237,0.9903793710860276,0.9962465492005592,0.997782797529017,0.998369815893653,0.9977356300225033,0.993725176084093,0.9982897020829397,1.0,0.9995005950063588,0.9990427432141978,0.9983288713004731,0.9978439932110446,0.9973976261409324,0.9969062315706513,0.9963936972653236,0.9960778717774109,0.9957095822397715,0.9953464579763421,0.9949550600086731,0.9944071523316811,0.993800719806208,0.9929748078981286,0.9919997621134574,0.9907215346567351,0.9891832554820099,0.9877275196970293,0.9871828121009273,0.9867610817763471,0.9876187562180483,0.9890353755268758,0.9902910043840188,0.9916027467053695,0.9925846098022318,0.9930978862996502,0.9935365363219734,0.9939145082691488,0.9914135304053784,0.9940949036049391,0.9944874656731395,0.9949993397974024,0.9957868147791179,0.9955166978158886,0.996360588192559,0.9961729781379074,0.9968153513932904,0.9963813624592278,0.9948526260076336,0.9950362529045843,0.991650607616141,0.9890147314817623,0.9897989528518354
177,0.10068565590058597,0.4654170721226512,0.46891299457562063,0.46157044407837516,0.4533739734947847,0.4453288694357065,0.4388092398160698,0.4314651223536986,0.4212714985514697,0.4065692185618823,0.3938913171867524,0.39148467919953767,0.4091974881324022,0.4377168429915459,0.4553621048123128,0.4625251315831178,0.46030262808525646,0.44151650270632314,0.4321465966495769,0.4726833425764077,0.5657230712226106,0.6480432937607795,0.6641117018700844,0.6834910526201983,0.706249237359296,0.7172413736853568,0.741357780418207,0.7619360182332017,0.7792200142835035,0.7660640874364226,0.7762545061296798,0.8005996072972522,0.8714207730467906,0.939359929012596,0.8894734995674763,0.7862685283329509,0.6939168203505048,0.6362272450212575,0.6074340046936675,0.5986545581403402,0.5952480545307823,0.5943974514281255,0.5953269019715718,0.5962151611592006,0.5973585290791311,0.6005723452797649,0.6014055845998636,0.6011893599432021,0.6007476299278983,0.6008911479989153,0.601141170360312,0.6014883123170093,0.6025616734981311,0.6052449440177411,0.6088951342402542,0.6117049023417467,0.612905992540377,0.6238791396417254,0.6315892585701418,0.6401425635189077,0.6491689431806236,0.6504642630881173,0.6512272914217867,0.6488474512677892,0.6460944015575114,0.6426414508389746,0.6385161408518861,0.6345034002118226,0.6309021670763433,0.6281735682475589,0.6264225184052592,0.6256770318369627,0.6261545385369836,0.6280263505718269,0.6314902593495206,0.6371909953732279,0.6468376201116388,0.6621237833415194,0.674016478205384,0.6944224626218686,0.7180028862491039,0.7259535063976622,0.729713243451342,0.7342082700750155,0.7383027557267714,0.7403908119537818,0.7398380187125397,0.7361011855249854,0.7314369611295559,0.7279385997415015,0.7255663911975198,0.7243257283159121,0.7293479584511479,0.7293190893874485,0.72907619041186,0.729957255827908,0.7324464396046192,0.7382082885464807,0.7474910392750367,0.7608980701465068,0.7779656287070399,0.7994767764609877,0.8185648897133764,0.8232142690339255,0.9218711483083658,0.9503670178998941,0.9604814755992591,0.9707379641431145,0.9837908517248664,0.9854471526161218,0.9822303845052599,0.9845691392470332,0.9845159475404283,0.9810431544516679,0.9767176063379357,0.9715661579027446,0.9661117254185521,0.9607094688191208,0.9552758905130632,0.9501067392150029,0.9452361639574662,0.9403644329377999,0.9358975074256826,0.9316766022007525,0.9275490493688382,0.9240795846918556,0.921288161928477,0.9192592454763471,0.9187212123565971,0.9192932507157849,0.9197487811376271,0.9210100124511114,0.9235362427214612,0.926727838727826,0.9304810671914762,0.9341290624840025,0.9368233691397598,0.9386268900767136,0.9419662509643774,0.9456046578444242,0.9477878626371319,0.9487615111721536,0.948528153323096,0.9411024181438862,0.9244424686286182,0.9733345003365329,0.9805352591640724,0.9896199930717251,0.9956294073602758,0.9972223823977268,0.9978202183865185,0.9970739028242508,0.9930672224679186,0.9979312561539039,0.9995005950063589,1.0,0.9994173534998393,0.9989062839883635,0.9985859401205401,0.9983050055914303,0.9979053780417327,0.9974694332669001,0.9971825570115095,0.9967979046137732,0.9964175894527756,0.9959855367391695,0.995380060867329,0.9947149341889625,0.9938151418667439,0.9927702795203416,0.9914028192718672,0.9897667460986034,0.9882543997359156,0.9877192612497456,0.9873112952003296,0.9882557133873423,0.9897968152270309,0.9911653755954759,0.9926008852999567,0.9935560550571694,0.9940236467766463,0.9943785638336908,0.9947901967245788,0.9922119644061389,0.9948287341827333,0.9951137146945216,0.9955643649106758,0.9963668067201557,0.996068527127254,0.9968871979903494,0.996646892557114,0.9972428156789845,0.9967743571147412,0.9952183370448985,0.9954474319479152,0.9920881182961913,0.9894997924905854,0.990481744311238
178,0.10588182648756572,0.46919528869009275,0.47264350896707275,0.46520537578765453,0.4569110136606576,0.44873653844291794,0.44206423536107825,0.43453190012892484,0.42417287007866505,0.40932623900002807,0.3965505353520399,0.3941555958214082,0.41213101197457636,0.44111630423177495,0.4591152739955729,0.4664302983302798,0.46411242769808364,0.4449127368714852,0.43511545004134217,0.4755551075410225,0.5687868842630859,0.651217191443725,0.6671003157986974,0.6863612853604982,0.7089974946946315,0.7197836672505007,0.7438130478316657,0.7643280724192263,0.7815761542379146,0.7683824772669803,0.7784242835558932,0.8027403274033831,0.8739368130476836,0.9429249909561117,0.8938359066859278,0.790950364779185,0.6986812932418285,0.6410002968598782,0.6121720357173028,0.6033519467391115,0.5998613757270956,0.5989456306477061,0.5998051425392014,0.6006326604412773,0.6017039625672667,0.6048475546712745,0.6056083328197229,0.6053067706874536,0.6047926765936519,0.604873730019857,0.6050649800462996,0.6053444560906007,0.6063585642766899,0.6089869904006806,0.6125730700009339,0.6153280419299445,0.6164768483838527,0.6273943657374215,0.6350353953787387,0.6435170497006361,0.6524629565297136,0.6537034035200526,0.654422225169714,0.652009737791546,0.6492290688069149,0.645754761148224,0.6416100178044015,0.6375833979926959,0.6339614182255157,0.6312149266535618,0.629448801069446,0.6286748174892047,0.6291191072657331,0.6309571398459426,0.6343745949599149,0.6400287143063996,0.6496353759163908,0.6648707138420302,0.6766670589926091,0.6969448539956508,0.7203863183779163,0.7282500094638994,0.7319545843538485,0.736405505088688,0.7404588161296137,0.7425127238893854,0.7419377310168722,0.7381922538476385,0.7335178613307458,0.7300071008554435,0.7276214529047866,0.7263163491953586,0.7314107213343696,0.7314306599105639,0.7311858016594772,0.7320133908054737,0.7344155314545534,0.7400936957914883,0.7492923314026295,0.7626124266506112,0.779569161648303,0.8010182685150343,0.8201280231660893,0.8256016129638222,0.9235571885215712,0.9519020902594078,0.9619211034598371,0.9719891555939185,0.9845743085589816,0.9861431787461198,0.9830500064045531,0.9851526331070521,0.9848382621158009,0.9813035127774714,0.9769032471133849,0.971743239141171,0.9662959468257258,0.9609186466144999,0.9555094093277205,0.9503690924546995,0.9455539157810642,0.9406913404718006,0.9362012432955892,0.9319937174510357,0.9278318623418407,0.9243284109586873,0.9215254613207516,0.91949152418231,0.9189384508345197,0.9195081551915915,0.9199852736283646,0.921265966308007,0.9238197396909443,0.9270330311474371,0.9308098863696159,0.9344909315999073,0.9371969996949144,0.9389671284844954,0.9422669736046398,0.9458984615832423,0.9481095127705359,0.9491681236098105,0.9490596593935772,0.9420670975167459,0.9258700041303745,0.9731209561446549,0.9801700881585607,0.9892484521185115,0.9949330739807364,0.9963494938538697,0.9968739737936345,0.9963177911680029,0.9926531858439053,0.9974863721115156,0.9990427432141978,0.9994173534998393,1.0,0.9991954659084041,0.9990396103205437,0.9988365267885042,0.9984804183611413,0.998076007800628,0.9978013954711884,0.9974038753840937,0.9969927925054646,0.9965005588891995,0.995851696078421,0.9951277301197904,0.9941701167189311,0.9930359995954704,0.9915624168501619,0.9898792785383114,0.9882572220710172,0.987696087970372,0.9873370154066183,0.9883785560674506,0.9900665609530591,0.991630699052059,0.9931870517080301,0.994141843017564,0.9945210208016582,0.9948912327738026,0.9953116719791947,0.9927338310186842,0.9952286749051359,0.9954598374976009,0.9959352901267844,0.9966621448311966,0.9964802775643838,0.997231419921506,0.9969646743967056,0.9975299257625415,0.9970905701892571,0.9955830143808935,0.9958078350475913,0.9926220323663051,0.990255951645814,0.9913695561012201
179,0.111964992094194,0.47214016696155775,0.4754965591545773,0.467948753036258,0.45950766847688834,0.4512365617716426,0.4443976932647817,0.4366994064936725,0.4261562619726149,0.4111492287372214,0.39824154412634644,0.3958769338029191,0.414165093320728,0.44368800304490913,0.4621279782618564,0.469601428179398,0.46719045415070887,0.44751737030327865,0.4372025182402381,0.47752223469548566,0.5709645385252476,0.6535560744029786,0.6692051950797482,0.6883214789512608,0.710852907888488,0.7214306685034593,0.7453634088420524,0.7658146818057967,0.783026636036988,0.7698563189775879,0.7797742602891217,0.8041072089777486,0.8758547945388556,0.9462895363172203,0.8984506650385659,0.7961953264313916,0.7042086457872732,0.6466368831931605,0.6178252306100557,0.6089653025969192,0.6053939656776046,0.6044189438509834,0.6052079324566053,0.6059682916065132,0.606975948683217,0.6100365995927842,0.6107155598181598,0.6103291034372911,0.609750592837697,0.6097602816315448,0.6098892887152421,0.6101042379388874,0.6110589510273791,0.6136223986060332,0.6171467849335455,0.6198423923040819,0.6209350152788309,0.631774864201304,0.6393413444338177,0.6477333544392041,0.6565756527392027,0.6577664944046606,0.6584420470033271,0.656003101485894,0.6531959161374037,0.649702955451238,0.645547034737867,0.6415056767454826,0.6378741197241593,0.6351089161901982,0.6333213977441593,0.6325251098325435,0.6329331352472989,0.6347314990849054,0.6380964589709819,0.6436973263474249,0.6532405384064385,0.6683928539181138,0.6800783437706687,0.7001947108981015,0.7234535289469114,0.7312149026568149,0.7348650489363315,0.7392592252496482,0.7432603362729646,0.7452806489304569,0.7446845994692484,0.740932827843484,0.7362569281471688,0.7327360646345186,0.7303342680096446,0.7289868555314385,0.7341045048105944,0.7341280191198267,0.7338725772516613,0.7346487866017378,0.7369801133137504,0.7425757539005755,0.7516641056124638,0.7648631398750443,0.7816653521944993,0.8029456190968666,0.8219325559080133,0.8276997604466546,0.9241917990977577,0.9523564090066086,0.9623948051642244,0.9723199969658805,0.984642281733626,0.9861622779585486,0.9831441588860269,0.9851913028050282,0.9848111645555564,0.9812881468162257,0.9769053477104191,0.9717760038444121,0.966391173127095,0.9610636828796605,0.9557240280725822,0.9506370182529675,0.9458780092985702,0.9410464136116115,0.9365690904931551,0.9323675264792984,0.9281916312808046,0.9246661383872025,0.9218555282713553,0.9198156820897213,0.9192453668788079,0.9198133442163059,0.920304292920858,0.9216086511219839,0.9241733825601729,0.927393931364198,0.9311651491970362,0.9348546828742098,0.9375405549171872,0.939245304821562,0.9424805004317666,0.9460721346635723,0.9482573154024385,0.949318789005861,0.9492334462130709,0.9424210160601583,0.9264845959117664,0.9727440887365407,0.9795172122703137,0.9884591884339697,0.9938967181098993,0.9951524862931432,0.9956279688201926,0.9951935067915779,0.9918490386324291,0.9967398904068566,0.9983288713004731,0.9989062839883635,0.9991954659084041,1.0,0.9992569596468569,0.9991420744318825,0.9988663349831111,0.9985267450562164,0.998274548116206,0.9978647758833239,0.9974344666233741,0.9968907072600101,0.9962156559522424,0.9954260131268872,0.9943967127572964,0.9932061214329427,0.9916446521836125,0.9898638106290284,0.988172539430498,0.9875873547917182,0.9872713555695884,0.9883896470243242,0.9902344498021775,0.9919345436251121,0.993600709579452,0.9945923709512093,0.9949076608264622,0.9951795097509649,0.9956091540060564,0.9929561685562769,0.9954052439126873,0.9955537033435393,0.9960053086625333,0.9967369332106595,0.9965806261413042,0.9973339548614725,0.9969839013863808,0.9975127589062132,0.9970679032596484,0.99565284867128,0.9959106041441385,0.9927986685430594,0.9906385505127855,0.9918654814141068
180,0.11712564104980802,0.4704597390037527,0.473877792217807,0.466238053452337,0.45776889962145173,0.44947365202130873,0.44253779926067166,0.4347284815832223,0.4240380637011735,0.4088972723487322,0.3958886365503204,0.39357055649587186,0.4121009398739643,0.44212702664698694,0.4609252501569131,0.4685646196104967,0.4660986423873862,0.4460357265492013,0.4352847392979813,0.47555915186286474,0.569372609062083,0.6523301157841765,0.6678482990762805,0.6868983489232209,0.7094350782813031,0.719901321361334,0.7438547559791975,0.7643124607692078,0.7815494974446092,0.7684873434308597,0.7783731931545516,0.8028571089835878,0.8754519977863322,0.9480695402945677,0.9023253967619078,0.8012880583538174,0.7099307904236773,0.6526335882837725,0.6239142870849179,0.6150487688159181,0.6114578853881363,0.6104563785441492,0.6112073737283896,0.6119316127540254,0.6128971157812053,0.6159109012729073,0.6165512180157785,0.6161264607807432,0.6155157518481129,0.6154962618080021,0.6155902510280159,0.6157731478783187,0.616696005858384,0.6192239945414257,0.6227020099455258,0.6253579912312904,0.6264231347849495,0.63717958174431,0.6446711785631944,0.6529970867578369,0.6617742552641058,0.6629529559427039,0.6636086692908042,0.6611675992034938,0.6583602196334778,0.6548716033109527,0.6507269999379898,0.6466908894536179,0.6430671446371724,0.6403048906464501,0.6385160092444243,0.6377064973047329,0.6381006969162158,0.639876899761938,0.6432047646506097,0.6487568806493075,0.6582295735993225,0.6732714418166129,0.6848647424124681,0.7048225210988518,0.7279008382770958,0.7356106949873761,0.7392208224962153,0.743572486674806,0.747530332711728,0.7495244551670067,0.7489185114127532,0.7451856933628054,0.7405272562203631,0.7370147101167829,0.7346157701929765,0.733273125166753,0.738345799816595,0.7383705091838973,0.7380899792307914,0.7388504144858499,0.7411574466554633,0.7466933550591316,0.7556792479338469,0.7687398913805934,0.7853558188989548,0.806375073731713,0.8250945640033552,0.8302349222552046,0.9239482756710914,0.9520825179292508,0.9620957068800919,0.9720522633188033,0.9844933588877474,0.9860526114745018,0.983074460176517,0.9853268064318313,0.9851899151788264,0.9818318180560718,0.9776205008028579,0.9726395149648188,0.9673959699307189,0.9621983905969357,0.9569895956913318,0.952006446431012,0.9473355699933975,0.9425925418579462,0.9381774561323142,0.9340056365889884,0.9298727754326495,0.9263811128620464,0.923586796789647,0.9215557097715941,0.9209888091259916,0.9215495014255913,0.9220480429485861,0.9233420228888884,0.9258831746016718,0.9290697764214667,0.9327827285719091,0.9364171798279045,0.9390389058328803,0.9406644781265675,0.9438180218898431,0.9473052221435042,0.9494010782726552,0.9503711385435653,0.9501822936744763,0.9431830954803814,0.9270997954543577,0.9712539077404915,0.9781921575841468,0.9872090172426197,0.992749023235605,0.9941183813444877,0.9946286876135171,0.9941673674822397,0.9909252952660321,0.996015046401225,0.9978439932110447,0.99858594012054,0.9990396103205437,0.999256959646857,1.0,0.9994288755397898,0.9992612765567377,0.9989987151912603,0.9988021622452602,0.9984185281635256,0.9980141297730795,0.9974717693232783,0.9968012777476387,0.9960071639886257,0.9949890193389163,0.993788598878833,0.9922318842791582,0.9904549002342898,0.9887613236631704,0.9881873789656439,0.9878891151156816,0.9890522993746749,0.990927857009361,0.9926592293446928,0.9943294994191897,0.9952526365446801,0.9954939278563415,0.99569914145088,0.9960724377325498,0.9934499767384899,0.9958390891813949,0.9959094709811059,0.996238614793526,0.9969067234688895,0.9966870935109114,0.9973343199328594,0.9969236871777895,0.9973790292745357,0.9968618955017475,0.9953973773239227,0.9956309483828869,0.9925728229935316,0.9903235198789553,0.9915888260575605
181,0.12212888910618709,0.4673865988628884,0.47101413015900645,0.46325940795452475,0.45484035146374585,0.44655721942814897,0.4395698276866952,0.4316624139727165,0.4208613478911895,0.4055824071221212,0.392512134312089,0.39020350427369815,0.40898452773205024,0.4394804191126207,0.4586100865852669,0.46638366228220357,0.4638869806302488,0.4434530542615886,0.432300768208173,0.47254647362849805,0.5667216971624249,0.650073049565028,0.6654829523278052,0.6844800014738704,0.7070422929922109,0.7174410739949247,0.7414189638105868,0.7619066339163005,0.7791771281339734,0.7662668719378023,0.776132432396915,0.8008053441711831,0.8742756989485663,0.9491880168777459,0.9056742425983373,0.8059658622919041,0.7153146815602038,0.6583378740153728,0.6297315079216205,0.620873102608284,0.6172664596107151,0.6162574338280234,0.6169825911139927,0.6176808286579701,0.6186195334784872,0.6215830011747778,0.6222008831813585,0.6217593018937672,0.6211319076487074,0.6210900559582678,0.6211624299577414,0.6213265064412348,0.6222298155560397,0.6247253322400532,0.6281678020217325,0.6307920824638876,0.6318439130186965,0.6425153403175776,0.6499454456273699,0.658212245203595,0.6669395630302207,0.6681209398677221,0.6687694970087229,0.6663313171268171,0.6635325020465476,0.6600524938675435,0.6559217978152638,0.6518992536047851,0.6482884089494613,0.6455320256842562,0.6437428368435549,0.642933048564044,0.6433184982501605,0.6450772621925788,0.648376143194392,0.6538864493364341,0.6632882297770312,0.6782133161635221,0.689722912212328,0.7095461055644204,0.7324597788649182,0.7401297627338632,0.7437146528690406,0.7480328211269647,0.7519563933387653,0.7539283811889362,0.7533255432967387,0.7496115133776164,0.7449762020475295,0.7414726255506564,0.7390834732682201,0.7377593959100093,0.7427657372044268,0.7428004449009636,0.742488449657806,0.743253572167289,0.7455469075023823,0.7510375786802159,0.7599235991472904,0.7728495161361918,0.7892844010631074,0.8100320448332763,0.828447192591129,0.8326245534129509,0.9231985575326572,0.9513713370248912,0.9613716844083942,0.9713818798273031,0.9841103349761764,0.9857595275602484,0.9827870449066584,0.985350301387727,0.9855722064035153,0.982447366596044,0.9784542057104008,0.9736539839838508,0.9685738192468744,0.963527716802309,0.9584597779770765,0.9535995407913164,0.9490047375050754,0.9443699054366281,0.9400486481129186,0.9359051395449092,0.9318267628097208,0.9283872956027824,0.9256189100201373,0.9236007687614486,0.9230469260043025,0.9236022151779346,0.9240938775281479,0.9253895364007639,0.9278977226752592,0.9310340327886127,0.9346781103852719,0.9382459425317426,0.9407761374064014,0.9423207648984916,0.9453841430143393,0.9487456006718247,0.9507240057105826,0.9515572247702356,0.9512095265258169,0.9438580309526581,0.9274571001168714,0.9694837619920578,0.9765356689147192,0.9856482520349815,0.9915575974307203,0.9930873869306904,0.9937096859898863,0.9931552317723352,0.989824319469421,0.9952383155543123,0.9973976261409324,0.9983050055914304,0.9988365267885042,0.9991420744318825,0.9994288755397898,0.9999999999999998,0.9995763452871693,0.9994079670809036,0.9992809345639426,0.9989496567508352,0.9985797431015188,0.9980661394698611,0.9974070259045318,0.9966287053057246,0.9956454411143714,0.9944464509968933,0.9929120588781153,0.9911259667064403,0.9894702385184374,0.988939783247964,0.9886633738377799,0.9898411929087214,0.9917166324489853,0.9934118600747017,0.9950538164249506,0.9959245587243996,0.9960941814549208,0.9962251264509081,0.9965710775162859,0.9938526580858104,0.9962453944055076,0.9962430726175378,0.9964296758962758,0.9970446592711281,0.9966639811244262,0.997234822597496,0.996732381252983,0.9971367369486634,0.9965364478034637,0.9949167295767123,0.9951648136332326,0.9920989790651503,0.989689580716081,0.991070999286883
182,0.12584669537872017,0.4626963112438132,0.466207153797096,0.4583651463901746,0.44982147421943547,0.4414558169611311,0.43440583022146456,0.4264148357439599,0.41549258174306625,0.4000886928075758,0.3869409744066164,0.38462566754635613,0.4036173407662633,0.4344945012190334,0.4539058739680068,0.4617941253615153,0.4592467853924782,0.43848166029789165,0.4270239016879147,0.467310746461587,0.5619297852258612,0.6457739105298125,0.6611518619884175,0.6801901643100189,0.7028703009770331,0.7132391580330683,0.7373303438607407,0.7579229000878506,0.7753043329956463,0.7623635108763678,0.7722599800123158,0.7971789845351556,0.8717462461845541,0.9493368758956107,0.9085713535642466,0.810578409782602,0.720861639916764,0.6643253502251059,0.6358903254103575,0.6270741028745751,0.6234791139839332,0.6224733195916584,0.6231863052296979,0.6238805727068751,0.624808052015525,0.6277488635862704,0.6283570572968135,0.6279155941440178,0.6272866321119527,0.6272417876462181,0.6273092289157565,0.6274672178619894,0.6283582354026874,0.6308380342985149,0.6342572610216156,0.6368639746001403,0.6379080917043296,0.6485032795814334,0.6558802866706249,0.6640948793742265,0.6727672184652198,0.6739453553967145,0.6745927842256731,0.6721728405822811,0.6693877122531098,0.6659290739765699,0.661820355677959,0.6578222171460874,0.6542304726077224,0.6514879899815926,0.6497125274675517,0.6489039405242415,0.64928403117933,0.6510279710538013,0.6543019563736544,0.6597766214346334,0.669110399377883,0.6839252054358317,0.6953600090648674,0.7150261856281138,0.7377580615255801,0.7453709331593955,0.7489300355124942,0.7532116505174411,0.7570973928449146,0.7590549452922296,0.7584557471297592,0.7547678650439901,0.750165271671588,0.7466863259812734,0.7443103899465036,0.7430024553501567,0.7479449254494258,0.747981596304746,0.7476503274703197,0.7484153524976572,0.7506955470428639,0.756130985827616,0.7649310156616109,0.7777138786511686,0.7939626927497924,0.8144422498276997,0.8325526967971746,0.836006119620136,0.9234207403325201,0.9513992767355436,0.9612875023400188,0.9712420665343993,0.984075895316234,0.9857581280834762,0.9828680662227754,0.9856672645734342,0.9862029915205851,0.9833073318247154,0.9795569529839734,0.9749682394066442,0.9700816210831863,0.9652151376694972,0.9603191833223392,0.9556017643576933,0.9511214045335685,0.9466182390095987,0.9423985401832292,0.9383306487379263,0.9343337798125059,0.9309629151424421,0.9282469154526641,0.926257635021464,0.925716576637725,0.9262750104844173,0.9267621838966967,0.9280393814080574,0.9305054781423656,0.9335769221544552,0.9371414163469064,0.9406231687374469,0.9430754855726449,0.9445503146615234,0.9475127969345325,0.9507557223755114,0.9526280644832131,0.9533585424066694,0.9528969736417399,0.9453460879996228,0.9288206436288119,0.9678146099090768,0.9750329114054603,0.9843125251987079,0.990390001569607,0.9920631485391049,0.9927864562659349,0.9922448542932484,0.9890019812890175,0.994555162462882,0.9969062315706513,0.9979053780417327,0.9984804183611413,0.9988663349831112,0.9992612765567376,0.9995763452871692,0.9999999999999998,0.9995487349593382,0.9995135700919517,0.999251845980516,0.9989429915816578,0.9984890141000203,0.9979040345109461,0.9971703114827943,0.9962498437255609,0.9951082385016876,0.9936469275464113,0.9919222182028301,0.9903245776583695,0.9898188734725706,0.9895854793463246,0.9907172234809125,0.9925476239845218,0.9941555436649264,0.9956988887633178,0.9964904876179825,0.9966082474705669,0.9966394580128971,0.9969069061714028,0.9941608134461979,0.9965909324251807,0.9964911512309264,0.9965316433844278,0.9970576403178845,0.9965615747248655,0.9970341322567364,0.9964632608673369,0.9967807386384218,0.9960936998342731,0.9944172837535169,0.9945889055581788,0.9914329509420049,0.9889449582992879,0.9903216296666831
183,0.12927051437622764,0.45712303115728053,0.46060610274111896,0.4526420716423644,0.44402831484461247,0.4355962436616438,0.4284751639466345,0.42037970765339955,0.40937646347970275,0.3938735064916523,0.38063884281266225,0.37834005893908895,0.3975105251825736,0.42875056566330233,0.44843655011503863,0.45644077090745655,0.45384538022180265,0.43281123898212004,0.4210755510166483,0.46141037237109855,0.5564800162473412,0.6408255103494122,0.6562106133088026,0.675303660728572,0.6981065658950214,0.7084699905980119,0.7326943578964805,0.753410285769411,0.7709077816077677,0.7579479586646044,0.7678769264803921,0.7930541653087303,0.8687607617911595,0.949120433109736,0.9111871579426235,0.8149989916853921,0.7262756553908262,0.6701990713422095,0.6419644622607938,0.6331925191391659,0.629621359794704,0.6286263606064013,0.6293403557504202,0.6300284581204426,0.6309569223629736,0.633876766149107,0.6344882116015979,0.6340514950964006,0.6334271260158321,0.6333865750266705,0.6334500976640985,0.6336125037448815,0.6345029239941434,0.6369696255755383,0.6403653086208203,0.6429557064394839,0.6439984135535985,0.6545170315222559,0.6618429160322851,0.6700071555118216,0.6786317563623808,0.6798188203038066,0.6804675411993173,0.678065963138195,0.6753057156731865,0.6718672403307356,0.6677852606169621,0.6638120137355369,0.6602442947549485,0.6575201360968521,0.6557529789584176,0.6549493485735269,0.6553280787562668,0.6570602468154804,0.6603121284573622,0.6657489446096563,0.6750150740657411,0.6897092275916968,0.7010733087262446,0.7205958994123174,0.7431511088468137,0.7507189411684076,0.7542568401980199,0.7585057873818836,0.7623574253236902,0.7642998995488044,0.7637081005317461,0.7600475294511392,0.7554817915230543,0.7520258401553467,0.749668666142446,0.7483800172577224,0.7532509266895355,0.7532971474173097,0.7529570388988961,0.7537248324766952,0.7560015732211501,0.7613896700561229,0.7700962068723509,0.7827429275449761,0.7988096296923365,0.8190163123596857,0.8368253959148283,0.8394116575531962,0.9235676486637708,0.9513981217254057,0.9611857928685775,0.9711071399808021,0.984055168575286,0.9857891323064808,0.9829753112410148,0.9860316061536459,0.9868766971808803,0.9842396347838247,0.9807420507808413,0.9763739345956114,0.9716946832884706,0.9670178576262783,0.9623018924953499,0.9577402205107365,0.9533808253670634,0.9490099571492155,0.9449099036003665,0.9409178127685852,0.9370121518674693,0.9337247444498671,0.9310620041461822,0.9291112647358318,0.9285931361989569,0.9291464914731711,0.9296313171161449,0.9308873002310929,0.9333060144307125,0.9363139176043308,0.9397930974040174,0.9431908027298298,0.9455545431113938,0.9469543973205001,0.9498177738033311,0.9529369113391242,0.954700445861759,0.9553251560728803,0.9547495919770957,0.9469749053484109,0.9302240085126477,0.9662123705429403,0.9735146397910913,0.9829552118134615,0.9891943410820028,0.9910250335852011,0.9918442990940085,0.991343920824759,0.9882381566803169,0.9939203536857363,0.9963936972653236,0.9974694332668999,0.9980760078006281,0.9985267450562164,0.9989987151912604,0.9994079670809037,0.9995487349593382,0.9999999999999998,0.9996231396563252,0.9994404969876632,0.9992048160233085,0.9988348267912713,0.9983198466177501,0.9976555450354714,0.9968287521963505,0.9957436941866137,0.9943815821230796,0.9927318494846769,0.991219629087549,0.9907541380967274,0.9905323542998905,0.9916477616386069,0.9934082741935465,0.9949089859877012,0.996335899955601,0.9970397858137661,0.9971038670750205,0.9970558492898056,0.9972425461657436,0.9945170206390466,0.9969155905537542,0.9967631690823714,0.9966809257722751,0.9971053578623073,0.9964690121322323,0.9968094293649162,0.9961178837998915,0.9963897868199938,0.9955848242772594,0.9938266286417863,0.9939519052155416,0.990653454870387,0.9880936584360936,0.9894450451490874
184,0.131996226482226,0.450683219994809,0.45402196540957046,0.44594400599411266,0.4371635631394441,0.4286066897559052,0.42141221406303375,0.41325204551894945,0.4021738243381656,0.3865635993309007,0.3732517931128068,0.3709544014554961,0.3902794770789561,0.42180885327271145,0.44171932310085715,0.44981252543523104,0.4471836038547262,0.4258971473773986,0.41394929015635673,0.45438274373584303,0.5499331233525634,0.6348248600454193,0.6502631390496975,0.6694635089934224,0.692428835008505,0.7028223864092046,0.7272223366715395,0.7480904095611743,0.7657578122536133,0.7526951824107632,0.7626874202497975,0.7881588354645972,0.8650703543770799,0.9483397104875367,0.9134335649777042,0.8191639954869054,0.7315104833319623,0.6759253571943654,0.6478983199534154,0.6391953396462513,0.6356609222509946,0.6346828708713077,0.6354074402350144,0.6361073461568459,0.6370422879980331,0.6399622222559593,0.640588173616708,0.640171912699001,0.6395671825568808,0.6395384727136677,0.6396205267706189,0.6397947486151796,0.6406909098387259,0.6431592232167748,0.6465469114513531,0.6491360839218385,0.6501848924699114,0.6606479490256608,0.667935784845857,0.6760566153123726,0.6846392764890395,0.6858363339914955,0.6864930669567416,0.6841203996495977,0.6813836830547955,0.6779762278483583,0.673926892793187,0.6699853068543765,0.666444883121989,0.6637437791238643,0.6619919442409979,0.6611976016755169,0.6615797086509878,0.6633079178425894,0.6665456467628116,0.6719560134456917,0.6811695975569868,0.6957610781105159,0.7070582411859315,0.726444685605618,0.7488309713884582,0.7563541349536864,0.7598730168525464,0.7640913556749784,0.7679209040485235,0.7698499266025671,0.7692677425784151,0.7656440899666075,0.7611190628404665,0.7576911601038294,0.7553600376786215,0.754082331174823,0.7588981230971,0.7589583067759252,0.7586156482696338,0.7593809610033315,0.7616460178187491,0.7669902608032249,0.7756188613200569,0.7881369171760368,0.8040387805129512,0.8240043721139895,0.8415599369007692,0.8434723222666417,0.9243977626355826,0.952001632153953,0.9616405552541266,0.9714480255627493,0.9844175317413223,0.9861997160583308,0.9834731362940716,0.9867593770718547,0.9878849883350925,0.9855008431151236,0.9822517694262177,0.978121831210801,0.973659609054454,0.9691776367073871,0.9646464362192794,0.9602449688454914,0.9560197252171659,0.9517895475209057,0.9478109618463212,0.9439219054851503,0.9401219176913914,0.9369195959989636,0.9343250409593975,0.9324235768121011,0.9319255614365062,0.9324736556668181,0.9329553917809728,0.9341880490013657,0.9365520798201519,0.9394878519276304,0.9428864931227644,0.9461886476253376,0.9484735721746107,0.9498158414213809,0.9525819402967899,0.9555814056645059,0.9572571254897094,0.9577971261499332,0.9571420677781308,0.9492344896741084,0.9323394080035188,0.9646709931988562,0.9721566834754666,0.9818889485801169,0.9882445909209601,0.9902206051578767,0.9911798267803952,0.9907439946698656,0.9878150597230504,0.9935232760485206,0.9960778717774108,0.9971825570115096,0.9978013954711884,0.998274548116206,0.9988021622452602,0.9992809345639426,0.9995135700919516,0.9996231396563252,1.0,0.9996852144274356,0.9995502027621113,0.9992485140153146,0.9988415508003303,0.9982712966322425,0.9975429527340987,0.9965756723500444,0.9953319061593369,0.9937869105605115,0.9923598410678999,0.9919528007522388,0.9917579690566642,0.9927972785937546,0.9944390422471315,0.995807857301578,0.9970826046426804,0.9976932291553043,0.9976949296894136,0.9975872546687568,0.9976827943994482,0.9949343898329684,0.9973669473031759,0.9971661020216411,0.9969656158899547,0.9972633015092253,0.996505549589715,0.9966923689251067,0.9958944851274165,0.9961017717847586,0.9952407199049728,0.99334012220808,0.9933951115123313,0.9900003933686546,0.9873033884226549,0.9885653484900084
185,0.1334109053828967,0.44387624271537485,0.4470165358913982,0.43881627458842154,0.42985298432707064,0.42117252972480024,0.4139027953923259,0.40569327375304165,0.3945351187554901,0.37886107696538607,0.365478021965392,0.3631588220195242,0.3825859990471816,0.4143260839444361,0.43438382773567236,0.44252706239865164,0.43985706865968777,0.4183926693719273,0.40631548176486304,0.44687008461949934,0.542880728201702,0.6283077439466461,0.6438301936477975,0.6631729458599787,0.686324217290278,0.6967792322903331,0.7213776606899861,0.7424251543517838,0.760269116732757,0.747069806811974,0.757136923737052,0.7828911576516532,0.8609585550936374,0.946956107172872,0.9149462334379428,0.822570922924899,0.7359816842554767,0.6808970686626991,0.6530871747692527,0.644462016800086,0.6409689613181009,0.6400164869721416,0.6407606315618037,0.6414799788482203,0.6424320698110119,0.6453569699647782,0.6460060508076446,0.6456186007926574,0.6450398146662851,0.6450360962709544,0.6451362478657151,0.6453316687127523,0.6462419484767971,0.6487172030655087,0.6521062696014678,0.6546951960680979,0.6557566153643424,0.6661713163804914,0.6734334495711514,0.681522800864694,0.690070199571246,0.6912783322876209,0.6919479356289053,0.6896038813290676,0.6868952628537014,0.6835199940005395,0.6795036166756314,0.6755917025544652,0.6720826424955019,0.669403299444044,0.6676704236909071,0.6668867847812644,0.667276439162328,0.6690037606446314,0.6722318070474664,0.6776206591755116,0.6867869760162397,0.7012980888222282,0.7125358963089571,0.7318027677430045,0.7540387931869375,0.7615210353504466,0.7650266694343336,0.7692217198737265,0.7730314934229873,0.7749544591909395,0.7743879853715497,0.7707969497599545,0.766309353125006,0.7629147332793405,0.7606055887706311,0.7593453988195605,0.7641045514350192,0.7641892477629677,0.76384961735552,0.7646214911672157,0.7668799019837219,0.7721882458795963,0.7807492937447962,0.7931612038700174,0.8089168478222458,0.8286757097556445,0.8460097222746993,0.8473428701896465,0.9253051661244112,0.9526579187207589,0.9621189141075582,0.971809667526073,0.9847746020585495,0.9865773648504897,0.9839682672603915,0.9874424029041663,0.9888180555907282,0.9866678964912349,0.9836662644443899,0.9797605177049964,0.9755103302857984,0.9712232460624517,0.9668663455559022,0.9626231287006961,0.9585343785278403,0.9544372112026521,0.9505836640051365,0.9468046449180635,0.9431103742999356,0.9399977668961649,0.9374758531270493,0.9356276875703503,0.9351548609613537,0.9357032868641544,0.9361757663455765,0.9373811386828094,0.9396874124286764,0.9425565720551129,0.9458697505776342,0.9490831626613645,0.9512990988620826,0.9525957072114019,0.9552772204909167,0.9581674964440495,0.9597568247221955,0.9602378971879997,0.959523125517061,0.95151534009816,0.93447582524262,0.9632331204993198,0.9708808239875589,0.9807763128388309,0.9873046857351413,0.9894385909964669,0.9905000460840703,0.9901599391165771,0.9873936392042748,0.9930896500294435,0.9957095822397715,0.9967979046137732,0.9974038753840937,0.997864775883324,0.9984185281635257,0.9989496567508352,0.9992518459805161,0.9994404969876632,0.9996852144274357,0.9999999999999998,0.9996629666863004,0.9994778497100909,0.9991675073392716,0.9987107467884728,0.9980913186981965,0.997245515753094,0.996134062065177,0.994724934819112,0.9933932283204818,0.9930283196219244,0.9928467724914847,0.993812587535573,0.9953226669277494,0.9965443517099987,0.9976495885404996,0.9981411604780671,0.9981125343420628,0.9979274979427272,0.9979268152395021,0.9951606594040242,0.9976564219384875,0.9974060591905711,0.9970831895108986,0.9972682912263023,0.9963657761496023,0.9964493717725939,0.9955622572299413,0.9957068617631134,0.9947302780989505,0.9927837221384817,0.9926880976104235,0.989222563287445,0.9863356782043384,0.9874831915578829
186,0.1348837914309092,0.43708172487838487,0.44010492717438787,0.43182411662524844,0.42273554205613123,0.41394378025588663,0.40662344386941657,0.398387290357505,0.38718863137865484,0.37143679929630896,0.3579935189814455,0.35567257014746556,0.3751927980040685,0.407114390956596,0.4272970734810733,0.4354990282233587,0.4328129229312307,0.41120920350483176,0.39901955246928383,0.4396940127198228,0.5361230924860576,0.6220321770890604,0.6376519619236956,0.6571298736900868,0.6804578463460784,0.6909736061732082,0.7157580109243187,0.7369670595448644,0.7549804045461888,0.7416428438938877,0.7517952627367783,0.7778140672698552,0.8569591488981375,0.9454907753877065,0.9161732532659328,0.8255510464216744,0.7399439929298834,0.685320964747204,0.657715646098569,0.6491711144202382,0.6457272975507782,0.6448034087698366,0.6455733018009832,0.6463170031626221,0.6472959711533742,0.6502317371924284,0.650911681977342,0.6505559069525391,0.6500109506067712,0.6500308565356039,0.6501601383545719,0.6503777895576204,0.6513068333406999,0.6537929053712391,0.6571862070083092,0.6597819430056004,0.6608614149191155,0.6712282118765789,0.6784718226691643,0.6865359032572202,0.6950593358490351,0.6962854614996244,0.6969712229770841,0.6946587251383383,0.6919822541277757,0.6886395548392011,0.6846546478248562,0.6807758931344099,0.6772944353034183,0.6746422414516781,0.6729272180073307,0.6721578436745842,0.6725572563514005,0.6742845178251489,0.6775092196673537,0.6828747560722189,0.6919974954486643,0.706426259023991,0.7176243132949467,0.7367855682778777,0.7588834272936452,0.7663401367087775,0.7698402668908589,0.7740151471972472,0.7778084793937381,0.7797284896285429,0.7791781872137884,0.7756198975966669,0.7711702706822485,0.7678085671005604,0.7655213519297213,0.7642841092284357,0.768978866472255,0.7690717665145429,0.7687309029392055,0.7695145081240443,0.7717790252746497,0.7770601509552258,0.7855606380686778,0.7978716430123941,0.8134899286302928,0.8330349810174342,0.8501264213213459,0.8507017704413212,0.9258664373076431,0.9530180520264625,0.9623165101413101,0.9719452349506487,0.9849551957381598,0.9868029226692371,0.9842724474142807,0.9879758252946604,0.9896298335020584,0.9877307471217907,0.9849728677973237,0.9812915465298585,0.9772480788281395,0.9731392286707206,0.9689565272901253,0.964861132995245,0.9608915782704774,0.9569277511439993,0.9531937341838577,0.9495134576732842,0.9459258076001312,0.9429045604257431,0.9404524541353456,0.938653176134231,0.9382077243360698,0.9387595136502677,0.9392218784145288,0.9403977044686467,0.9426487304312077,0.9454449507548165,0.9486729691897703,0.9517997601922034,0.953939723283532,0.9551888412276569,0.9577773809256309,0.9605603099055351,0.9620573664494658,0.9624463307687035,0.9616412196659088,0.9534820871721775,0.9362400984697529,0.9618061297939156,0.9695378757144998,0.9797245098051593,0.9863932199938182,0.9886921971457723,0.9898820824301258,0.9896006414968925,0.986942037852505,0.99268327705219,0.9953464579763421,0.9964175894527756,0.9969927925054645,0.9974344666233741,0.9980141297730796,0.9985797431015186,0.9989429915816578,0.9992048160233085,0.9995502027621113,0.9996629666863003,1.0,0.9996264619500945,0.9994371510575053,0.9990811046631544,0.9985845652871043,0.9978368357041439,0.9968633076219541,0.9955781819314559,0.9943461201232342,0.99402705916087,0.9938539477909732,0.994742752168783,0.9961211269097725,0.9971702110062838,0.9981062472528525,0.9985048496541906,0.998442141129852,0.9982003931243851,0.9981093600841897,0.9953554125603967,0.9978680759510861,0.9975537106228373,0.9971593746181934,0.997223070168183,0.996194972586621,0.9961135205962798,0.9951348683348624,0.9952415738592436,0.9941740777444221,0.9920829401182445,0.9919149796075892,0.9883343782518339,0.9853461083414292,0.9863227543009209
187,0.13558474197946663,0.42968114685073616,0.4325275279339791,0.4241137075359124,0.41485367593283734,0.40594097556431386,0.3985737142163641,0.39030095211191357,0.3790656301095904,0.36327930809626335,0.3497678130717274,0.3474206103013625,0.3670086604349201,0.399042754420897,0.41931750443072263,0.4275514373269195,0.42482585594933536,0.4031132868823697,0.3908586637794402,0.43166560747352656,0.5285173761038743,0.6149363585681037,0.6306818938595385,0.6503190913661036,0.673848841452685,0.6844459358457583,0.7094474429709589,0.7308363928602181,0.7490328771849609,0.7355483635420929,0.7457957424848125,0.7721064012171823,0.8523498598291204,0.9434741143688193,0.9169492749908472,0.8281804555619368,0.7436270032396644,0.6894988368951906,0.6621161111711269,0.6536555617157559,0.650273019533001,0.6493822473891174,0.6501853368569864,0.6509583962250964,0.6519710376156483,0.6549288594689421,0.6556422774318007,0.6553333751305294,0.6548250372683958,0.6548825036320767,0.6550424978848952,0.6552898709782616,0.6562479873634067,0.658748357879028,0.6621509104274942,0.6647575158811126,0.665861188242682,0.6761882251904575,0.6834165253902341,0.6914587127220069,0.6999629327372845,0.7012061375242205,0.7019118117477595,0.6996336496874433,0.6969914461215113,0.693684684726499,0.6897381564805776,0.6858929800593668,0.6824447441156047,0.6798199904906479,0.6781249419462083,0.6773733316621053,0.6777839621568132,0.679514304908179,0.6827364225353768,0.68808887177333,0.6971717413305113,0.7115205432384083,0.7226772681199058,0.7417351130149892,0.7637040423899163,0.7711307933005453,0.774623545058176,0.7787848215073194,0.7825661777365251,0.7844842400077385,0.7839494895545625,0.7804334240529501,0.7760204349349743,0.7726954770444784,0.7704351744310659,0.7692230655551242,0.7738565453557381,0.7739817040439326,0.7736495809895698,0.7744415626109324,0.7767115071662639,0.7819665422721598,0.7904128866751307,0.8026290830263743,0.8181137051430354,0.8374648371449468,0.8543470285831957,0.854362775333658,0.926731111005572,0.9536042355317137,0.9626807244455317,0.9721914252278432,0.9851994333435572,0.9870695151026854,0.984650109324612,0.9885491176955208,0.9904643527392907,0.9888076070838069,0.9862944554708926,0.9828433890048542,0.9790104914479999,0.9750907324940369,0.9710788546389896,0.9671365603904001,0.9632980194186376,0.959471494805104,0.9558609587038646,0.9522906339124176,0.9488171346044154,0.9458938832966204,0.9435114000794852,0.9417736305252251,0.9413561364658395,0.9419057268760628,0.9423606972799851,0.9435059533962864,0.9456965647600226,0.9484211617561344,0.9515635648059595,0.9545943582738922,0.9566683657387506,0.9578741382018772,0.9603817603918837,0.9630603382860191,0.9644751899454469,0.9647965821320051,0.9639286606917473,0.9556594086056234,0.9382888590736446,0.9603390785929313,0.9682404643689136,0.9786164868536366,0.9854784431714195,0.9879283939134409,0.9892581661366756,0.9890608671329275,0.9865404670578357,0.9922766617373628,0.9949550600086731,0.9959855367391695,0.9965005588891995,0.9968907072600098,0.9974717693232783,0.9980661394698611,0.9984890141000201,0.9988348267912713,0.9992485140153146,0.999477849710091,0.9996264619500944,0.9999999999999998,0.999581565231151,0.9993497078776579,0.9989865919764199,0.9983677991873237,0.9975558692430847,0.9964002487221644,0.9952981165711692,0.99502037126152,0.9948487574782053,0.9956461293055909,0.9968565803083441,0.9977145422405634,0.9984593700941756,0.9987616474562335,0.9986771899273342,0.9983594363358803,0.9981931376250558,0.9953928975872065,0.9979754804747791,0.9976334893078164,0.9971091953231752,0.997106868714018,0.9958902627434253,0.9957052249278098,0.9946294605980437,0.9946935429643744,0.9935303631295477,0.9913774623459081,0.9910605942510247,0.9873644143742034,0.9841870895483796,0.9850766545722469
188,0.1375970439933484,0.422133299458452,0.4246772178360847,0.41609305008817526,0.4066453298003652,0.39756545968517226,0.390122135847952,0.38178142271567883,0.3704794303161279,0.35461104901309026,0.34099561479846485,0.33860490459688797,0.3582423554211379,0.39043076568007656,0.4108010495310529,0.41902747444055244,0.4162354264208356,0.3943080391655344,0.38192892755542607,0.42286466311012394,0.5202029443635262,0.6071846561463885,0.6230524157487153,0.6428638461290976,0.6665964347450969,0.6772728968016111,0.7025063352774088,0.7241118008480089,0.7425127823741736,0.7288537540825106,0.739197792589832,0.7658257959004761,0.8473071494458536,0.9414080114555782,0.9181253079219878,0.8315223007602416,0.748194415151046,0.6946459036268641,0.6675207199573274,0.6591568913438985,0.6558291309926071,0.654974149121312,0.6558028170260842,0.6566025028773004,0.6576413711435296,0.6606159257205262,0.6613659717954006,0.6610980805914187,0.660628164993859,0.6607176626794214,0.6609068545682124,0.661186973267467,0.6621651724795654,0.6646772360264772,0.6680880713872498,0.6707038880860224,0.6718251125616876,0.6821123488495355,0.6893081968145202,0.6973175032653142,0.7057827221250068,0.7070391073030868,0.7077560935336082,0.7055109941745334,0.702903578794655,0.6996332221601969,0.6957264792024431,0.691920192191412,0.6885040146865261,0.6859068015187376,0.6842312554218588,0.6834951141050648,0.6839147481066443,0.6856453898802436,0.688859142646527,0.6941885285947931,0.7032267228439903,0.7174806477693467,0.7285778867194788,0.7474925611584385,0.7692899921965319,0.7766667613471231,0.7801403197860477,0.7842722178142585,0.7880224938086302,0.7899343480771197,0.7894140814193296,0.7859357401773566,0.7815735097862726,0.7782886844003748,0.7760578010294055,0.7748659559615001,0.7794326184035353,0.7795850085918933,0.7792630778899904,0.7800563607108089,0.7823207868746528,0.7875421350210309,0.7959199168222142,0.8080190252038386,0.8233523128856192,0.8424868157726753,0.859138098252617,0.8585862208170328,0.9279141203970274,0.9544009987123753,0.9632461320143872,0.9725859728075316,0.9855255820839763,0.987405276777223,0.9851241879156262,0.989193120896298,0.9913520133210958,0.9899397158989494,0.9876883343994389,0.9844816311951419,0.9808741807206053,0.977158758582444,0.9733365690802152,0.9695618276314142,0.9658725253991781,0.9621925564654363,0.9587127556514597,0.9552710150044189,0.9519215869335156,0.9490978023931723,0.9467988978663772,0.9451210746637201,0.9447269720063376,0.9452649400322558,0.9457093003462714,0.9468195130363194,0.9489413786820243,0.9515854364680127,0.9546266155257138,0.9575574274885054,0.9595593524913568,0.9607315569357702,0.9631473866725961,0.9657183541731335,0.9670656001281713,0.9673296652044666,0.9664227900701565,0.9581167252120125,0.9406889536357755,0.9587853109332202,0.9668370529477354,0.9774414217449848,0.9844230600288568,0.9870224522110164,0.9884751107333537,0.9883826360535686,0.986007330917262,0.9917305476955626,0.9944071523316811,0.9953800608673289,0.995851696078421,0.9962156559522424,0.9968012777476387,0.9974070259045317,0.9979040345109461,0.9983198466177501,0.9988415508003302,0.9991675073392715,0.9994371510575052,0.9995815652311509,0.9999999999999998,0.999540035215192,0.999327937517442,0.9988621658035124,0.9982107999190462,0.997226731795022,0.996245608866495,0.9960092391642595,0.9958444685106459,0.9965233183273678,0.9975357750397384,0.9982010855024407,0.9987295192843229,0.9989124556291087,0.998763623535925,0.9983943827526782,0.9980852703404474,0.9953310661244211,0.9979378013919914,0.997588554823415,0.9969361368491267,0.9968034715871681,0.995489579504094,0.9951533178473384,0.9940013859027038,0.9940063500347722,0.9927578657534273,0.9904926399673442,0.9900816380696561,0.9862199125478883,0.9829014480068086,0.9836431953583988
189,0.13911481109838983,0.4144703098183642,0.4168387651014113,0.40807251116044185,0.3983622696850469,0.3890646123600872,0.3815551782924662,0.3731613372279148,0.3618090676765716,0.34584276619692944,0.33212182293387915,0.3296639876075208,0.3493312145511555,0.3816047737704411,0.4020295943127375,0.4102440872570004,0.40735437267928903,0.38525985908829313,0.37278247899413536,0.413851057813309,0.5116557144605289,0.5991991793820955,0.6151994548351744,0.6351865729325024,0.6591239925101553,0.6698901989693544,0.6953647985443779,0.7171894674608202,0.735803102236713,0.7219328829333332,0.7323844737149133,0.7593075021983473,0.8420196981863215,0.939032530558654,0.9189391449787611,0.834478687962507,0.7523638119196339,0.6993776647598273,0.6725045188455347,0.6642398606360509,0.6609716499925804,0.6601520542663695,0.6610166589099672,0.6618458317975083,0.6629163362225274,0.6659197310056527,0.6667118679284982,0.6664905388561088,0.6660629409316302,0.6661896122520959,0.6664216528692039,0.6667326734083735,0.6677399516588138,0.6702745201999205,0.6736969095900931,0.6763259794422651,0.6774672959068666,0.6877244072475381,0.6949027149816275,0.7028816495620676,0.7113176725257309,0.712580140644177,0.7133139464005048,0.7111038238665973,0.708533189833369,0.7053024574246013,0.7014342030331708,0.6976688851642725,0.6942858511852399,0.6917193162050881,0.6900693666952079,0.6893498291538124,0.689781356622155,0.691514625599267,0.6947249192591363,0.7000392117732668,0.7090317694219312,0.7232032458212697,0.7342414813212434,0.7530318682069516,0.7746628244852176,0.7819834355178469,0.7854421433273067,0.7895467480225289,0.7932757157550726,0.7951831282805228,0.7946791122238988,0.791243063344117,0.7869333712890778,0.783689209451465,0.7814906689809894,0.7803251280651975,0.7848317115931216,0.7849994151962892,0.7846972218231112,0.7855041931749456,0.7877597678330103,0.7929467073514676,0.8012710823623586,0.8132626596081258,0.8284528171960249,0.8473750655599251,0.8638200473798824,0.8627937806934317,0.9292206800936793,0.9553337200219978,0.9638935105109238,0.9730310926169742,0.9858489050190052,0.9877471559654246,0.9855901753613465,0.989833730139218,0.9922135594475988,0.9910486182430706,0.9890434059990693,0.9860784592220491,0.9826934069136279,0.9791781202041021,0.9755373951314917,0.9719259128552766,0.968383611004883,0.9648459939710177,0.9615042277868112,0.9581843968298748,0.9549567241204663,0.9522372957263098,0.950016333723767,0.9483958515845584,0.9480211670780446,0.9485513538001267,0.9489790497856339,0.9500464849207022,0.9520967004987821,0.954652030846717,0.9575942005798275,0.9604207374335966,0.9623563141161365,0.9635027141729269,0.965840116983928,0.9683093246488285,0.9695913478385777,0.9698204890519093,0.9688801151015246,0.960544061796248,0.9431246034249364,0.9571906423093735,0.9653769550505313,0.9762345045690259,0.9833558782827486,0.9861077096398803,0.9876715348439206,0.9876896316339392,0.985471596357576,0.9911482446237877,0.9938007198062081,0.9947149341889624,0.9951277301197904,0.9954260131268873,0.9960071639886258,0.9966287053057246,0.9971703114827942,0.9976555450354714,0.9982712966322425,0.9987107467884728,0.9990811046631545,0.9993497078776579,0.999540035215192,1.0,0.9995242020081151,0.9992095930697475,0.9987360741694045,0.9979322099490897,0.9970841043071231,0.9968809599885657,0.9967035922062366,0.9972705291107985,0.9980982817771559,0.9985246262830509,0.9988253367741481,0.9988790484703025,0.9986936351156951,0.9982432459007459,0.9978253496266157,0.9950683010198994,0.9977592085675966,0.9973783366960591,0.9966310469447666,0.9963861105815628,0.9949150809459905,0.9944802951635962,0.9932423963915407,0.993199001371632,0.9918908703539233,0.9895015151967897,0.9889812179385125,0.984996010457013,0.981577654412818,0.9820990888527329
190,0.1413970984934076,0.4054457632921911,0.40751362281617554,0.3985767782981048,0.3886415522243851,0.3791661441608067,0.3715594104881636,0.36310500048426597,0.3516875206097829,0.33562256302511273,0.3218069257791654,0.3192560460739123,0.3389535604283939,0.37135034804740824,0.3918523822602308,0.4000554689796535,0.3970711635033047,0.37476088889147635,0.36215632879062104,0.4033697698075772,0.501698836081043,0.5898774325565604,0.606001963373875,0.6261845692858227,0.6503666308010858,0.6612312528155115,0.6869737671478031,0.709048554296818,0.7278937145618877,0.7137996426685188,0.7243745020278034,0.7516480149339415,0.8357406193014848,0.9361219908796703,0.9197394654614451,0.8377860790641141,0.7571084553497919,0.704805863641865,0.6782287739078883,0.6700788759241524,0.6668830725179932,0.6661016590944354,0.6670038397461837,0.6678626461972822,0.6689733122382732,0.672001774278648,0.6728371348296524,0.6726702866105592,0.6722891944690146,0.6724620718020021,0.6727312594344173,0.6730796025546053,0.6741184503780956,0.6766678741402388,0.6801007515058785,0.6827413018160119,0.6839077330638605,0.6941136010578427,0.7012601329784439,0.7092064773712404,0.7176039138313989,0.7188849324905985,0.7196368002807575,0.7174643469489588,0.7149381165672297,0.7117543914432155,0.7079330295804903,0.704212343753098,0.7008733716133108,0.6983392260209753,0.6967142885430806,0.6960143077454634,0.6964577705615252,0.6981909287303024,0.7013952599079624,0.7066802194707572,0.7156167081809545,0.7296712665654611,0.7406348256749854,0.759274886276611,0.7807159514035673,0.7879825062785096,0.7914190123351146,0.7954914002994751,0.7991875550711109,0.8010845825738844,0.8005983347817849,0.7972154171408385,0.7929642206174704,0.7897681103552753,0.7876056827568066,0.7864763670723999,0.7908948210937892,0.7911033873514359,0.7908124881618309,0.7916264081797706,0.7938893380072154,0.7990410772099958,0.8072862797289516,0.8191511876630474,0.8341585346131755,0.8528181741093777,0.8689722134273722,0.8672266983777874,0.9301650119362482,0.9558328335027946,0.9641522781293738,0.9731118337910869,0.9858873403389646,0.9878185516785674,0.9858023177147152,0.9902738666234145,0.9929597874563207,0.9920877736106891,0.990382969206095,0.9877043713445671,0.9845783503614971,0.9812936763639591,0.9778745462937876,0.974450972910257,0.9710743278212032,0.9677059884499571,0.9645143055524,0.9613390448340045,0.9582495696708117,0.9556516258371821,0.9535208135845252,0.9519669545636464,0.9516179003788793,0.9521302708566791,0.9525357018618822,0.9535663944798918,0.9555387806048509,0.9579951252901162,0.9608184701492245,0.9635185052139024,0.9653647139145712,0.9664733248983488,0.9687155901847315,0.9710660652448957,0.9722632678901755,0.9724175398012151,0.9714189884880694,0.962993626625418,0.9454369064667603,0.9552142778471112,0.9635539145516684,0.9746954299681346,0.9819470005553959,0.9848739919094732,0.9865974792451669,0.9867168224443088,0.9846856437573832,0.9902982022465008,0.9929748078981285,0.993815141866744,0.994170116718931,0.9943967127572966,0.9949890193389164,0.9956454411143713,0.996249843725561,0.9968287521963504,0.9975429527340985,0.9980913186981963,0.9985845652871043,0.9989865919764199,0.999327937517442,0.9995242020081151,1.0,0.9994967155625853,0.999234159016549,0.9986156575339522,0.9979481780902425,0.9977938177718606,0.9976202558764993,0.9980486853286833,0.9986497195192061,0.9988292228056393,0.998869712154397,0.9987901256840933,0.9985482359028189,0.9979860146596882,0.9974583315070229,0.9947114869412144,0.99748869294003,0.9970799565789777,0.9962342517527148,0.9958533641940039,0.9942395349255841,0.9936391097046479,0.992318129874231,0.9921984467889748,0.9907774128865708,0.9882956308035288,0.9876151443736397,0.9834770543015326,0.979844486401594,0.980211473276909
191,0.14327168494831297,0.39653979764753977,0.3982099639811563,0.3890742285128424,0.37886821219110256,0.3691868801947292,0.36149244463700636,0.35299156382089514,0.34152964868511065,0.3253738552724032,0.3114238053882922,0.30882286304171797,0.32852881824772706,0.36099369962307776,0.38152721282703983,0.389714048137986,0.38664468529381213,0.36419295349907493,0.35151468680660725,0.3928948237659082,0.4917105869584415,0.5804708426713729,0.5967595276513963,0.6171514889078115,0.6415736738857963,0.6525431546031826,0.6785563820148417,0.7008867042389562,0.7199761778193148,0.7056522471293242,0.7163533922269946,0.7439566758392829,0.8293403283350661,0.9328694470128277,0.9200125079643681,0.8404949329622791,0.7612130708559606,0.7095781227087415,0.6833085639560071,0.6752825643797941,0.672157255557264,0.6714210976870335,0.6723632701480882,0.6732605292440337,0.6744132334798298,0.6774685312026802,0.6783538960926618,0.6782463737442604,0.6779212251046565,0.6781374286459054,0.6784508038210626,0.6788381265921681,0.6799147334012449,0.6824843025137927,0.6859343971211542,0.6885919045442841,0.6897845696270593,0.6999474460525498,0.7070750800661446,0.7149887836617981,0.7233504879252388,0.7246455940214364,0.7254176841897639,0.7232897408683068,0.72080641694699,0.7176707501525634,0.7138987219264721,0.7102259734385966,0.7069275643972507,0.704430711091416,0.7028317318287401,0.7021536113361999,0.7026115260869136,0.70435034141379,0.7075500070521195,0.7128157713201831,0.7217055647427012,0.7356602048521002,0.7465576003618778,0.7650498929012624,0.786308041263727,0.7935231378481294,0.7969418205601053,0.8009829977428827,0.8046550693361991,0.8065448220300733,0.8060798144840886,0.8027477379023896,0.7985553900850224,0.7954077351022236,0.7932817500043,0.792175513178297,0.7965311214849452,0.796760470672618,0.7964851102054593,0.7973107246966039,0.7995710691368033,0.8046888995082383,0.8128654178783219,0.8246076077387852,0.8394556541689933,0.8578790842550635,0.8737921965418054,0.8714286645553906,0.9310575281877201,0.9563775383083092,0.9644143146682539,0.9731917146094495,0.9858894995102013,0.987847464006658,0.9859598903064974,0.9906340929294841,0.9935702398232548,0.9929684453711002,0.9915460676262602,0.9891317815675069,0.9862521138336815,0.9831863897333732,0.9799708274834358,0.9767287611057134,0.973510671899183,0.9703005315303465,0.9672619309442316,0.9642226420918922,0.9612732968861308,0.9587847437848308,0.956745374232182,0.9552560361941563,0.9549284638974419,0.9554304868751831,0.9558160000824509,0.956798625203895,0.9586942992321879,0.9610553049981931,0.9637693806580455,0.9663506366798258,0.9681178220633353,0.9692053959215516,0.9713513176503996,0.9735888439825224,0.9747242483650841,0.974822207264336,0.9737773391604077,0.9652982821564705,0.9476323165920432,0.9531405582811094,0.9616224831274438,0.9730070110227842,0.9804534293779004,0.9835691010042102,0.9854204834466755,0.9856581579699445,0.9837592088258104,0.98934583810997,0.9919997621134574,0.9927702795203417,0.9930359995954704,0.9932061214329426,0.9937885988788329,0.9944464509968934,0.9951082385016876,0.9957436941866137,0.9965756723500445,0.9972455157530941,0.9978368357041442,0.9983677991873238,0.9988621658035125,0.9992095930697478,0.9994967155625853,1.0,0.9994622810648215,0.9990485938536441,0.9985283625765514,0.998416647381634,0.9982564105347402,0.998567590321861,0.9989573636697145,0.9988942481776025,0.9986758880002323,0.9984450749166822,0.998150490171157,0.9975158406600588,0.996855504583454,0.9941467172233215,0.9970340192470303,0.9965776338327071,0.9956102188529357,0.9951459599235268,0.9933679478320956,0.9926111898998847,0.9912256294441885,0.9910437309982907,0.989532148801932,0.9868886583371873,0.9860962376482907,0.9818096696597425,0.978066980576634,0.9781727417555475
192,0.14555729270154805,0.3859047518248003,0.3873106747361627,0.37798809833528174,0.3674800041201593,0.3575901033443527,0.34983173994097083,0.34127613739944135,0.3297473808778361,0.3134974050674496,0.29943936361765444,0.2967234028286104,0.3164105925623001,0.3489378813291457,0.369488934760979,0.37763319771683646,0.37445258058003744,0.3518093802115544,0.33904090720104196,0.3805829653331758,0.47993022018122655,0.5693699978089082,0.5858255232613632,0.6064339713260486,0.6311174398855283,0.6422232708886499,0.6685429662328478,0.6911445842437721,0.7104817875707047,0.695926289342421,0.706779180566928,0.7347719148957553,0.8216679438944544,0.9288566998366092,0.9201442648453272,0.8434677927818915,0.765826522822158,0.7149701245820331,0.6890419774478175,0.6811429972187205,0.6781008348051853,0.6774219948166298,0.6784016710280365,0.6793431298523107,0.68053891204271,0.6836271759394622,0.6845769775108322,0.6845393484764556,0.6842766814982773,0.68454838389492,0.684912438994957,0.6853498601460882,0.6864641207014341,0.689061051017493,0.6925241127660009,0.6952038233416394,0.6964297789528426,0.7065388922809999,0.7136424932528619,0.7215190071535716,0.7298488779710752,0.7311662980877112,0.7319597718329994,0.729882657844133,0.7274453471961111,0.7243638600677341,0.7206455805136063,0.7170256886511774,0.7137746434696368,0.7113171431895069,0.7097492102398197,0.7090916962534304,0.7095681685646,0.7113101168197385,0.7145063820739865,0.7197433746480957,0.7285741801636574,0.7423898885042751,0.7532219478355214,0.7715517999340193,0.7926042036156371,0.7997632864134073,0.803159115676874,0.8071677870914861,0.8108038868716222,0.8126865026372386,0.8122405952933914,0.8089657718755114,0.8048392769024568,0.8017461845694756,0.7996604937342837,0.7986100220772184,0.8028394387376355,0.8030977917206692,0.8028300911919121,0.8036824012104389,0.8059582478158428,0.8110494540367478,0.819146773655995,0.8307526389023563,0.8453990570869114,0.8635122082925304,0.8790777314912578,0.875601813271558,0.9314326499395119,0.9563178753577526,0.9640543494821753,0.972648151379426,0.9853873285124208,0.9873883436556024,0.9856479406236339,0.9906176639797797,0.9939566034115777,0.9937079480051013,0.9926403985842525,0.990550251859304,0.9879682344293466,0.9851701657837287,0.9821981620016128,0.9791728905597539,0.9761356117247414,0.9731154531938572,0.9702547368908017,0.9673714142196721,0.9645823975157647,0.962233171380353,0.9602951813414956,0.9588808110016837,0.9585828694050416,0.9590630942410431,0.9594229060804008,0.9603584597152741,0.9621530874077214,0.9643939413442536,0.9669661392694181,0.9694004633415148,0.9710614958835445,0.972106611623864,0.974154223151696,0.976247355426477,0.9772736860801637,0.977272006361851,0.9761302875319633,0.9674604488544546,0.949616683945906,0.9505029018705774,0.9591563465697615,0.9708882612747137,0.9785386246090404,0.9818606945071018,0.9839018665106679,0.9842267577937097,0.9824871528397858,0.9880345326189449,0.9907215346567351,0.9914028192718672,0.9915624168501619,0.9916446521836124,0.9922318842791581,0.9929120588781152,0.9936469275464112,0.9943815821230796,0.9953319061593369,0.9961340620651771,0.9968633076219542,0.9975558692430847,0.998210799919046,0.9987360741694045,0.999234159016549,0.9994622810648215,0.9999999999999998,0.9994750765035594,0.999151279428942,0.9991028855039892,0.9989374303099293,0.999100544388657,0.9992269699126041,0.9988597246440798,0.9983280738329576,0.9979266170314481,0.9975588733513158,0.9968145783729917,0.9960534852384235,0.9933853894507864,0.9963453934944393,0.995880606134359,0.9947291701526569,0.9941621085491462,0.9921844306711517,0.9912803628991482,0.9897426026254235,0.9895244259337134,0.9878905732322436,0.9851683751402526,0.9841995636042652,0.9796949874544965,0.9757246038152835,0.975617418223108
193,0.14734384788350086,0.3760718184177636,0.37710156484657614,0.3674922497256135,0.35673261641493853,0.3465613457140044,0.3387003459596218,0.33009521385051804,0.3185082073285915,0.3021444510165596,0.287930832795955,0.2851229358083134,0.3047768361291785,0.3373170321700039,0.3578655822983388,0.36593032862704433,0.3626304216262867,0.3397891325059967,0.3269542050037625,0.3686515078982371,0.4685134464850252,0.5585855069956288,0.5752154923185375,0.5960545336255063,0.6209860704448659,0.6322129317477643,0.6588369919578749,0.6817271669010851,0.7013305574674367,0.6864919389722396,0.697471899221239,0.7258239630692837,0.8141320066988553,0.9248050875977915,0.9200832853165549,0.8461797613002072,0.7701579118515337,0.7200730935351732,0.6944971378739973,0.6867430657520283,0.6837815113420318,0.6831485141492397,0.6841693948866058,0.6851538908897395,0.6863945447816004,0.6895202484174062,0.6905210472890165,0.6905490913503056,0.6903415020495651,0.6906714341863212,0.6910823851812977,0.6915650694732115,0.6927136098148706,0.6953351917590933,0.69881263321632,0.70150813115212,0.7027606164587755,0.7128189247750162,0.7198934678557423,0.7277281575619077,0.7360120992644097,0.7373402502832865,0.7381505975386854,0.7361213398110283,0.7337337593199463,0.7307036715614357,0.727041414546817,0.7234730922266741,0.7202656980428382,0.717849154374107,0.7163129520292857,0.7156753712568764,0.7161656888313958,0.7179067067284758,0.7210936589628709,0.7263021887551849,0.7350746547906926,0.7487705122602389,0.7595096751493172,0.7776667659410917,0.7984954473159191,0.8055812336802028,0.8089499416804795,0.8129166322048671,0.8165170761961044,0.8183887582402934,0.817962320584409,0.8147415218680145,0.8106854675221878,0.807641766784679,0.8055989909389369,0.8045725228449928,0.8087302597049584,0.8090423064624302,0.808802789915334,0.8096606831639575,0.8119190253610478,0.8169660114117229,0.8249823364132002,0.8364557745301546,0.8509146855985282,0.8687709332450951,0.8840929823231763,0.8801366580066797,0.9324488322042466,0.9568814777344408,0.9642643309781092,0.9725807022212394,0.9851248410386757,0.9871256935335925,0.9855500852294236,0.9906825010428806,0.994242632952892,0.9942635059516325,0.9934896552804273,0.9916838822692455,0.9893664731888433,0.986813983880413,0.9840651880661927,0.9812324903242223,0.9783803815120751,0.9755339058674835,0.9728340413562492,0.9701160305103561,0.9674739270283176,0.9652517951509676,0.9634107653813717,0.9620716881980355,0.9617960285649948,0.9622601634132293,0.962598433304007,0.9634879222542504,0.9651980911349435,0.9673284614732384,0.9697858590871093,0.972090572765356,0.9736801897392695,0.9747002527908872,0.9766505393201941,0.9786343477461458,0.9796032269622811,0.9795764155785918,0.9784347823886338,0.9698098825312599,0.9520003446413,0.947881835774741,0.9566105186727362,0.9687449202481108,0.9764815744358462,0.9799838908087404,0.9821607151579969,0.9826513521534566,0.9811155613630314,0.9865789691423636,0.98918325548201,0.9897667460986035,0.9898792785383113,0.9898638106290283,0.9904549002342898,0.9911259667064403,0.9919222182028302,0.9927318494846769,0.9937869105605115,0.9947249348191118,0.9955781819314559,0.9964002487221644,0.997226731795022,0.9979322099490897,0.9986156575339523,0.9990485938536441,0.9994750765035594,0.9999999999999998,0.9993693071808843,0.9993915902919368,0.9992437991094213,0.9992610393368261,0.9991476331675144,0.9984908187208327,0.9976530010156743,0.9970884642020372,0.996674413587294,0.9958548962925536,0.9949079367680678,0.9922839767973761,0.9953937231169325,0.9948871720841503,0.9936626872286726,0.9929399569874322,0.9908336264015116,0.9897628103086389,0.9881136706077177,0.9878408048035568,0.986116442857713,0.9832824481853735,0.9821526737541463,0.9775037322916166,0.9733420158366172,0.9730708042552402
194,0.14967248633338814,0.36745357904449977,0.36834929369673447,0.3586307289978847,0.3476962461243786,0.3374160109844951,0.32949449370033496,0.3208719123661488,0.3092414381372018,0.2928109719455064,0.27850427664651445,0.2755935999482769,0.29518819102238364,0.3277133557644901,0.34823449159698955,0.356221655240158,0.35281665658000216,0.3298286122822595,0.3169127143714388,0.35871142106870685,0.45893311130310294,0.5494929394844327,0.5662377679262072,0.5872255366155019,0.6123552106925606,0.6236815873726703,0.65053781380091,0.6736310146387591,0.6934188928144743,0.6784393904971344,0.68953811279883,0.7181813626999118,0.8075630189050912,0.9209888979131265,0.9194772288649087,0.8478322308987128,0.7731472620240637,0.7237035889049412,0.6984185874479615,0.6907683130553939,0.6878831012309894,0.6872912107824212,0.6883539875341197,0.6893714166390558,0.6906496971414611,0.6937976420861619,0.6948519906210066,0.6949445288445019,0.6947903161100778,0.6951603677803998,0.6956176940601866,0.6961423931311147,0.6973285407689565,0.6999713387576892,0.703456871372271,0.7061677731518515,0.7074488081897998,0.7174564328590851,0.7245056800169754,0.7323127945129079,0.7405711631293691,0.7419227590514952,0.742755086174175,0.7407635610434443,0.7384190605997031,0.7354302639174418,0.7318150069308906,0.7282891517139982,0.7251243068762948,0.7227387480441102,0.7212254475924132,0.7206112398588714,0.7211134589036977,0.7228569081190451,0.7260412948336072,0.7312261247004571,0.7399412191657692,0.7535057755556998,0.7641962544085423,0.7822111486067884,0.8028684401975165,0.80991869530567,0.8132730123471206,0.8172139439969903,0.8207869631589776,0.822650301573055,0.8222412631222853,0.8190671915733768,0.815064979454413,0.8120712230281945,0.8100578203678425,0.8090874448997494,0.8131281683262839,0.813465236066962,0.8132263351042247,0.8141039630659369,0.8163908494034583,0.8214160148842612,0.8293662252226925,0.8407172082265598,0.8550125981986665,0.8726043493417812,0.8876215646524078,0.8827487205408141,0.9319471291803916,0.9560140988902704,0.9631843835846174,0.9713892337674285,0.9840361349587352,0.9860945910649359,0.9846182360894149,0.9900125752438391,0.9939212551392439,0.994232202733732,0.9937449396590906,0.9921947334345034,0.9901136290253083,0.98776351328493,0.9852096712271659,0.9825455439080544,0.9798354455511149,0.9771383181142659,0.9745852748271451,0.9719790779448343,0.9694687660173796,0.9673580631413812,0.9656032470821112,0.9643184094710222,0.9640632690631568,0.9645131393205876,0.9648321776043295,0.9656845574408143,0.9673179870378864,0.9693579353957749,0.971696484415627,0.9738872327372825,0.9753840200001312,0.9763755565595705,0.9782410511965528,0.9801086141602615,0.9809893623049011,0.9808660337554026,0.9796111376076241,0.9707820988536904,0.9527469989203277,0.9454119000545578,0.9542735626946075,0.9665672822261043,0.9745119695344613,0.978214365335265,0.9805122898550772,0.9810509460601909,0.9796073621722219,0.9850685095068789,0.9877275196970294,0.9882543997359156,0.9882572220710172,0.9881725394304981,0.9887613236631703,0.9894702385184373,0.9903245776583695,0.991219629087549,0.9923598410678999,0.9933932283204819,0.9943461201232342,0.9952981165711691,0.9962456088664949,0.9970841043071232,0.9979481780902425,0.9985283625765514,0.9991512794289419,0.9993693071808843,0.9999999999999998,0.9994651841716454,0.9993322213849221,0.9992397165495641,0.9988752778592175,0.9979483666999309,0.9969095242667029,0.9962119086546901,0.995741458194163,0.9948025432896309,0.9938239096053746,0.991233973410798,0.9943870866133601,0.9938677291251552,0.9924906582377216,0.9916722976223447,0.9894178270080863,0.9882513960480833,0.9865350012285711,0.9861993427309003,0.984402719834311,0.9814604387882713,0.9801878495421161,0.9753854405856835,0.9711381500641794,0.970572398649303
195,0.14951443082326327,0.3622459832997225,0.36310916819380507,0.3534049413285958,0.34245217482233214,0.33215625568289125,0.324241686905962,0.3156036480187072,0.3039708889059324,0.2875590235798597,0.2732739513501144,0.2703950979029639,0.29004227189432313,0.3226493642399996,0.34328225258870493,0.35135331200898867,0.34801606021121606,0.3250563211077592,0.3121721094546534,0.35407282403719786,0.4544941474084826,0.545307599285639,0.5621282467990348,0.5831928891542925,0.6084368773021677,0.6198280403097617,0.6467879155495139,0.6699819701722914,0.6898710916960709,0.6748090474431506,0.6859686787842484,0.7147577680280411,0.8047270132189895,0.919534986963806,0.9195376623935109,0.8489076184407744,0.7748042193055644,0.72564923147232,0.7004955242026428,0.6928931196366506,0.6900507716067671,0.6894838103868548,0.6905687697527458,0.6916033359243726,0.6929036045813035,0.6960580227177491,0.6971317141844997,0.6972383283333072,0.6971110844151621,0.6974992273756714,0.6979718243289874,0.69851604635904,0.6997146708778557,0.7023605379229907,0.7058510416379632,0.708563852574678,0.7098591929579979,0.7198262554055204,0.7268582013870467,0.7346505029902368,0.742906665383293,0.7442810667699686,0.7451286069890953,0.743158946685182,0.740836114889348,0.7378762965602326,0.7342840440497546,0.7307841776581436,0.7276437054907474,0.7252780024043051,0.7237826408298721,0.7231813318129584,0.7236949048466497,0.7254468303146551,0.7286303124322612,0.7338036209317784,0.7424874911979198,0.7559912823807848,0.7666669571390055,0.7846271880331449,0.8052163147064577,0.8122602979910196,0.8156149642436676,0.8195458623675098,0.8231160978707713,0.8249785111116538,0.8245829729336497,0.8214329885353047,0.8174604086734594,0.814489338030184,0.8124967597588805,0.8115294379035294,0.8155469130548637,0.8158829342107149,0.8156416020709171,0.8165303941877509,0.8188249131389927,0.8238319593059613,0.8317510006067015,0.8430401375164158,0.8572546842574214,0.8747273256869541,0.8896063787691407,0.8841765341319504,0.931560393800045,0.9557340955332668,0.9628818303850595,0.9710762874667986,0.9838299991494478,0.9859097058056091,0.9844637295915926,0.9900105681031734,0.9940943040638973,0.9945393446596712,0.9941912724195898,0.9927660556830009,0.9907931805559113,0.9885444396419951,0.9860780266676266,0.9834957287024451,0.9808499255010523,0.9782258064618284,0.9757372586155866,0.9731840805320866,0.9707308744122657,0.968668184970531,0.9669447551236312,0.9656854904695159,0.9654384720080116,0.9658832862646505,0.9661958256683845,0.9670382393941903,0.9686493128255067,0.9706572584084655,0.9729465405380711,0.9750873672548512,0.9765490147794468,0.9775072182406828,0.9793310977130194,0.9811420433827235,0.9819753045448169,0.9817966431588786,0.9804994518118822,0.971526915239917,0.9532565638851767,0.9439790358852873,0.953030294739283,0.9654893789796472,0.973594610299914,0.9773870304690017,0.9797924555239504,0.9803634856595449,0.9789974062313253,0.9844796965197008,0.9871828121009273,0.9877192612497456,0.987696087970372,0.9875873547917182,0.9881873789656438,0.988939783247964,0.9898188734725706,0.9907541380967273,0.9919528007522388,0.9930283196219245,0.9940270591608699,0.99502037126152,0.9960092391642595,0.9968809599885659,0.9977938177718606,0.998416647381634,0.9991028855039893,0.9993915902919367,0.9994651841716454,0.9999999999999998,0.9995739090055896,0.9994529978262903,0.9990413340469578,0.9980645086374672,0.9969182740221381,0.996184945136981,0.995710412932796,0.9947590999586747,0.9936919124283958,0.9911105729300704,0.9943209557046733,0.9937694492527966,0.9923331992036679,0.9914241524189972,0.9890425770918806,0.987755389210824,0.9859920206167074,0.9856229024095264,0.9837490706172379,0.980735166110215,0.9794646732101592,0.9745808980050644,0.9701752060881299,0.9696668003516833
196,0.14953018499842993,0.36115804016817277,0.36204469010226425,0.3523691150758344,0.34140174959697384,0.3311197866047154,0.32322552390750087,0.31456599519432293,0.3029427054203159,0.28653051873354907,0.2722433432731577,0.2693853041068126,0.2890493890134197,0.3216890675763062,0.34236002082118966,0.3504700445762475,0.34713872956819203,0.32419148870658865,0.3113014153394541,0.3532134929938748,0.4536752891813861,0.5445181214022253,0.5613475994275887,0.5824225124280474,0.6076834961349207,0.6190716501192551,0.6460422722754586,0.6692351694399673,0.6891440212844587,0.6740629687512648,0.6852144169677917,0.7140413850611346,0.8041470487578781,0.9192911360576083,0.9196731733043124,0.8492827970945657,0.7753236856890516,0.7262407997362151,0.7011233553922429,0.6935267833429759,0.6906923613883067,0.6901318379128376,0.6912111524078651,0.692244139321903,0.6935461578811397,0.6966966379363032,0.697765188868086,0.6978761940460386,0.697745121332325,0.6981345527038681,0.6986108328850776,0.6991493367436001,0.7003470380420468,0.7029936531445221,0.7064757621831846,0.7091807415683632,0.7104766400960554,0.7204203215599997,0.7274308000054095,0.7352187352270128,0.743465839108983,0.7448510541651142,0.745704332005293,0.7437404530602325,0.7414249649522004,0.7384651307160387,0.7348820870771605,0.7313869554982834,0.7282496259185024,0.7258901264291164,0.7243973696776926,0.7237969681236893,0.7243123844668035,0.7260586621803786,0.7292361283247211,0.7344053178142227,0.7430686862731386,0.7565347180409311,0.7671989804111736,0.7851431264325268,0.8056997526141747,0.8127456376106523,0.8161025853920431,0.820028754243182,0.823595757504271,0.8254546753230948,0.8250611701346311,0.8219125933727617,0.8179393504346159,0.8149684426783975,0.8129750204196206,0.8120103000103992,0.8160072040202316,0.8163416217612952,0.8160900262610304,0.816984263297939,0.8192778376338367,0.8242707925676316,0.8321744194334019,0.8434317081177777,0.857608739019019,0.8750292414379942,0.8898485553294614,0.8841170865107963,0.930987473625734,0.9552252682083122,0.9623951866863879,0.9705996924040989,0.9834203351471659,0.9855219718872117,0.9840774156257533,0.989671141888696,0.9937967441268692,0.9942947044050865,0.9939827706582371,0.9925889485423005,0.9906481037611043,0.9884321867841129,0.9859968250673391,0.9834402970455343,0.9808160015946927,0.9782178329710433,0.9757431228378736,0.973200814117812,0.9707614714812127,0.9687102884161225,0.9669962183063703,0.9657394868406574,0.9655053611174264,0.9659555322386326,0.9662774375442182,0.9671274537921726,0.9687424893798049,0.9707476152360294,0.9730350873968399,0.975165672713124,0.9766085034053236,0.9775430854476671,0.979343787848371,0.9811346785156614,0.9819342058072225,0.9817349972671514,0.9804129673198089,0.9713704582784011,0.9529862384687633,0.9432858175163112,0.9523895789617552,0.9648505704663919,0.9729479262163997,0.9767671262601436,0.9791917624742423,0.9798163753723702,0.9785452057755614,0.9840339711239363,0.9867610817763471,0.9873112952003298,0.9873370154066182,0.9872713555695884,0.9878891151156816,0.9886633738377799,0.9895854793463245,0.9905323542998903,0.9917579690566642,0.9928467724914848,0.9938539477909731,0.9948487574782051,0.9958444685106457,0.9967035922062366,0.9976202558764995,0.9982564105347403,0.9989374303099292,0.9992437991094213,0.9993322213849222,0.9995739090055897,0.9999999999999998,0.9994723324436771,0.9990700385463112,0.9980914412232073,0.9969435083673459,0.9962077867750919,0.9957197808010647,0.9947724449498418,0.9937315258640321,0.9911516701239219,0.9943714571284299,0.9937746446217283,0.9923263172063039,0.9913648572648858,0.9889169382001247,0.9876282222377579,0.9858089221329899,0.9854421685722229,0.983541838442664,0.9805235445558085,0.9792854678018487,0.974432939957562,0.9699501970873591,0.9694631123739343
197,0.14855089524490528,0.3670434033124425,0.3681290137696603,0.35853580045504685,0.3477638413813189,0.3375898845197785,0.3297396366363931,0.3210878146843823,0.30946432158084725,0.2930997599944547,0.278918659441405,0.2761566714902812,0.2959111675627646,0.32864437598259433,0.3494328179913547,0.3576655017186172,0.35446201561775825,0.3316122597952568,0.31875224284036496,0.3605823658599816,0.46077978139326026,0.5512724210797234,0.5679799862079448,0.5889210265485187,0.6140295328175601,0.6253261220052011,0.6521112859756517,0.6751414956039707,0.6949093517729165,0.6799313056548209,0.6909851813251676,0.7196106784626973,0.8089740343889055,0.9222635493202483,0.9204391401202182,0.8484729627878155,0.7735757766711882,0.7240396213767136,0.6987198222932888,0.6910377519419971,0.6881375977707962,0.6875437313252636,0.6885888185632565,0.6895962583642442,0.690862773564061,0.6939809585529403,0.6950043586330377,0.6950544795346344,0.6948845953344948,0.6952358867317857,0.6956670188318537,0.6961780742504672,0.6973458054222236,0.6999692930084092,0.7034349994317383,0.7061240126578894,0.7073910581063765,0.7173562634758291,0.72437543033514,0.7321736919879479,0.7404330645361419,0.7418111036580683,0.7426456326759387,0.7406540837021794,0.7383039726323969,0.7353147505262837,0.7316966962633051,0.7281715343770148,0.7250048744909219,0.7226219173584265,0.721110447863873,0.7204929228042185,0.7209958441381704,0.722740597205866,0.7259185228894199,0.7310943374922027,0.7397964659730428,0.7533280048232,0.7640292168857484,0.7820598696172458,0.8027345788387567,0.8098171410037102,0.8131855805427718,0.8171321749477571,0.8207143538531848,0.8225774480542992,0.8221631120874954,0.8189804896245886,0.8149594286177649,0.8119513977088859,0.809929104066053,0.8089173964744385,0.8129909244122281,0.8133171534752841,0.8130484204383256,0.8139208998338349,0.8162013309846279,0.8212029570967407,0.8291366451172776,0.8404668184938554,0.854749090848367,0.8723214789931772,0.8873377247545863,0.8820097367533842,0.9308425197240134,0.9554498726709499,0.962853897189112,0.9711915207843047,0.9839975630666311,0.9860814108190215,0.9845546416937968,0.9899898612284642,0.993890037733866,0.9941961340030274,0.9936866769700994,0.9921117294384866,0.9900135212131292,0.9876578416633627,0.9850959572563578,0.9824270313230864,0.9797121585397761,0.9770073348729654,0.97442414698848,0.9717933653617521,0.9692598971949571,0.9671269577226296,0.9653513178867166,0.9640539441392688,0.963798126297872,0.9642658964656977,0.9646071417823564,0.9654995701473243,0.9671838395665843,0.9692654848742253,0.9716362249158542,0.9738503767702897,0.9753480471608035,0.9762829846139441,0.9781361670887204,0.9799892229814825,0.9808434470749595,0.980687178495718,0.9794082708574477,0.9704597018920438,0.952115107498894,0.9448367201957278,0.9537453124991534,0.9660753401775368,0.9740615626269135,0.97775771496303,0.9800914640127225,0.9806869104592022,0.9793964124037511,0.9849178488565623,0.9876187562180484,0.9882557133873423,0.9883785560674507,0.9883896470243243,0.989052299374675,0.9898411929087214,0.9907172234809127,0.991647761638607,0.9927972785937547,0.9938125875355729,0.9947427521687829,0.9956461293055908,0.996523318327368,0.9972705291107985,0.9980486853286833,0.9985675903218612,0.9991005443886571,0.9992610393368261,0.999239716549564,0.9994529978262903,0.9994723324436771,1.0,0.9993348588997643,0.9985938315032404,0.9976546918533734,0.9970063463715102,0.9965550342892456,0.9956999604647717,0.9947501158519656,0.9921512634317754,0.995289497480466,0.9947362572332241,0.9933235823705775,0.9924068553209638,0.9900715576874944,0.988804996883536,0.9870320488240633,0.9866766299843995,0.9848254192180657,0.9818660408105874,0.980672505065811,0.975932621312841,0.9716809036516447,0.9712966922450277
198,0.14671434965997301,0.37744345203826246,0.3787635647483106,0.3693422015792634,0.3588283092019583,0.3488601110777819,0.34110506776994526,0.332473792589442,0.32088421374905757,0.3045933966964627,0.29056002994517904,0.287968726747977,0.30789456764999384,0.3407693041665649,0.361741058008949,0.3701662039295708,0.36717044738355437,0.34447616342655757,0.3316495364704564,0.37329495598452894,0.4730160928168848,0.5628583050423414,0.5793575114782834,0.6000649622759593,0.6248982403414541,0.6360303705338147,0.6624876807476979,0.6852074754382683,0.7047195453372883,0.6899979474570204,0.7008785514133399,0.7291488812827409,0.8172067996472046,0.9272355937902077,0.9215855080265327,0.8468938322501588,0.77039424266398,0.7200932698582677,0.6944139439241019,0.686577275183246,0.6835850247618271,0.6829278504797577,0.6839142984645545,0.684867249238271,0.6860754409423843,0.689141178237652,0.6900864741953227,0.6900499209151866,0.6898034338539963,0.690082871448476,0.6904508399590584,0.6908996441065274,0.6920171565781635,0.6945990738709686,0.6980380810906756,0.7006936667246614,0.7019174973325985,0.7119170352621673,0.7189456102498549,0.7267662626914984,0.7350475146235228,0.7364037572650338,0.7372134004194366,0.7351643712845484,0.7327636821353489,0.72971761809536,0.7260446358128687,0.7224609797804306,0.719248413540401,0.7168208562901219,0.7152800164516228,0.7146347570533848,0.7151167889979904,0.7168509785262466,0.7200258749961506,0.7252216618917708,0.7339719057039323,0.7476144787276998,0.7583788718894354,0.7765599650479224,0.7974268113461299,0.8045595179990579,0.8079437286373177,0.8119209323404458,0.8155292789987063,0.8173974612001536,0.8169526707662013,0.8137054143941858,0.8096122758748537,0.8065432689490429,0.8044707011962396,0.8034050001972322,0.8075787671724773,0.8078500699235435,0.8075566828821118,0.8084073977022556,0.8106640400162499,0.8156864908171685,0.8236798886686288,0.8351243709814871,0.8495634632734268,0.8673934118308246,0.8826680208286373,0.8778770466355291,0.930028179691133,0.9552830860507504,0.9631002929781334,0.9717026641441814,0.9846216817545708,0.9866735730639696,0.9849999073856699,0.9902055378125336,0.993788997609467,0.9937845064452137,0.9929496388963567,0.9910688309857397,0.9886988862197719,0.9861059098975067,0.9833144156993417,0.98044570496783,0.9775550626392829,0.9746688358774398,0.9719111096239009,0.9691201362651553,0.9664145784676791,0.9641388476996934,0.9622559604849027,0.9608773815152363,0.9605918846315334,0.9610734796814028,0.961445059263517,0.9623955981441794,0.964185516208464,0.9663903568229545,0.9688962054246482,0.9712469417360018,0.9728170473672989,0.9737590092441343,0.9756974055298551,0.9776705266673847,0.9785835082073804,0.9784789759634541,0.9772438827234323,0.9683196056375472,0.9499736973268683,0.9474773069815365,0.9562638697651287,0.9682570139584249,0.9759926084411481,0.9794474284265021,0.9816216466924615,0.9821206953261389,0.9806768548830486,0.9862928510461986,0.9890353755268759,0.9897968152270309,0.9900665609530592,0.9902344498021775,0.9909278570093609,0.9917166324489854,0.9925476239845218,0.9934082741935465,0.9944390422471314,0.9953226669277494,0.9961211269097724,0.996856580308344,0.9975357750397383,0.9980982817771559,0.9986497195192061,0.9989573636697145,0.9992269699126041,0.9991476331675145,0.9988752778592174,0.9990413340469579,0.9990700385463112,0.9993348588997643,1.0,0.9991657642169272,0.9985513379757731,0.9980768029783975,0.9977070858746787,0.9969618947406335,0.996166651554554,0.9934936867732596,0.9965517251821834,0.9960146874997763,0.9947455240062758,0.9939524424203864,0.9917389682181393,0.990587914682523,0.988899979453414,0.9885385540741752,0.9867759869749045,0.9839108401759119,0.982913480969471,0.9783872070974416,0.9743208086851453,0.974209909023111
199,0.14386845223799488,0.39078131048280174,0.392282151210374,0.3831358680800051,0.37286423333019275,0.36311843320576487,0.3553963930706165,0.346794977957393,0.3352393371030431,0.3190668095454583,0.3051971177114122,0.3027705217758231,0.32275410251039055,0.3556257763989745,0.37667309385216285,0.385225038717004,0.38237801201359917,0.35990980160988306,0.34719579954219404,0.3886354546802587,0.4876923278999884,0.5766912203141229,0.5929612715239475,0.6133974909353879,0.6378927420272802,0.6488312796243255,0.6749028169415587,0.6972714429135117,0.7164786852908801,0.7019547936435147,0.7126350738171194,0.740429457254722,0.8267197386189613,0.9323951676720698,0.9218048735671309,0.8436902592551838,0.7651963469087403,0.7139305610233638,0.6878258591393365,0.6798318545837921,0.6767161533549909,0.6759825988731596,0.6769064440322156,0.6778073964475819,0.678949943947032,0.6819680182992626,0.6828326381699269,0.6826877005249941,0.6823542076414647,0.6825624956094181,0.6828596339231613,0.6832384406379558,0.6843017868511555,0.6868485969192865,0.690262261609742,0.6928901193123214,0.6940682821196805,0.7041344681451936,0.7111929233133178,0.7190508158942135,0.7273612243672726,0.7286793961716131,0.7294577353884039,0.7273465179055961,0.7248816307095661,0.7217674106599287,0.718027717443834,0.7143774791719983,0.7111043679054819,0.7086265433934289,0.7070472552662518,0.7063733182618606,0.7068327036979548,0.7085589361287121,0.7117350191427163,0.7169631030333788,0.7257959961581646,0.7396186190963959,0.7504620285098375,0.768834060453324,0.7899438597301189,0.7971413026057539,0.8005453800455663,0.8045663326424081,0.8082114466013574,0.810088953938638,0.809616504602479,0.8062951998676057,0.8021127283848466,0.7989712445440784,0.7968439326908099,0.7956895999380252,0.8000419749940091,0.8002732020323922,0.7999724766435528,0.8007766996347271,0.8029938879806846,0.8080443999306139,0.8161160937524268,0.8277310792772525,0.842414334723674,0.8606362119188934,0.8763740921377199,0.872906412270578,0.9298112465805769,0.9556642386517593,0.963835587462894,0.9726043569949852,0.9853587737828992,0.9873313149436155,0.9855257974029041,0.9902854180058994,0.9933065118210115,0.9928612163406391,0.9915682301967861,0.9892942444079231,0.9865671714054935,0.9836507131361957,0.9805739534317623,0.9774467033978945,0.9743565612318684,0.9712321380043631,0.9682586312640922,0.9652907296049374,0.9623884922067231,0.9599317493699431,0.9579293585781037,0.9564617496886777,0.9561471217751505,0.9566507983473159,0.9570635782046509,0.9580896502461079,0.960010696937936,0.9623702604852769,0.9650604732633506,0.9676016340779334,0.9693075637812095,0.9702868002469556,0.9723472645030848,0.9744913079102427,0.9755426737295154,0.9755843455312755,0.9745034344775342,0.9659081839551903,0.9478573089569886,0.9504238653659595,0.9588924409332622,0.9705826657423308,0.9779622420430432,0.9810994467301747,0.9830571637916876,0.9835316641119509,0.9820153826168377,0.9876144665199114,0.9902910043840188,0.9911653755954758,0.9916306990520591,0.9919345436251119,0.9926592293446928,0.9934118600747018,0.9941555436649263,0.9949089859877012,0.9958078573015778,0.9965443517099986,0.9971702110062839,0.9977145422405636,0.9982010855024408,0.998524626283051,0.9988292228056395,0.9988942481776024,0.9988597246440797,0.9984908187208328,0.9979483666999309,0.9980645086374674,0.9980914412232073,0.9985938315032403,0.9991657642169272,0.9999999999999998,0.9990003121717324,0.9987565856985698,0.99844162688613,0.9978744699944436,0.997263537178945,0.9945714860805382,0.9974624668998852,0.9969785731431836,0.9959029966674763,0.9951928115250374,0.9932307676649148,0.9922065233770193,0.9906479783930738,0.9903289600359283,0.9886952865840478,0.9860927192187622,0.9852055372615378,0.9809112909444121,0.9771634235359572,0.9773284645649399
200,0.14084390789967383,0.4042480727381243,0.40610984594689353,0.3972332418993445,0.3872989100031601,0.3778524693903227,0.3702603488615267,0.36173601541503037,0.3502282835828502,0.3342222804256826,0.3205161459893942,0.31821575313620487,0.33817741128406453,0.3709252006349731,0.391897249020166,0.40046701902076726,0.39774542874658503,0.37553173875568846,0.3629396184423381,0.4041476248052285,0.5024291211680494,0.5905025373373136,0.6065516598702603,0.6266853716160417,0.6508240255307447,0.6615981421200355,0.6872646528175699,0.709278360219178,0.7281301028655365,0.7139198584669184,0.7244037471795904,0.7516943459408402,0.8359899189518397,0.9368764324439444,0.9209662326457143,0.8392506965770063,0.75868142598648,0.7064483833427725,0.6799024990653222,0.6717420819946354,0.6685093682430323,0.6677139049971501,0.6685814653820914,0.669422516868059,0.6705106103287356,0.6734831706785064,0.6742789185969424,0.6740435079008387,0.6736394793147968,0.6737761423682522,0.6740081947963351,0.6743289958072503,0.6753435130451972,0.6778536075009295,0.6812497644869795,0.6838552049418583,0.6849940637619488,0.6951276286395472,0.7022177074189572,0.7101170351973436,0.7184713969369083,0.7197675570922204,0.7205128163282906,0.7183398032882427,0.7158120552686456,0.7126295179031763,0.7088192850892385,0.7050996764147011,0.7017670286022775,0.699243820640095,0.6976225039659042,0.6969172126895187,0.6973518759275187,0.6990792643967356,0.7022594856129964,0.7075202015470333,0.7164348093021331,0.7304207633986469,0.7413553809105338,0.7599357269725832,0.7813218971896094,0.7885855244667118,0.7920203571517824,0.7960905514885518,0.7997768648413922,0.8016656913181498,0.8011688327786054,0.7977681923953018,0.793499642975348,0.7902861451066674,0.7881098626921388,0.7868912398232575,0.791377133850283,0.7915913762965536,0.7912751240445933,0.7920524392722659,0.7942626721767203,0.7993598246181789,0.807537947867368,0.8193282045325218,0.8342665601072919,0.852870214666918,0.8690357377781761,0.8667460790904337,0.928702946174424,0.955074058755693,0.963653130237263,0.9726611354982294,0.9854252911890583,0.9873346250161994,0.9853434709320666,0.9897424550086038,0.9922969444111033,0.9914009175758243,0.9896663042087118,0.9869845238733399,0.9838801334095104,0.9806332071495697,0.9772470093074961,0.973851222766508,0.9705283674190455,0.9671687615022211,0.9639661156221059,0.9608016067665178,0.9576866880267827,0.9550634599253197,0.952931968746735,0.9513758463203776,0.9510218712277885,0.9515519658947068,0.9520018607132631,0.9530958500329383,0.9551476053817994,0.9576650293011846,0.9605282242746327,0.9632638925800436,0.9650936599717873,0.9661243234554759,0.9683211563303261,0.9706417394294637,0.97180770933738,0.9719731715467934,0.9709860621910581,0.9625856720498646,0.9447179875040113,0.9535245447847794,0.9618106564349096,0.9730301603940279,0.9801459267378979,0.9829653108101754,0.9846905786182983,0.9850345979290046,0.983367756784193,0.9889685117278448,0.9916027467053694,0.9926008852999568,0.99318705170803,0.993600709579452,0.9943294994191896,0.9950538164249506,0.9956988887633179,0.9963358999556011,0.9970826046426803,0.9976495885404996,0.9981062472528526,0.9984593700941756,0.9987295192843229,0.9988253367741483,0.9988697121543971,0.9986758880002322,0.9983280738329576,0.9976530010156742,0.9969095242667029,0.9969182740221382,0.996943508367346,0.9976546918533734,0.998551337975773,0.9990003121717325,1.0,0.9991713738305938,0.9989427184609174,0.9985208788057232,0.9980992343095385,0.99540339025709,0.9981208381006231,0.9976719977252315,0.9967721925696076,0.9962228489040281,0.9944767249099609,0.9936515405618576,0.9922619120358882,0.9920477061960575,0.9906080980706261,0.9881101630506771,0.9874263808344428,0.9833923861928151,0.9799149230083719,0.9803694296719633
201,0.13667423467239184,0.4112978890222646,0.41339717044620666,0.40474952030913547,0.39504548391558664,0.3857357677743776,0.37819932747730123,0.3697557602768326,0.3583887258290666,0.34253458742992215,0.3289751553293132,0.32673719408179847,0.3465886291808488,0.37905441169173454,0.39984147732554,0.4084066517979106,0.40580542099965144,0.383942103460825,0.3716691133163665,0.4127892926024647,0.5105569702502339,0.5980148176356556,0.6140131226473554,0.6340282730007537,0.6579794823353714,0.6687369045843856,0.6941981635030854,0.7159993162290722,0.7346869007098069,0.7205415642281414,0.7309487366466422,0.7579107506230311,0.8408189376421347,0.9383151994886887,0.9187897546230388,0.8346975010473612,0.7527966952209162,0.6999467150009703,0.6731327737881779,0.6648767170612337,0.6616059285218765,0.6607876876324502,0.6616435836539243,0.6624709954749536,0.6635423504571926,0.6665121319011821,0.6672844323242519,0.6670240578324224,0.6665892450119874,0.6667013439247269,0.6669122583491487,0.667218964870282,0.668216751510992,0.6707318371257406,0.6741348786193505,0.6767422503350901,0.6778730853130749,0.6880688075172469,0.6952088704428985,0.7031521689502899,0.7115670346819003,0.7128701368040409,0.7136116386229677,0.7114143899237386,0.7088545824664523,0.7056407308262919,0.7017898498103893,0.6980422040459169,0.694675690756212,0.6921242545598439,0.6904902283636264,0.6897814056954727,0.6902146274797564,0.6919493651319142,0.6951547314747357,0.7004553990445025,0.7094319796894938,0.7235395968140381,0.7345785796588649,0.7533369673559613,0.7749469925575679,0.7822995477439366,0.7857711204849643,0.7898922137846626,0.793625546210432,0.7955374804165338,0.7950342185639556,0.7915946267838178,0.7872691111903858,0.7840181420545866,0.7818121533248049,0.7805815221701873,0.7851279764648341,0.7852940348822227,0.7849733672550003,0.785759505252825,0.7879892435709679,0.7931435364398643,0.8014233709247035,0.8133700511883877,0.8285066678294114,0.8473895732724314,0.8638338515894856,0.8622367793422839,0.9279700253931109,0.9546429022892164,0.9634780343526178,0.9726301354214568,0.9854075993944444,0.9872919681833249,0.9851867328634296,0.9893490484645282,0.9916190807394959,0.9904509102656376,0.9884347033424825,0.9854850560793956,0.982137674475318,0.978671486756922,0.9750781253300884,0.9715026056455198,0.9680234558797534,0.9645044594010279,0.9611671724022601,0.9578831949064471,0.9546523155811246,0.9519271742324904,0.9497191741000997,0.948104085958104,0.9477434833132732,0.9482916861861793,0.9487574592103533,0.9498961752019585,0.9520312807880181,0.954647109091435,0.9576298977414553,0.9604759262520853,0.9623964141068863,0.9634681142694121,0.9657590864290958,0.9682045903843999,0.9694491097629302,0.969675657910378,0.9687458534989954,0.9604471534955591,0.9426805293752678,0.9555303475582301,0.9638064831588272,0.9747603459038817,0.9816658532703694,0.9843760681358021,0.9859831431106552,0.9862512257838921,0.9844130294728869,0.9900058114235938,0.992584609802232,0.9935560550571695,0.994141843017564,0.9945923709512092,0.99525263654468,0.9959245587243997,0.9964904876179826,0.997039785813766,0.9976932291553045,0.9981411604780669,0.9985048496541906,0.9987616474562334,0.9989124556291086,0.9988790484703025,0.9987901256840933,0.9984450749166823,0.9979266170314482,0.9970884642020372,0.99621190865469,0.9961849451369809,0.9962077867750919,0.9970063463715102,0.9980768029783975,0.9987565856985698,0.9991713738305936,1.0,0.9991934425619222,0.9988847944138597,0.9985762388414339,0.99584018183881,0.9984769086334363,0.9981000283786573,0.9972903794714322,0.9968264977337182,0.9952037472364333,0.994551159306677,0.9932286304724267,0.993059210865469,0.9917222737152457,0.9893561583312667,0.988751949863113,0.9848056315259124,0.9815254350047287,0.9820890197431232
202,0.13203708552060806,0.4144782469519161,0.41681729303883464,0.4082626443937675,0.3987554178835919,0.3895860956070449,0.3821608172207541,0.37384728631687497,0.36261352942634417,0.3468824062637561,0.33345510962651786,0.33127204144483935,0.3509736103520433,0.3831710053644662,0.4037401731971859,0.41225895491320436,0.4097732164196812,0.388263396269505,0.376281761895431,0.4173775833412136,0.514714385545441,0.6017234792950855,0.6177412412460309,0.6377305802437178,0.6616046796131925,0.6723868878501783,0.6977362126308705,0.7194295367405488,0.7379910855525272,0.7239427519414964,0.7343378174252139,0.7611017203581615,0.8430304742925446,0.9380655146171928,0.9160027819505887,0.8302945551192802,0.7475283919004293,0.6942914176587924,0.6673289500866174,0.6590356916129383,0.6557710058560505,0.6549627020560765,0.6558295503326435,0.6566723960376792,0.6577621615137278,0.6607539716755164,0.661537078992365,0.6612917996517627,0.6608631509130017,0.6609837117570114,0.6612004781554975,0.6615131486124327,0.6625271954607952,0.6650631625240847,0.6684976453193776,0.6711295223744688,0.6722733911198672,0.6825320186070774,0.6897172461488761,0.6977233110079583,0.7061949666476042,0.7075138889933429,0.7082716453657693,0.7060645680946931,0.7034975825670966,0.7002756423079656,0.6964065188562971,0.6926396397083913,0.6892647260516657,0.6867048760374006,0.6850664160193062,0.6843596821394858,0.6848058866054613,0.68655664467352,0.6897886847737987,0.6951337048042603,0.7041769464087142,0.718394865110276,0.7295231366890645,0.7484331702657655,0.7702259072019149,0.7776545674430413,0.7811689073606445,0.7853406912396368,0.7891254780959175,0.7910659039336779,0.7905658575361336,0.7870971663527664,0.7827381115670591,0.7794648830810924,0.7772469092154841,0.7760021134963392,0.7806004589502702,0.7807515912141328,0.7804336532693315,0.781226860330095,0.7834912620481284,0.7886918476555058,0.7970610889689371,0.8091258832595941,0.8244296885924824,0.8435346563538063,0.8601944305668817,0.858728139708502,0.926817495672511,0.9538236359241489,0.9628396279408764,0.9721748547371551,0.9850857429065352,0.9869865039494016,0.9847661730306974,0.9888556998812867,0.9909973757848458,0.9896778264851904,0.9875063554010619,0.9844124134301728,0.9809222465054949,0.9773225346414256,0.9736047619909888,0.969920980930634,0.9663469540775255,0.9627445031100794,0.9593254827166889,0.9559805054412578,0.9526960630955125,0.9499273644206434,0.9476878829741202,0.9460617104602482,0.9457052437514721,0.9462779765124449,0.9467596209687595,0.9479230574996909,0.9500932230201284,0.9527712920443137,0.9558332979197275,0.9587476771022458,0.9607240365735734,0.9618154198120847,0.9641723904232671,0.9666960932640045,0.9679767024169363,0.9682185668054181,0.9673185158783493,0.9589882935269468,0.9410746755033632,0.9566654424928315,0.9648648722834946,0.9756897736650112,0.982577524055143,0.9852284060722344,0.9867864726468434,0.9870089370566728,0.9849997382653022,0.9905943752629244,0.9930978862996502,0.9940236467766463,0.9945210208016582,0.9949076608264621,0.9954939278563416,0.9960941814549208,0.9966082474705669,0.9971038670750206,0.9976949296894136,0.9981125343420628,0.998442141129852,0.9986771899273342,0.9987636235359251,0.9986936351156951,0.9985482359028189,0.9981504901711569,0.9975588733513158,0.996674413587294,0.9957414581941632,0.9957104129327962,0.9957197808010648,0.9965550342892455,0.9977070858746787,0.9984416268861301,0.9989427184609174,0.9991934425619222,0.9999999999999999,0.9989190937106235,0.9987206684306998,0.995972660704648,0.9985910922336759,0.998281212668708,0.9975753733316598,0.9971245704746523,0.9955669590151588,0.9949440412654501,0.9936544876744842,0.9935665563302346,0.9922506174245508,0.9898744657754179,0.9893421271833115,0.9854669711805806,0.9821199389946339,0.9828169413711889
203,0.12599651020119554,0.419774830271925,0.422160030433957,0.4137653492655173,0.4044206760243959,0.3953876591781945,0.3880724707012743,0.37984223087940994,0.36874445375279824,0.3531944216422648,0.33993324049015194,0.33780024322796814,0.3573649144623438,0.38916749841561243,0.4095021713308137,0.4179741488118205,0.4156429763842475,0.39457546336578175,0.38303921668337043,0.42407786975546496,0.5208598184213818,0.6072416298732395,0.6232921101751411,0.6432302777815657,0.6669754000581278,0.6777652142073729,0.7029575197187099,0.7244922899449191,0.7429148778481771,0.7289038264497251,0.7392542345961438,0.765717022116693,0.8463557680609839,0.9381022074593691,0.9126447209565218,0.8247856676662749,0.7408234809593696,0.6870406562606087,0.6598529435979552,0.6514964699280219,0.6482148661805613,0.6473959179610876,0.6482719502700263,0.6491244762038548,0.6502233158242562,0.6532336605121705,0.6540186364011755,0.6537497196187969,0.6533164569704388,0.6534333590442915,0.6536504723334305,0.6539662771363993,0.654982391290502,0.657533373248506,0.6609971461014735,0.6636444147854698,0.6647954737463414,0.6751420526616716,0.6823856903463764,0.6904566577788748,0.6990035430720593,0.7003310640929369,0.701101305388328,0.6988771212540908,0.6962948845650874,0.693048501667635,0.6891481409866206,0.6853534884944124,0.681953299324856,0.6793723908322057,0.6777286447588603,0.6770176999115036,0.6774728313386219,0.67924282412862,0.6825051619832692,0.6879023195442764,0.6970310662077074,0.7113996603503177,0.7226404646219998,0.7417488115216133,0.7637804657785817,0.7712955287776465,0.774864822570959,0.779091198969471,0.7829283891284402,0.7849003136268042,0.7843985067308807,0.7808920297237351,0.7764808988162213,0.773173393818333,0.7709266359107899,0.7696530393625566,0.7743357885575761,0.7744824758362042,0.7741688448345155,0.7749661107694579,0.7772450415636585,0.7825136139635417,0.790985520367013,0.8032176950934541,0.8187458106657749,0.8381681428352422,0.8551873048786146,0.8543316164774953,0.9260173315993034,0.953429284093532,0.9626517250067355,0.9720655814774842,0.9849512039564611,0.9867991264404347,0.9844862830439302,0.9883209202667347,0.9901396262976808,0.9885637518328658,0.9861296461067162,0.9828080379152893,0.9791051600891745,0.9753190224247218,0.971418206494562,0.9675870397677191,0.9638944531211543,0.9601407527030758,0.9566088203540315,0.9531824373879438,0.9497990172437358,0.9469615520165402,0.9446643843820731,0.9430073798953781,0.942652048649583,0.9432549983112999,0.943755779973293,0.9449473685194587,0.9471911599961245,0.9499586299565175,0.9531321385770861,0.9561593254717148,0.9582234831945172,0.9593538049396835,0.9618069768499917,0.9644475052416501,0.9658037232114957,0.9661371396972225,0.9653367660173952,0.957174705627349,0.939272759677588,0.9581177786586387,0.9661419388827972,0.97689079265619,0.983587554489175,0.9860815862731348,0.9875548653653693,0.9877961108957203,0.9857871933046227,0.9911577570095829,0.9935365363219734,0.9943785638336907,0.9948912327738025,0.9951795097509649,0.9956991414508801,0.9962251264509081,0.9966394580128971,0.9970558492898056,0.9975872546687568,0.9979274979427273,0.9982003931243852,0.9983594363358805,0.9983943827526782,0.9982432459007459,0.9979860146596881,0.9975158406600588,0.9968145783729916,0.9958548962925537,0.9948025432896309,0.9947590999586747,0.994772444949842,0.9956999604647717,0.9969618947406336,0.9978744699944437,0.998520878805723,0.9988847944138596,0.9989190937106235,1.0,0.9988063566876475,0.9960190153622378,0.998641721000336,0.9984056616278866,0.9978446429941897,0.9974640079158527,0.9959194404071267,0.9953804483122831,0.9942230928645581,0.9941433256160944,0.9929084656624251,0.9906227304940008,0.990131694993303,0.9864070187768293,0.9831324822237749,0.9839173060808635
204,0.12267683472785067,0.4268450447009635,0.4293425181697636,0.42122628056147887,0.4120190015038161,0.40312406697806896,0.39588508515199056,0.38779245380578997,0.37675496685703747,0.3613452205107131,0.34818915453063093,0.3460981778864762,0.36550238319092615,0.39696649515693583,0.4170675064918642,0.42546090665155906,0.4231881541931824,0.4024454241105432,0.3911602232691086,0.4321110081282386,0.5283332641392321,0.6140744341768269,0.630051160280274,0.6498564897269422,0.6734070831572926,0.6841605415820894,0.7091307146535636,0.7304612973575462,0.748692853085409,0.7348028836852409,0.7450805477870087,0.7712280136465891,0.8504602660276298,0.9388412491176947,0.9098826137505484,0.8197752349886669,0.7345753463995146,0.6802120968661972,0.6527749630427945,0.6443461126057213,0.6410248937081959,0.6401834031780202,0.6410550526498096,0.6419018808924449,0.6429863323290925,0.6460049462684807,0.646776397316397,0.6464929001123271,0.6460381137455502,0.6461425865114298,0.646344869124258,0.6466512424102927,0.6476669023220398,0.650226400966556,0.6537020027104931,0.6563624105944015,0.6575071849092655,0.6679257055567603,0.6752169875139497,0.6833445370804656,0.6919441749734085,0.6932758417517049,0.6940455730815187,0.6917975056277071,0.6891870092662377,0.6859066762161629,0.6819764369485237,0.6781533814088685,0.6747214330659156,0.6721247916063184,0.6704649083583842,0.6697521680356945,0.6702061346500228,0.6719862777053137,0.6752753546565213,0.6807106798957271,0.6899108351720386,0.7044014289351096,0.7157353236378593,0.7350074618974495,0.7572535402515741,0.7648393180029974,0.7684413828898866,0.772715816705503,0.7765977173479874,0.778591687873315,0.7780905224852449,0.7745462315796766,0.7700811238364744,0.7667370121190671,0.7644739178826677,0.7631742333790333,0.7679298321444604,0.7680484970332825,0.7677333694427422,0.768532711005444,0.7708284942190463,0.7761502556421479,0.7847165511622972,0.7970869234536268,0.8128123101686733,0.8325044890063594,0.849784107575055,0.8494085503315931,0.924469024820056,0.9522714216828081,0.9617217442476174,0.9713279616668744,0.9843196553244508,0.986164961097798,0.9837321127769507,0.9873843616792998,0.988958418293335,0.9871309451551974,0.9844516403524581,0.9808830123976919,0.9769565136372198,0.9729608467026855,0.9688789113412359,0.9648726547751981,0.9610358857027078,0.957148388109461,0.9534817436137217,0.9499440514608556,0.9464516021196251,0.9435208317131587,0.9411546029936072,0.9394518561639432,0.939090765241674,0.9397124587016364,0.9402216193201038,0.9414523964715701,0.9437611197679232,0.9466211186459418,0.9499003166603845,0.9530380334835442,0.9551877935118446,0.9563566219976584,0.9588986575338453,0.9616555920760798,0.9630825592420159,0.9634727791048356,0.9627136572435093,0.9545637979830633,0.9366537494776584,0.9593540954428995,0.9674523259047262,0.9778960969384588,0.9844575557544414,0.9868370668914745,0.9882252529288312,0.9883333978423534,0.9861885267061785,0.9915347534345018,0.9939145082691488,0.9947901967245789,0.9953116719791947,0.9956091540060564,0.9960724377325499,0.9965710775162858,0.9969069061714027,0.9972425461657436,0.9976827943994481,0.997926815239502,0.9981093600841897,0.9981931376250558,0.9980852703404475,0.9978253496266158,0.9974583315070229,0.996855504583454,0.9960534852384234,0.9949079367680678,0.9938239096053746,0.9936919124283959,0.9937315258640321,0.9947501158519656,0.9961666515545539,0.997263537178945,0.9980992343095386,0.998576238841434,0.9987206684306998,0.9988063566876476,1.0,0.9960777875442625,0.9986475741100895,0.9984969813190518,0.9980607744048985,0.99777506630979,0.9962924618824471,0.9958448159376007,0.9947418379582531,0.9947513723346111,0.9936096235379988,0.9914146790663417,0.9910903157169308,0.9874254670667597,0.9842961487270611,0.9851110947659016
205,0.12471699883813334,0.42628388212334895,0.42880715411491843,0.42070366898830897,0.41137995702352914,0.4023843921055976,0.3951983902391941,0.38708814026511607,0.37606727324825506,0.3606769881457668,0.3474845037728377,0.34533388615497296,0.3645323414331966,0.3957541507687309,0.4156691422406199,0.4239260350958116,0.4215813305776834,0.40087583973593494,0.38970837522152774,0.4305544608635913,0.5265299178376975,0.612050327161864,0.6280214413990864,0.6478095824831334,0.6713407740335322,0.682116438105474,0.7070606731203315,0.7283632448958827,0.7465768986137333,0.732624905642112,0.7428558444915924,0.768934863092494,0.8479142470559249,0.9359094056531827,0.9069797991842363,0.817164067315361,0.7322161643365839,0.6780135422240193,0.6506493215199335,0.6422662399133869,0.638951442574753,0.6380978101991285,0.6389813116614987,0.6398324808944482,0.6409108030428744,0.6439461957742774,0.6447091985343297,0.644430009848687,0.6439835641127599,0.6440938665549406,0.6443007039518819,0.644605594348069,0.6456296907996444,0.6481932922002613,0.6516634743604196,0.6543238073985913,0.6554769576769637,0.6658826251313821,0.673167494776045,0.6812659614211756,0.6898395075934086,0.6911524802614615,0.6919051972785022,0.6896624945944407,0.6870510751729418,0.6837853767636376,0.679860991056811,0.6760518345480154,0.6726350447514711,0.6700450142878449,0.6684020251727245,0.6676742230636704,0.6681374563702253,0.6699098762302045,0.6731958050860698,0.6786111815058493,0.6878043355170432,0.7022819016416298,0.7135719390871411,0.7327564761034656,0.7549505965565415,0.7625003408431146,0.7660686552084386,0.7703257103590346,0.774183052970918,0.7761718342988828,0.7756630902986441,0.7721275692474967,0.7676742496743518,0.7643515090821901,0.7620993044148904,0.7607935209299883,0.7655669062822238,0.7657042673301433,0.7654176040454092,0.7662089167379798,0.7684844884119174,0.7737975638107261,0.7823590943888654,0.7947063391543369,0.8104121381554962,0.8301118342948204,0.8474332515952533,0.8477222599559436,0.9233264461861609,0.9509838273709066,0.9602908133031023,0.9696574312261385,0.982292281958958,0.9840599772872659,0.981680912072965,0.985158178454746,0.986515492640947,0.9846091442236983,0.9818514054025289,0.9782470692291879,0.9742976305444785,0.9702962945177787,0.9661901589337414,0.9621905179125744,0.9583617620503956,0.9544764799832091,0.9508041963055622,0.9472805844459412,0.9437980486381968,0.9408525913622565,0.9384981047212653,0.9367900989171865,0.9364311306162495,0.9370240020445585,0.9375356439285162,0.938747203828055,0.941063870201797,0.9438972695058453,0.9471927565027967,0.9503211557448967,0.9525160657117377,0.9537106891533829,0.9562640985034802,0.9590691888978254,0.960578362481863,0.9610600256236888,0.9604197039597767,0.952642166577513,0.935136674426616,0.9572292678366024,0.9652282970366962,0.975877889285763,0.9822149404486199,0.9845538505657552,0.9858601595601575,0.9860898707454114,0.9839640357697175,0.9892550023650664,0.9914135304053784,0.9922119644061389,0.9927338310186842,0.9929561685562769,0.9934499767384899,0.9938526580858104,0.9941608134461979,0.9945170206390467,0.9949343898329684,0.9951606594040243,0.9953554125603967,0.9953928975872065,0.9953310661244211,0.9950683010198993,0.9947114869412144,0.9941467172233216,0.9933853894507864,0.9922839767973761,0.991233973410798,0.9911105729300704,0.9911516701239217,0.9921512634317753,0.9934936867732594,0.9945714860805381,0.9954033902570898,0.99584018183881,0.995972660704648,0.9960190153622378,0.9960777875442623,1.0,0.9960311070043222,0.9959298101089082,0.995535581038157,0.9952448547183154,0.9938426741912071,0.993435707471671,0.9923585073949547,0.9924120411102598,0.9912938864465587,0.9891796345610839,0.9888853767820214,0.9851404946129738,0.9821705214890413,0.9829505781836712
206,0.12414476344171844,0.4236414177696293,0.42600058987222267,0.4177001096341292,0.40830313198642265,0.3992570817191386,0.3920682658012401,0.38394134445006084,0.3728988390701773,0.35741772712097425,0.3441599589378451,0.3419200857848001,0.3611239265513607,0.3923526961085004,0.4122447050842995,0.4204466063476006,0.41806045458536745,0.3973117197639189,0.3861175467627555,0.42719642620943465,0.5235764426327332,0.609581427268818,0.6256882252402075,0.6456129985719937,0.6693022800783469,0.6801831012425553,0.7053171459591272,0.7268081057123458,0.745158402567028,0.7310814961249574,0.7414352890246151,0.7676877313112639,0.8472730745950764,0.9365243271206392,0.9087366123519339,0.8195300694462946,0.73484911575904,0.6806924875580658,0.6533425588191114,0.6449439283698877,0.6416515522401507,0.6408436370080582,0.6417307796979631,0.6425999284265224,0.6437236603193145,0.6467807491568898,0.6475924196555601,0.6473537064209762,0.6469419150223331,0.6470822661673289,0.6473245314463301,0.6476647452493208,0.6487125126935008,0.6513052716695891,0.6548001294435158,0.6574876721335718,0.6586634204521225,0.6691040230753242,0.6764102023202414,0.6845490245547837,0.6931712674199406,0.6945095825188778,0.6952927301863076,0.6930558033736924,0.6904653948766201,0.6872010494623029,0.6832913212932964,0.6794763312801595,0.6760680887013825,0.6734790716517425,0.6718314501480475,0.6711305211961776,0.6716001241101879,0.6733914447375097,0.676693697055206,0.6821381444656314,0.6913501517710923,0.7058111285726136,0.7171388242120116,0.7364067667495539,0.7586336353983609,0.7662168832374174,0.7698054688906101,0.7740648518365711,0.7779301688826931,0.7799231520901904,0.7794260085185227,0.7758990098416556,0.7714747342457741,0.7681509703029538,0.7659037421893173,0.7646368191868262,0.7693518212088059,0.7694954163076116,0.7691917012425892,0.7700163420147083,0.7723274020646513,0.7776682408016367,0.7862521720368529,0.7986325638778627,0.8143562004099745,0.8340436335560422,0.8513419436964529,0.850953859521075,0.9256337922644985,0.9533012505808758,0.962606425329926,0.9720260864665934,0.984923845078082,0.9867299078535774,0.9843604430449435,0.9880045166945286,0.9895581958819452,0.9877846710039073,0.9851513659285134,0.9816437603267424,0.977767386480174,0.9738193075835553,0.9697718862606739,0.9658031633320155,0.9620110398869469,0.9581564670898829,0.9545376651272556,0.9510504720148422,0.9475966217303144,0.9446960299907097,0.9423652336916429,0.9406796140016271,0.9403029243497737,0.9408838252805993,0.9413694502863482,0.9425583828818365,0.9448371859535675,0.9476379390369217,0.9508656533564577,0.9539460640378905,0.956085770083578,0.9573332714624374,0.959892820627919,0.9626634982812732,0.9641474124660279,0.9646031284724654,0.9639126184686654,0.9558738912511402,0.9380747923558225,0.9596451470746535,0.9676252452327158,0.9781365376180242,0.9847161174281307,0.9871282248200144,0.9885531097584858,0.9887651665517098,0.9865991790936552,0.9918885879753535,0.9940949036049391,0.9948287341827334,0.995228674905136,0.9954052439126874,0.9958390891813949,0.9962453944055077,0.9965909324251808,0.9969155905537543,0.9973669473031758,0.9976564219384874,0.9978680759510861,0.997975480474779,0.9979378013919913,0.9977592085675967,0.99748869294003,0.9970340192470302,0.9963453934944393,0.9953937231169326,0.9943870866133602,0.9943209557046733,0.9943714571284299,0.9952894974804661,0.9965517251821835,0.997462466899885,0.9981208381006232,0.9984769086334363,0.9985910922336759,0.9986417210003361,0.9986475741100895,0.9960311070043223,0.9999999999999999,0.9986879627367395,0.9982371563207372,0.9979547185965736,0.9964618792801131,0.995933875488469,0.9948600557085113,0.994859285387968,0.9936699643393756,0.9915145035932381,0.9911347440927246,0.9873635753467582,0.9841926786751818,0.9849485461014731
207,0.12049557320224524,0.42741466022731117,0.42979927255922373,0.42157173698792283,0.4122973941199015,0.4033034481753435,0.39614390355016477,0.3880920267711014,0.37717002359792107,0.3617757227838255,0.3485847927258969,0.34633002267908275,0.3652709599943759,0.3960648237552486,0.41561714185469034,0.42367215479402426,0.4213119518097243,0.40085401061991255,0.38997755618834595,0.43103802365750477,0.5270570637409151,0.6126375380097554,0.6288199530729772,0.6487446071826585,0.6723371735034058,0.6832847509490697,0.7083398161261232,0.7297539086971491,0.7480190374416474,0.7339374155809025,0.7442716300991701,0.7703470660503526,0.8489668575271865,0.935870651611881,0.9057236128529332,0.8150632675650373,0.7296032596430101,0.6750975327555929,0.6476113464510036,0.6391916782179599,0.6358971182904833,0.635089843746134,0.6359944635327384,0.6368829347477133,0.6380144169606589,0.6410999937024235,0.6419312675607806,0.6417025355559932,0.6412996783475671,0.6414546729637354,0.6417047160925909,0.6420564868301013,0.6431191549897541,0.6457292114213248,0.649256341447774,0.6519670425568529,0.6531449555914457,0.6636662109776038,0.6710234167121003,0.6792108898741064,0.6878819821321708,0.6892305554214138,0.6900118420810991,0.6877640780680265,0.6851623141567365,0.6818831170750697,0.6779489409831579,0.6741186385787312,0.6706895503784184,0.6680949962866715,0.6664423691149652,0.6657361363156531,0.666209889330031,0.6680163244245816,0.671343745874267,0.6768208358710419,0.6861008363694097,0.7006672762497838,0.7120717949526956,0.7314741499300847,0.7538639220190185,0.7615005081185038,0.7651165841414986,0.7694086301940154,0.7733110858799278,0.7753289466810496,0.7748213575645205,0.7712720767354869,0.7668075437771367,0.7634631255588573,0.7612053547217996,0.759922182559311,0.7646822423263101,0.764838990550318,0.7645566404695952,0.7653837312246925,0.7677190843553922,0.7731144239430977,0.7817758207390288,0.7942830864516278,0.810175489953672,0.8301023992572293,0.8476472121026676,0.8477384452617261,0.9252297213245223,0.9530394355090033,0.9623973360519339,0.9718826373422152,0.9847260065952976,0.9865206663103785,0.9840605482418815,0.98753129027936,0.9888652205948909,0.9869020059765251,0.9840872798390712,0.9804178948540635,0.976381658769353,0.9722974825125668,0.9681256008557065,0.9640420604616232,0.9601619101681781,0.9562138432629195,0.952509163218431,0.948964915250847,0.945457397296641,0.9425113810740219,0.9401445409778243,0.9384403248829428,0.938067607104029,0.9386633566078026,0.9391543848374317,0.9403680787790476,0.9426793397949698,0.9455482536687365,0.9488396274992463,0.9519961869420629,0.9542042237382439,0.9554875692180588,0.9581320529084665,0.9609947448596365,0.9625448506772502,0.9630637696251004,0.9624561887855805,0.9546011157737118,0.9368619700350842,0.9609304245402646,0.9688051548313038,0.9791982181029459,0.9856418188923661,0.987921762532725,0.9892694663165728,0.9894897989906318,0.9873098729682599,0.9924234312931021,0.9944874656731396,0.9951137146945216,0.9954598374976009,0.9955537033435392,0.9959094709811059,0.9962430726175378,0.9964911512309264,0.9967631690823715,0.9971661020216412,0.9974060591905711,0.9975537106228372,0.9976334893078165,0.997588554823415,0.9973783366960592,0.9970799565789777,0.9965776338327073,0.995880606134359,0.9948871720841502,0.9938677291251553,0.9937694492527966,0.9937746446217283,0.994736257233224,0.9960146874997764,0.9969785731431836,0.9976719977252314,0.9981000283786573,0.9982812126687081,0.9984056616278867,0.9984969813190518,0.9959298101089081,0.9986879627367397,0.9999999999999999,0.9983391507464193,0.998121122425427,0.996728019072237,0.9963054468169776,0.995235250279029,0.995270937329934,0.9941649777318539,0.9920299815333529,0.9916965418231783,0.9881091236686196,0.9849580837743082,0.9856975945758686
208,0.11676608919910209,0.4381149245192012,0.4404767897744595,0.4324323924975942,0.4231592608393507,0.4141569805868548,0.4070575872863105,0.3991113098611224,0.38824627702223,0.3730167224045333,0.3598924778724842,0.35760595052279165,0.37629072816418346,0.40656763540251467,0.4257109165589636,0.4335790526913586,0.4312045947944561,0.41107719658229613,0.400567930255113,0.4415060240714694,0.5368477917974248,0.6216109035775329,0.6377504936600304,0.6575466247100222,0.6809245276036292,0.6918209312601846,0.7166414666561494,0.7378431016445258,0.7558854516802292,0.7418230982925357,0.7520728602604108,0.7776839649274044,0.8545669939377273,0.937163812709648,0.902491088185379,0.8089302262074123,0.7218462485079549,0.66659722124151,0.6387960808430159,0.6302894943395694,0.6269472176271076,0.6261062150335792,0.6270037202253613,0.6278812268428786,0.6290083185950633,0.6321201185234164,0.6329337291446105,0.6326705365415596,0.6322486826120763,0.6323863838920539,0.6326209741285173,0.6329553791238386,0.6340165913249209,0.6366412073593646,0.6401874167162115,0.6429157123408482,0.6440846021885718,0.6547192899475203,0.6621413234495584,0.6703971099810381,0.6791177129859773,0.6804364455340213,0.6812084354153742,0.6789121464206173,0.6762687962493107,0.672944734098426,0.6689622562793125,0.665081356200761,0.661601381524742,0.6589734259719066,0.6572909882340822,0.6565693837441868,0.6570355839614778,0.6588462587740507,0.6621914767934444,0.6677187972447701,0.6770979203918758,0.6918460211816446,0.7033442453430765,0.7229323292003513,0.7455843136681141,0.7532688559667456,0.7568987213211468,0.761239579588022,0.7651779351220769,0.7672070821817493,0.76668204218786,0.7630664640263269,0.7585335523504698,0.7551365936559654,0.752837530591403,0.751517147245922,0.7563859267699321,0.756551144648682,0.7562674804569548,0.7570799003628719,0.7594091385775438,0.7648681319453641,0.7736572339868413,0.7863559672982349,0.8025181171742926,0.8228582577221117,0.8408888788944785,0.8424656724184167,0.9253110121554992,0.9532631535443323,0.9627780537778005,0.9722432269182554,0.9847286569098861,0.9864080653098782,0.9838553638630524,0.9868280296678039,0.987591060688801,0.985194704506592,0.9819699310836028,0.9779401791910335,0.9735890083265618,0.9692151316909714,0.96476466926061,0.9604508972491809,0.9563943038957368,0.9522371471153617,0.9483477775165617,0.9446816540238168,0.9410367964843867,0.9379669755937982,0.9355100160661386,0.9337559778657408,0.9333762002916014,0.9339957432154057,0.9345109881797001,0.9357608891564616,0.9381654761838834,0.9411438480063229,0.9445868143634879,0.9478990848651264,0.9502348305534559,0.9516131204806545,0.9544018600982521,0.9574473584531679,0.9591798259219918,0.9598720670419757,0.9594805923681012,0.9520727862410361,0.9348585571610787,0.9636357310423269,0.9711440345163663,0.9812523886817018,0.9871961201904307,0.9891879333707444,0.9903496515146377,0.9905864134483162,0.9882747574723192,0.9932123849415752,0.9949993397974025,0.9955643649106758,0.9959352901267844,0.9960053086625335,0.996238614793526,0.9964296758962758,0.9965316433844278,0.996680925772275,0.9969656158899548,0.9970831895108986,0.9971593746181934,0.9971091953231751,0.9969361368491267,0.9966310469447666,0.996234251752715,0.9956102188529357,0.9947291701526569,0.9936626872286726,0.9924906582377218,0.9923331992036679,0.9923263172063039,0.9933235823705776,0.9947455240062757,0.9959029966674763,0.9967721925696075,0.9972903794714322,0.9975753733316598,0.9978446429941897,0.9980607744048984,0.995535581038157,0.9982371563207372,0.9983391507464192,0.9999999999999999,0.9982616271634318,0.9970642121164185,0.9967878692987922,0.9959551356198497,0.9960271295502318,0.995092732725367,0.9931381831878149,0.9928806449852442,0.9893024791878932,0.9865397728151345,0.9873248774998671
209,0.11724781127931722,0.4487656962461634,0.4513170888927,0.4432391890660889,0.4340444032709135,0.4251716372826368,0.41808961250698307,0.41017271477246364,0.39937187385499184,0.3841694491213303,0.3710427762102429,0.3686513611596387,0.38715126916148296,0.4170857459798285,0.4359505557062635,0.4435872776109478,0.44111763375108237,0.42111671876377654,0.4106947409438029,0.4514590873508973,0.5462102432896846,0.6303305369721992,0.6463298120605746,0.6659852396500022,0.6891070985309645,0.6999228061506244,0.7244966876780485,0.7454638733433936,0.7632593340356505,0.7493893105197753,0.7595173091217532,0.7847773204000204,0.8601825496851467,0.9392742741963794,0.9008219313158321,0.8047884921906331,0.7163057290719715,0.6604178032964182,0.6323356045289587,0.6237176984229651,0.6203138251737863,0.6194509051859102,0.6203198274110242,0.621177088343434,0.6222804589267282,0.6253854051242028,0.6261688373342168,0.6258908503428601,0.6254274592163083,0.625544027749717,0.6257569804073958,0.6260725500063276,0.6271125812579251,0.6297350927205976,0.6332925716304623,0.6360190051679668,0.6371762018463967,0.6478871985913733,0.6553422204607675,0.6636404866250408,0.672403613855905,0.6737017812256899,0.6744522953228157,0.672106184079794,0.6694206847616936,0.666050393131635,0.6620227317226598,0.6580890229315366,0.6545721461081103,0.6519000654293285,0.6501936481024355,0.6494460705498213,0.6498976262783022,0.6517081124803199,0.6550661580478806,0.6606208317701963,0.6700707800378819,0.6849407849844399,0.6964921497967639,0.7162435631782227,0.739076105213692,0.7468003291748898,0.7504407893034716,0.7548040315366249,0.7587647027121508,0.7607974941036091,0.7602413382813961,0.7565766444453531,0.7519867630430719,0.7485434303347611,0.7462042740527882,0.7448937537558816,0.7497866707470962,0.7499178011908887,0.7496323869839902,0.7504430622095589,0.7528016121097935,0.7583094984714491,0.7671920987954143,0.7800465887138721,0.7963958444702163,0.8170043386008011,0.8353059377920334,0.8377204852230931,0.9246368195070289,0.952772350245631,0.962342490439664,0.9718813432159638,0.9843524078134153,0.9859861124530414,0.9832934417765378,0.9860325390235193,0.9865093210778997,0.9838281218067662,0.9802998159221873,0.9759888617349307,0.9713632765885732,0.9667556581258765,0.9620900299578747,0.9575823858155684,0.9533495430275425,0.9490237641710316,0.9449904844131313,0.9411873507143951,0.9374158989070808,0.9342476502615422,0.9317121786024515,0.9298872820356705,0.9294828892627315,0.9301162485953461,0.9306330959059025,0.9319097645111992,0.9343716599850036,0.9374242719881198,0.9409731944452049,0.9443794550959759,0.9468041251793515,0.9482600109561738,0.9511421747770137,0.9543302122206943,0.9561535966672956,0.9569324632156313,0.956618697058833,0.9493559620355292,0.9323827597191187,0.9657827908535379,0.9731143014494805,0.9829601390944219,0.9887856779105982,0.9905931054957995,0.9916107291683711,0.9916293424054139,0.9889847712313311,0.9939830671846224,0.9957868147791179,0.9963668067201557,0.9966621448311966,0.9967369332106594,0.9969067234688896,0.9970446592711281,0.9970576403178845,0.9971053578623073,0.9972633015092253,0.9972682912263022,0.9972230701681829,0.9971068687140181,0.9968034715871681,0.9963861105815627,0.9958533641940038,0.9951459599235268,0.9941621085491462,0.9929399569874323,0.9916722976223448,0.9914241524189973,0.9913648572648859,0.9924068553209638,0.9939524424203864,0.9951928115250375,0.9962228489040282,0.9968264977337182,0.9971245704746523,0.9974640079158527,0.9977750663097901,0.9952448547183154,0.9979547185965736,0.998121122425427,0.9982616271634318,1.0,0.9974396074558718,0.9974568337718183,0.9967259273312393,0.9969366595611485,0.9960895037261238,0.9942981627708919,0.9941829389497033,0.9907041084118262,0.9880248852182719,0.988901403887555
210,0.11703090018419847,0.4613119768768985,0.46360328551237406,0.45562627181955195,0.4465417532010684,0.4376508446031552,0.4305936974946543,0.42271861328296784,0.41197233826091023,0.39683751982928417,0.3837331309932954,0.3812645965026568,0.39956433874658315,0.4290921557736295,0.44762277427597713,0.45510589406524776,0.4525677976396527,0.4326748966092438,0.4223482108158018,0.4628837988031656,0.5568937948948957,0.640153119225418,0.6560279021082719,0.6754621123738205,0.6982705804354776,0.7089562584270669,0.7332472779670332,0.753972743608445,0.7715266059048395,0.7577525417037574,0.7677208306970486,0.7924902414935595,0.8661710004728022,0.9412666105250913,0.8986174321028226,0.7999459717810776,0.7100053618809291,0.6534200988489134,0.6250349129144815,0.6163363493723913,0.6128282441717106,0.6119090142980125,0.6127281313236356,0.6135394263380779,0.6146014887662867,0.6176983075681934,0.6184324052210336,0.6180949360806803,0.6175737039964089,0.6176496024293238,0.6178163385979473,0.6180857142211779,0.6190974737095869,0.6217035817465897,0.6252534529165656,0.6279713094680179,0.629085167495743,0.6399002560221102,0.6473913289469231,0.6557029270360673,0.664473496781728,0.6656892785900228,0.6663986141998369,0.663990281751062,0.6612521372981718,0.6578209422557864,0.6537316861668889,0.6497404794548516,0.6461726312099888,0.643457105079221,0.6417099659062597,0.6409275948427092,0.6413529072951828,0.6431481418400926,0.646503019753893,0.6520851074939762,0.6616072388292559,0.676632663235635,0.6882181589746266,0.708083806220986,0.731071660345323,0.7387794155908984,0.7423929653747278,0.7467645377955148,0.7507242546025995,0.7527442942531074,0.7521580348977392,0.7484298318550509,0.7437689662583685,0.7402760677991312,0.73789235005127,0.7365019290758265,0.7415469244104786,0.7417361365845018,0.7414777770405582,0.7422265528799258,0.7445287048371418,0.7500636377162113,0.7590236015877764,0.7720415925529569,0.7886110277671303,0.8096256337341233,0.8284380086087181,0.8330752018539876,0.9252803275110845,0.9531909157778067,0.962738937579646,0.9721790200347205,0.9840027243436709,0.985468004306194,0.9827380352252201,0.9848606287222964,0.984606051395533,0.9814302168755339,0.9774460873790899,0.9727450399411257,0.9677815522338948,0.9628692526143922,0.9579187436948249,0.953171918569574,0.9487601592401186,0.9442049170552113,0.9399898486812202,0.9360548133819642,0.9321253452737265,0.9288033065315227,0.9261678937885243,0.9242818578343062,0.9238304570450976,0.9244575673811665,0.92498640493573,0.9263020027677125,0.928857610840383,0.9320358179481395,0.9357229224218818,0.9392932732708421,0.9418714879206943,0.9434376508596574,0.9464681067296926,0.9498784082184094,0.9519098520847353,0.95295102092609,0.9529502897221512,0.9464315557178502,0.9304064118868887,0.9681712955916415,0.9749919192498644,0.9845789819227964,0.9897523005189324,0.9911462851040626,0.9918715536722328,0.9919629423588472,0.989352671096211,0.9940310708085345,0.9955166978158886,0.996068527127254,0.996480277564384,0.9965806261413043,0.9966870935109113,0.9966639811244262,0.9965615747248655,0.9964690121322324,0.996505549589715,0.9963657761496023,0.996194972586621,0.9958902627434254,0.995489579504094,0.9949150809459905,0.9942395349255841,0.9933679478320957,0.9921844306711518,0.9908336264015116,0.9894178270080864,0.9890425770918807,0.9889169382001247,0.9900715576874946,0.9917389682181392,0.9932307676649147,0.994476724909961,0.9952037472364333,0.9955669590151589,0.9959194404071267,0.9962924618824471,0.9938426741912071,0.9964618792801131,0.996728019072237,0.9970642121164185,0.9974396074558718,1.0,0.9971786567433197,0.9966404002026055,0.9969636797397403,0.996324690851082,0.994758914706328,0.9947507441586785,0.9914563700747477,0.9892663860921111,0.9901721391471683
211,0.11590066273472638,0.47330863489706965,0.47596089941657915,0.4681060577188901,0.4590294702739645,0.45022349804536554,0.44319349383458834,0.43544213336391213,0.42475500344608424,0.4096855766221944,0.3966020603924824,0.39404727059913297,0.4120759882930294,0.4411532009843683,0.45930626107075123,0.46647409548010926,0.4638497168689463,0.4441413252227272,0.43393189895506495,0.47426699844687276,0.5675617577640976,0.6500090277900895,0.6657567720793359,0.684999596670909,0.7075331627007648,0.7181408775296735,0.742119887369376,0.7625943691618412,0.7798834467380178,0.7662419256932438,0.7761361527059153,0.8004405993858643,0.8723480415090459,0.9431692411205344,0.8960330090048024,0.7944505879371623,0.7029014733009976,0.6455547794731107,0.6168485381025778,0.6080046872108001,0.6044499847777106,0.6035012250002978,0.604310360199986,0.6050815496847022,0.6061230075563503,0.6092278802779274,0.6099332535095521,0.60956049095117,0.6090152385071534,0.6090595640091012,0.6092118612899037,0.6094598580686147,0.6104538653418536,0.6130678616295301,0.6166281809990466,0.6193515779105327,0.6204410017543203,0.6313619190615397,0.6388945431247169,0.6472594278001486,0.6560784650620337,0.6572659180163196,0.6579492778029888,0.6554880426182952,0.6526970908487207,0.6492192376762986,0.6450700623524702,0.6410267072705987,0.6374010356031373,0.6346373644013247,0.6328614140963581,0.6320553642849781,0.6324650364894028,0.6342572133627262,0.6376283379394918,0.6432460447488857,0.6528526921641693,0.6680261354085988,0.6796787932058953,0.6997182402834459,0.7229336799067531,0.7306911197222374,0.7343134161426391,0.7387212504210146,0.7427099893290933,0.7447400301370289,0.7441190866280711,0.7403193092621925,0.7355959209486892,0.7320422594787522,0.7296226914250842,0.7282576436785737,0.7333079198152541,0.7334131034698629,0.7331372072376129,0.7339164163487536,0.7362547186708722,0.7418559472184705,0.750935634701345,0.7641257816987691,0.780922208987912,0.8022191533220665,0.8213250447286078,0.826839601605006,0.9241113665080483,0.9520722099051185,0.9617971736048633,0.9713038482230426,0.9831449267615421,0.9845736173553363,0.981655555909713,0.9835178591095861,0.9829411451378838,0.9794233911527765,0.9750922921113518,0.9700598339152532,0.9647774280412612,0.9595804045933115,0.9543688512123479,0.9493913045860712,0.9447706749442191,0.9400280934950317,0.9356347786557978,0.931539726446572,0.9274624534800185,0.9240219604573496,0.9212941719170273,0.9193326366849898,0.9188594017658749,0.9195060139493321,0.9200430155958853,0.9213999583570546,0.9240181771529333,0.9272806514837201,0.931104864029229,0.9347991145857037,0.9374667116201665,0.9390999460828512,0.9422828609690473,0.9458365729349247,0.9479906936833852,0.9490920971801942,0.9491552104645308,0.9427605573063095,0.9270210100214398,0.9712291213559047,0.9776823020721164,0.98660419026334,0.9915899880091087,0.9927923883667625,0.9933213365555956,0.993212193204688,0.9902783900672218,0.9949485023951798,0.9963605881925591,0.9968871979903495,0.9972314199215059,0.9973339548614726,0.9973343199328594,0.997234822597496,0.9970341322567364,0.9968094293649162,0.9966923689251066,0.996449371772594,0.9961135205962799,0.9957052249278097,0.9951533178473385,0.9944802951635963,0.9936391097046477,0.9926111898998847,0.9912803628991482,0.9897628103086388,0.9882513960480833,0.987755389210824,0.987628222237758,0.988804996883536,0.990587914682523,0.9922065233770192,0.9936515405618577,0.9945511593066771,0.9949440412654501,0.995380448312283,0.9958448159376005,0.9934357074716711,0.995933875488469,0.9963054468169777,0.9967878692987922,0.9974568337718182,0.9971786567433197,0.9999999999999999,0.9974220683399585,0.9978559797361414,0.9973923283398353,0.9960082000810845,0.996137033630027,0.9930587329465042,0.9909738999090149,0.9920114999142893
212,0.11374190624808408,0.48050281897255714,0.4831730944848009,0.4754854991858955,0.4664927601484438,0.4576716588750056,0.4507873297424921,0.443054697530297,0.43248813247792667,0.41754345244607577,0.4045239314092614,0.4019457426166944,0.419707568839303,0.44834934174342367,0.4661437188865333,0.47315880799414517,0.4705060741069777,0.45107099920767285,0.4411750400457426,0.4813606302448843,0.5740697313559566,0.655883205638239,0.6715832701927339,0.69071079761824,0.7130763567147155,0.7236411163061718,0.7474564755411276,0.7677747901047459,0.7848639394146056,0.7713036898928743,0.7810945044106521,0.8051002295656979,0.8756095250017936,0.9431751869443391,0.8927764278430971,0.7891726947748405,0.6965316028349198,0.6386960515757397,0.609789406673186,0.6008892562495203,0.5973077626839544,0.5963303022404811,0.5971333693885552,0.5979032899604533,0.598933791361952,0.6020546225189892,0.602744347574557,0.6023641077373469,0.6017994547074313,0.6018349127428841,0.601971979864032,0.6022145835584842,0.6032006585864675,0.6058251084476138,0.6093959977637269,0.6121276112118891,0.6132201234235121,0.6242145343870812,0.6317875257941149,0.6401861874603902,0.6490398769433702,0.6502162391030267,0.6508877281853067,0.6483979373456612,0.6455837116916691,0.6420724341061507,0.6378938530070181,0.6338180536712218,0.6301663837632303,0.6273870654805405,0.6255872695321918,0.6247746427103493,0.6251783358539583,0.6269760183191945,0.6303559493191293,0.6360138005915607,0.6456729620035971,0.6609648402995304,0.6726786528975869,0.6928547828268184,0.7162354951745481,0.7240322319470998,0.7276654126210637,0.7320998534234958,0.7361187372256703,0.7381544410996266,0.7375219476791323,0.7336847655089423,0.7289278720317507,0.725334923786936,0.7228931921823292,0.7215022967105132,0.7266239263817097,0.7267029562358434,0.726430642738199,0.727209288972548,0.729550952810246,0.7352071979636828,0.7443714392876741,0.7576836441170887,0.7746681053891139,0.7962527846324363,0.8156630895676282,0.822235345019137,0.9235957542356436,0.9515137151923735,0.9613322748425311,0.9708134810535896,0.9823933032528742,0.983728375140511,0.9807426569481988,0.9822536560406319,0.9812764201072657,0.9774530273618272,0.9728278586334744,0.9675291504431175,0.9620200707307257,0.956608054759269,0.9512006492694075,0.9460456966366713,0.9412795441864591,0.936390487698911,0.9318828759368677,0.9276866958422493,0.9234973473906032,0.9199732635905548,0.9171771117030041,0.9151744029368706,0.9146962195063226,0.9153360191185114,0.9158962480470788,0.9172692022939078,0.9199369185324093,0.9232930633619857,0.9272078185910735,0.9309995865644979,0.9337731943921934,0.9354816696978108,0.9387845750444369,0.9424620412604875,0.944726837697505,0.9459701061167316,0.946197957197819,0.9401362828343952,0.9249103410412185,0.9726156212707225,0.9789845307766132,0.9873939354289946,0.9922232561180561,0.9932192886929702,0.9936125303731319,0.9934612600954444,0.9902847545184426,0.9949193016211232,0.9961729781379074,0.996646892557114,0.9969646743967057,0.9969839013863807,0.9969236871777893,0.9967323812529831,0.9964632608673367,0.9961178837998914,0.9958944851274165,0.9955622572299413,0.9951348683348624,0.9946294605980437,0.9940013859027038,0.9932423963915407,0.9923181298742311,0.9912256294441883,0.9897426026254235,0.9881136706077176,0.9865350012285711,0.9859920206167074,0.9858089221329898,0.9870320488240631,0.988899979453414,0.9906479783930738,0.9922619120358882,0.9932286304724267,0.9936544876744843,0.9942230928645581,0.994741837958253,0.9923585073949546,0.9948600557085114,0.995235250279029,0.9959551356198497,0.9967259273312392,0.9966404002026054,0.9974220683399585,1.0,0.997708055548473,0.9973854290739494,0.9961189529646813,0.9963330479997972,0.9933211100705021,0.9915130963174765,0.9925171943647669
213,0.11036322524847945,0.484805004410539,0.48764720283253615,0.4800149865448105,0.4711692516757021,0.46250160996224976,0.45565221717871274,0.4479805408941079,0.43748358928195086,0.4226090819944425,0.4096619673141039,0.4070385810156097,0.4246594730110677,0.4530205709620155,0.4705781250984835,0.47746669507126116,0.47482298374873555,0.45552390600067827,0.4457868992667238,0.4859323472338271,0.5783300499681403,0.6597850314135593,0.6754860310870952,0.6945407896637994,0.7168421919951627,0.7274146691154237,0.7511172820195819,0.7713397111128243,0.7883325537517519,0.7748594473989096,0.7846256170200804,0.8084307224254752,0.8780812978055529,0.9435093678606525,0.8908822313658785,0.7858625968229791,0.6924392701018497,0.6342451770561524,0.6051812655956668,0.5962307180757559,0.5926248553630789,0.5916470727839322,0.5924470549870038,0.5932169584896665,0.5942490434956976,0.5973759400674696,0.5980729614556788,0.5976883294861769,0.5971150714260725,0.5971503963035127,0.5972884230048962,0.5975277903070096,0.5985206415176124,0.6011503699670067,0.6047312963969349,0.607479661174896,0.6085758947827414,0.6196172843527512,0.6272319582429136,0.6356719809771495,0.6445703927418729,0.6457498940804337,0.6464226717451568,0.6439181152982473,0.6410794962594983,0.6375491919908346,0.6333472092525471,0.6292525186093325,0.625576173790708,0.6227767164445421,0.6209648124857108,0.6201496313805973,0.6205535991485502,0.6223617915799828,0.62576369763095,0.6314375824310613,0.6411544874715113,0.6565173058956701,0.6682923301292402,0.688594757110654,0.7121163412327174,0.7199642333952916,0.7236246612806021,0.7280821592332568,0.732124275813808,0.734178216845086,0.7335393230500138,0.7296802301694786,0.7248882645980185,0.7212762136758758,0.7188185925382093,0.7174373466488019,0.7225776491049484,0.7226906901131672,0.7224224659940953,0.7232184562523578,0.7255766487073692,0.7312737707354509,0.740511141393919,0.7539375466196367,0.7710647011389962,0.7928367168093534,0.8124458348765964,0.8194899948346804,0.9232224039930941,0.951277173934649,0.9611321429212941,0.9707119594334283,0.9823476043560865,0.9836987638496816,0.9806106131266051,0.9820006445715252,0.980860770076779,0.9768675143655492,0.9720792542077814,0.9666209259377914,0.9609601725960712,0.9554050605998827,0.9498680694154829,0.9446020077742145,0.9397463524804985,0.9347619418473219,0.9301591387941828,0.9259034381056206,0.9216527847724068,0.918063687541173,0.915231088198588,0.913203801586694,0.9127018635414506,0.9133545641171971,0.9139132944466527,0.9152945537059088,0.9180036355272799,0.9214030574905444,0.9253832682067502,0.9292403739717366,0.9320700451670005,0.9338303871460353,0.9371980476098153,0.940962297940006,0.9433047432098516,0.9445995063093251,0.9448704531725958,0.938865147645888,0.9236830201902267,0.9738968485229977,0.9800288124639095,0.9886456232996942,0.9933351736099759,0.994231194330402,0.994562095004552,0.9943433730026675,0.990925597388959,0.995592491971867,0.9968153513932904,0.9972428156789847,0.9975299257625416,0.9975127589062132,0.9973790292745358,0.9971367369486636,0.9967807386384216,0.9963897868199939,0.9961017717847586,0.9957068617631133,0.9952415738592437,0.9946935429643743,0.9940063500347722,0.993199001371632,0.9921984467889748,0.9910437309982908,0.9895244259337134,0.9878408048035567,0.9861993427309003,0.9856229024095263,0.9854421685722229,0.9866766299843995,0.9885385540741753,0.9903289600359283,0.9920477061960575,0.993059210865469,0.9935665563302345,0.9941433256160944,0.994751372334611,0.9924120411102598,0.994859285387968,0.995270937329934,0.9960271295502319,0.9969366595611485,0.9969636797397403,0.9978559797361414,0.997708055548473,0.9999999999999999,0.9979664854758867,0.9967954338745413,0.9970513097165834,0.9941361590227801,0.9922070188803089,0.9933127156402372
214,0.10931740363871907,0.4925395623204227,0.4954654207428759,0.4878853894367464,0.47908570977193765,0.4704012093535946,0.4635719685753029,0.4559522347007401,0.4454881522337484,0.43072924121652567,0.4178205190653634,0.4151869125632266,0.4325799535635108,0.460648617796589,0.47795012054195185,0.48466144858259563,0.48201743474715447,0.4629006060156869,0.4533327593359128,0.49331702863699145,0.585128966060166,0.6659087996213043,0.6815282704595965,0.7004674415553365,0.7225320488833498,0.7330271721074657,0.756551348221659,0.7765816108645875,0.7933740115457878,0.7799236312964163,0.7896094174511572,0.8130784820192867,0.8814407677879068,0.9439197076790515,0.8883130718825615,0.7814433486260902,0.6870091824521729,0.6283481864162009,0.5990782069232011,0.5900552259826606,0.5864082924631782,0.5854021877129622,0.5861799349568321,0.5869240846070861,0.5879375386110294,0.5910637979680957,0.5917384172730523,0.5913223060333374,0.5907269301379201,0.5907313721498267,0.590861371668251,0.5910803508502056,0.5920570326228887,0.5946802523452561,0.5982784879776193,0.6010119935441418,0.602101035435797,0.6132080702397211,0.6208481906437886,0.6293145837150942,0.6382261222981819,0.6393792852146238,0.6400282542956155,0.6374848103598695,0.6346113877673796,0.631049187717181,0.6268147352455744,0.6226808000584769,0.6189740272164378,0.6161472662962186,0.6143131687423181,0.6134741288652774,0.6138674422796316,0.6156732241809665,0.6190807329057224,0.6247840900488365,0.6345440014671613,0.6500236582739125,0.661833951677498,0.6822405163935311,0.7058905064792937,0.7137460042661443,0.7174064441233664,0.7218873305039932,0.7259391525526016,0.7279927264899493,0.7273331970208218,0.7234342483186479,0.7185970114202573,0.7149517696706654,0.7124609491159852,0.7110614893513783,0.7162559444392829,0.7163429948451736,0.7160835634840151,0.7168568560533889,0.7192128188547602,0.7249513125290667,0.7342515201163538,0.7477955070526472,0.7650739449704208,0.7871052776606424,0.8069805326377055,0.8150559640008248,0.9224527087663865,0.9505802271494573,0.9605150436291194,0.970041360242608,0.9814022567504921,0.9826727598365393,0.9795303068677484,0.9805694689419603,0.9790191284082577,0.9747360681327678,0.9696595876693076,0.9639587475102009,0.9580638608309625,0.9523054491229349,0.9465847707671281,0.9411693581362085,0.9361760823536863,0.9310616015686772,0.9263385235460943,0.9219814123640604,0.9176302037093462,0.9139607504231748,0.9110727660403368,0.9089887154707866,0.9084788905443201,0.9091346723565136,0.9097045346392864,0.9111206571707504,0.9138742993412131,0.9173476947109381,0.9214297719537083,0.9253904726044228,0.9283071773160142,0.9301434420013973,0.9336055024195924,0.9375101579935721,0.9399570093815054,0.9413812132937844,0.9417954370789657,0.9361388333934869,0.9213864235185769,0.9753180961474024,0.9812411337356305,0.9892998497099791,0.9936908270630661,0.9943677232942499,0.9945286717248581,0.9942917484369203,0.9909466562327598,0.9954044364932092,0.9963813624592277,0.9967743571147412,0.9970905701892571,0.9970679032596484,0.9968618955017474,0.9965364478034637,0.9960936998342731,0.9955848242772595,0.9952407199049728,0.9947302780989505,0.9941740777444222,0.9935303631295476,0.9927578657534274,0.9918908703539233,0.9907774128865708,0.989532148801932,0.9878905732322436,0.9861164428577129,0.984402719834311,0.9837490706172379,0.983541838442664,0.9848254192180657,0.9867759869749045,0.9886952865840477,0.990608098070626,0.9917222737152457,0.9922506174245508,0.9929084656624251,0.9936096235379988,0.9912938864465587,0.9936699643393756,0.9941649777318537,0.995092732725367,0.9960895037261238,0.996324690851082,0.9973923283398353,0.9973854290739496,0.9979664854758868,0.9999999999999999,0.9968170129000742,0.9972539045954729,0.9943628046920893,0.992815407208154,0.9938868792332839
215,0.10720200040877087,0.5007520854267713,0.5035160515992417,0.49605368401247263,0.4871743954003217,0.4785194424136129,0.4716309331666922,0.4640639805028069,0.453717326893552,0.438996609704373,0.426144128484608,0.42347220634300153,0.4407233306955007,0.4683982912298241,0.4854949730796211,0.49208934077223226,0.4893817750897269,0.47047772640394164,0.4610436927987626,0.5008675011072676,0.5920152180211575,0.6721136156666854,0.6876360834383586,0.7064084727772451,0.7282565173893366,0.7386502765286461,0.7619106738680829,0.7817605989825643,0.7983840186239083,0.7848963471746766,0.794475092924077,0.8175567331536833,0.8845567824303042,0.9439229316626367,0.885238777969332,0.7765204726252901,0.6811271454270205,0.622037251319087,0.5925988014966111,0.5835173937033062,0.5798020235166841,0.5787712940660305,0.5795089361712061,0.5802337249012712,0.5812145701416364,0.5843231358804707,0.5849565670558611,0.5844986990740199,0.5838652488561994,0.5838451623770037,0.5839416036410265,0.5841298455817017,0.5850754519598735,0.5876878040426264,0.5912696707678763,0.5940014186020613,0.595051459538647,0.6062320154615015,0.6138702615102052,0.6223453332991323,0.63125063379823,0.6323575877380209,0.6329805901945429,0.6303921327146238,0.6274849329736363,0.6238892863805982,0.6196194526207649,0.6154475556375777,0.6117138265285116,0.6088543332370318,0.6069959996859842,0.6061469519052981,0.6065212075654554,0.6083066619934459,0.6117236820837736,0.6174306863669129,0.6272308631752714,0.6428134611834919,0.6546288397706457,0.6751095859683716,0.6988630213234972,0.7067143507057093,0.7103560525235708,0.7148400298107934,0.7189045745833157,0.7209471343173818,0.7202683899481098,0.716323641727524,0.711441165047784,0.7077672229260709,0.7052433251850637,0.7038125745984632,0.7090794470535053,0.7091776087257505,0.70892066272727,0.7096661900832237,0.7120018691672089,0.7177481104953037,0.7271191405639412,0.7407529935781917,0.7581857888712721,0.780459737516056,0.8007014737751953,0.8101692443441973,0.9214977197395883,0.9494750981906834,0.9594629912867838,0.9689100540070931,0.9798110205610016,0.9809580158123745,0.9777853176993069,0.9783908277275774,0.9763011780839153,0.971657778437015,0.9662607721830769,0.9602911019972599,0.954164261214922,0.9482020113945073,0.9422846755962924,0.9366960118641066,0.9316007829795472,0.9263109024127344,0.9214597198897461,0.9170262882964181,0.9125558779959292,0.9087939811577901,0.9058264396767941,0.9037148645606642,0.9031770439039469,0.9038371507449726,0.9044165046045594,0.9058561241259301,0.9086782410947151,0.9122273038912675,0.9164162273436067,0.9204894343147277,0.9235118409283806,0.9254182455092513,0.928984775616958,0.933024952209029,0.9356112469036874,0.9372187433492016,0.9378541032596469,0.9327091898170123,0.9185656972891441,0.9760278309355765,0.9814745308652467,0.989297883218559,0.9930542787020754,0.9933997339837802,0.9933861824705013,0.993227978933555,0.9899937882269921,0.994136764403505,0.9948526260076336,0.9952183370448986,0.9955830143808934,0.99565284867128,0.9953973773239227,0.9949167295767123,0.9944172837535169,0.9938266286417863,0.9933401222080799,0.9927837221384815,0.9920829401182446,0.991377462345908,0.9904926399673443,0.9895015151967897,0.9882956308035289,0.9868886583371874,0.9851683751402525,0.9832824481853735,0.9814604387882713,0.9807351661102149,0.9805235445558084,0.9818660408105875,0.9839108401759119,0.9860927192187621,0.988110163050677,0.9893561583312667,0.9898744657754179,0.9906227304940008,0.9914146790663417,0.9891796345610838,0.9915145035932381,0.9920299815333528,0.993138183187815,0.9942981627708919,0.9947589147063282,0.9960082000810845,0.9961189529646814,0.9967954338745413,0.9968170129000742,1.0,0.9964236244802969,0.9937127541850989,0.9926621464137532,0.9936458150978902
216,0.10580891827035602,0.5092148640260321,0.5122872633460401,0.5050113502878926,0.49639179550755186,0.48787267117427846,0.4811082422383503,0.473608908152822,0.46325039936378726,0.448620522318634,0.4358133269814096,0.43314755282431505,0.4502757546999736,0.4776906714423075,0.4945456748394,0.5010220688561783,0.49834464639882736,0.4795758180138452,0.47026440739907,0.5098819027709134,0.6005207342252534,0.6799677299254026,0.6953379400035541,0.7139075769338021,0.7355141577245292,0.7458222323584595,0.7688434394384526,0.7884377970800137,0.8048188111555307,0.7916417687523349,0.8011013411393537,0.8238493914346514,0.8894975517116235,0.9456365003480562,0.8835056764937709,0.77251580628117,0.6758554632050418,0.6161662211525479,0.5864530335145304,0.5772846316739174,0.5735087004455102,0.5724306310633765,0.5731515961903014,0.5738468267723074,0.5747991314152902,0.5778928571600987,0.5784981479577185,0.5780108461215173,0.5773380949375408,0.5772841043236691,0.5773518603093555,0.5775123880761946,0.5784494388945078,0.5810605607686159,0.5846271988299134,0.5873496187762979,0.5883931939431533,0.5996004205394099,0.6072712460151102,0.6157750301729202,0.6247333482666214,0.6258460219713009,0.6264589573886227,0.6238354864762623,0.6208956481896369,0.6172649516416245,0.6129497390943898,0.6087430204240861,0.6049743618577039,0.6020925620879801,0.6002148240898785,0.5993431126037742,0.5997158634077258,0.601511535897983,0.6049249502326067,0.6106658460797536,0.6205285580075164,0.6361642935095413,0.6480532420968841,0.6686695882346586,0.6925848035878542,0.7005165841498964,0.7041880102680127,0.7087014385842053,0.712792255721651,0.7148472847240235,0.7141477791522224,0.7101746581595975,0.705244196120831,0.7015251166743018,0.6989861474770612,0.6975369640594093,0.7028547663980449,0.7028744724279888,0.7026144026335891,0.7033568290586307,0.7057247333612926,0.7115147961861467,0.7209512037797166,0.7347116032345471,0.752278765215657,0.774771328654592,0.7951819468601168,0.804923111847359,0.9190499504635057,0.9475418778884321,0.9577220722440926,0.9674127176134713,0.9786204895963243,0.9797781870227578,0.9764128594911412,0.9769561346906444,0.9747379207357332,0.9698947284924617,0.9642497445303716,0.9580518448883523,0.9516918751415628,0.9455251810520531,0.9394334700585607,0.9336707286367294,0.9284131412149934,0.9229918763669952,0.9180112325960519,0.9134380175245387,0.9088551366590478,0.9049843361530207,0.9019554742754425,0.8997732030235696,0.8992154831292553,0.8998805365452667,0.9004698475683878,0.9019478347247329,0.9048409901018085,0.9084612789967518,0.9127423697223843,0.9169003875336266,0.9199851495397455,0.9219206539343919,0.9255753290827451,0.9297210719854654,0.9323428492777173,0.9339618124010168,0.9345677658963216,0.9293037087537543,0.9151043261471492,0.9766433371964847,0.982189947341753,0.989812536574781,0.9935947098609315,0.9939094682963924,0.9937852367953388,0.9934452490666739,0.9897864408605157,0.994159668794104,0.9950362529045843,0.9954474319479151,0.9958078350475914,0.9959106041441385,0.9956309483828869,0.9951648136332325,0.9945889055581789,0.9939519052155414,0.9933951115123312,0.9926880976104234,0.9919149796075892,0.9910605942510247,0.990081638069656,0.9889812179385125,0.9876151443736398,0.9860962376482908,0.9841995636042651,0.9821526737541463,0.980187849542116,0.9794646732101592,0.9792854678018487,0.980672505065811,0.9829134809694711,0.9852055372615377,0.9874263808344427,0.9887519498631131,0.9893421271833116,0.990131694993303,0.9910903157169308,0.9888853767820215,0.9911347440927246,0.9916965418231783,0.9928806449852442,0.9941829389497033,0.9947507441586786,0.996137033630027,0.9963330479997972,0.9970513097165833,0.9972539045954729,0.996423624480297,0.9999999999999999,0.9944295807817909,0.9933921829199331,0.9946569438640571
217,0.10589580610670954,0.5173472881473802,0.5207292825170845,0.5133931477438082,0.504956074416,0.496500189170853,0.48973330844612484,0.4822706675329987,0.4720228126545074,0.4574312288588758,0.4447029168167353,0.4420634327802555,0.45913006037364285,0.4863409734881288,0.5030583533463105,0.5094568704496811,0.506752723986179,0.4880885628079469,0.47879759895414997,0.5180382826135885,0.6078531622993678,0.686316360006415,0.7014713488181074,0.719735325619761,0.740985281766974,0.7510805424513943,0.7737286227305097,0.7929837253638724,0.809074960277621,0.7960951817836308,0.8053440318254282,0.8276382725577957,0.8917431095918509,0.944771410500325,0.8796492796757336,0.7669390602936978,0.6693496051374246,0.6092679410413926,0.5793609478939256,0.5701088013122423,0.5662349873809638,0.5650984941938123,0.5657564334485498,0.5664041663275342,0.567289814426029,0.5703386955957744,0.5708920367029884,0.5703365098652003,0.5696122050035551,0.5695131440380102,0.569525801589059,0.5696397321313906,0.5705261522456656,0.5730907771202349,0.5766414189787522,0.5793242465607468,0.5803342878391055,0.5915584360224998,0.5992203325880284,0.6077032456902027,0.616657884737955,0.6177048746491481,0.6182829544782238,0.6156298247311283,0.6126504341206587,0.6089804981790615,0.6046366636157424,0.6003932703623323,0.5965953089372792,0.5936792647625841,0.5917791887779321,0.5908811876663858,0.5912166441093866,0.5930069308453206,0.5964020206868832,0.6021291382851848,0.6120090954715118,0.6276877489608955,0.6395663981574929,0.6602127125444915,0.6842096854960233,0.6921100181599417,0.6957749624152116,0.7002989888837192,0.7043787586281018,0.706431717223059,0.7057119003345834,0.7017104264538875,0.6967302408951432,0.6929844882216187,0.6904107460473018,0.688938264488766,0.6943231196474166,0.6943636394809424,0.6941092357066871,0.694819940790995,0.6971447086811601,0.7029303178041764,0.7123968266463517,0.7262099931187581,0.7438717323137443,0.7665312404395029,0.7871840206061665,0.7981567586280237,0.9156392226063412,0.943984314712788,0.9542930049749598,0.9639419302936123,0.9748479949316027,0.975880899854399,0.9725023156989813,0.9726621221739183,0.9700231515951734,0.9648702251883284,0.9589328316065079,0.9524572445958258,0.9458818812730415,0.9395140415199639,0.9332276596941056,0.9273271385205919,0.9219511188753756,0.9164038991567895,0.9112785369642327,0.9066120875104962,0.9019043303120727,0.897931021523729,0.8948166666536768,0.8926107331904296,0.8920008224425988,0.8926827671922402,0.893289056077195,0.8947863132915448,0.8977394660554223,0.9014584842002131,0.905826269202414,0.910097392342573,0.913270038129766,0.9152418771698371,0.9189846623771217,0.9232518904211854,0.9260081236113538,0.9277408016076598,0.92850833798479,0.92365053618021,0.9099520662528627,0.9753293436341159,0.9801113779050633,0.987578533684185,0.9908725677226299,0.9908994352303768,0.9905684898070778,0.9902382131359074,0.9867680942860363,0.9909227643778643,0.991650607616141,0.9920881182961913,0.9926220323663051,0.9927986685430593,0.9925728229935317,0.9920989790651503,0.991432950942005,0.990653454870387,0.9900003933686545,0.989222563287445,0.9883343782518339,0.9873644143742034,0.9862199125478883,0.984996010457013,0.9834770543015326,0.9818096696597425,0.9796949874544965,0.9775037322916166,0.9753854405856835,0.9745808980050643,0.974432939957562,0.975932621312841,0.9783872070974416,0.980911290944412,0.983392386192815,0.9848056315259124,0.9854669711805805,0.9864070187768295,0.9874254670667597,0.9851404946129738,0.9873635753467581,0.9881091236686196,0.9893024791878932,0.9907041084118262,0.9914563700747477,0.9930587329465042,0.9933211100705022,0.9941361590227801,0.9943628046920893,0.9937127541850989,0.9944295807817908,0.9999999999999999,0.9914015164415331,0.992890961974916
218,0.10623740243707645,0.5295511390370585,0.5326909676866668,0.5255349927993557,0.5170738557581428,0.5085138758080104,0.5016833064838817,0.494146399568458,0.4838965226177235,0.46939370816952974,0.456691716487505,0.4539846594184867,0.4708720035312493,0.4978526505383776,0.514379962152726,0.5206542059266068,0.517844591489571,0.49928876430957947,0.48999443766461886,0.5289526304285778,0.6178806795089805,0.6954518763207804,0.7103771630997258,0.7284065133926892,0.7492526735896315,0.7591715822690248,0.7814754122584022,0.8004224179856243,0.8162356337778147,0.8031252819754041,0.8121775481348652,0.8339488992941274,0.8964338945317658,0.9457195354114235,0.8769655601672561,0.7619628525473938,0.6631946786664605,0.6025737497313177,0.5724510791795211,0.5630747571509163,0.5591302781968908,0.5579343954507213,0.5585189184345747,0.5591182562065931,0.5599235685735006,0.5629393246166332,0.5633988594092771,0.5627543111387382,0.5619627739057326,0.5617874604387051,0.5617459577950336,0.5617920527579714,0.5626227575421424,0.5651611397974479,0.5686752210844844,0.5713211635256832,0.5722767220239722,0.5835491273781691,0.591178691983604,0.5996598291869011,0.6085481318420128,0.6095318373528438,0.6100537981904818,0.6073307281663637,0.6042975722899808,0.6005677145368729,0.5961774811252922,0.5918845250344964,0.5880274029342922,0.5850798245252992,0.5831366742991783,0.5822161525975041,0.5825143912243033,0.5842607767605293,0.5876346935619209,0.5933662874713325,0.6032621858556506,0.6190529202016118,0.6308830404159986,0.6515700931671982,0.675613537639065,0.6834837767246282,0.6870958961036673,0.6916109068019128,0.6956781856762818,0.6977066952424131,0.6969437369583596,0.6928677053976026,0.6878518414312136,0.6840541769395945,0.6814265018466875,0.6799152845171863,0.6853880048915355,0.6853833214040391,0.6851183422159658,0.6858078513702878,0.6880848467663481,0.6938860917302123,0.7033495296489625,0.7172739964049581,0.7350550645694032,0.7579368291443532,0.7789029366128667,0.7919867458203704,0.9142038553707148,0.942286149347428,0.9525201362158694,0.9619178143849616,0.9720673984199318,0.9729509312981948,0.9695123644296886,0.9690646700960609,0.9657644171757455,0.9601754942903956,0.9538217985057258,0.9470259121105102,0.9401377432298322,0.9335311925087197,0.9270369838000857,0.9209240065160507,0.9153979238819315,0.9096701261314603,0.904376573932118,0.899572229526459,0.8947108037753584,0.8906181677610661,0.8874197875859064,0.8851229020720474,0.884485101406143,0.8851701670373329,0.8858053005217974,0.8873418254572977,0.8903763979925469,0.8941907094949251,0.898683757622017,0.9031018683043446,0.9063805684694236,0.9084289278246818,0.9122756053976071,0.9166814538380935,0.9195988460892432,0.9215425627818239,0.9225444375040428,0.918420690170737,0.9057648790603017,0.9767613187184364,0.9806358666664888,0.987215768294792,0.989475192141428,0.9889037283762319,0.9883253074381889,0.9882029824304889,0.985368940464473,0.9887943199014876,0.9890147314817623,0.9894997924905854,0.9902559516458141,0.9906385505127856,0.9903235198789553,0.989689580716081,0.9889449582992879,0.9880936584360936,0.9873033884226547,0.9863356782043383,0.9853461083414292,0.9841870895483797,0.9829014480068086,0.981577654412818,0.979844486401594,0.9780669805766341,0.9757246038152835,0.9733420158366171,0.9711381500641794,0.97017520608813,0.9699501970873591,0.9716809036516446,0.9743208086851451,0.9771634235359572,0.9799149230083719,0.9815254350047286,0.982119938994634,0.9831324822237749,0.9842961487270611,0.9821705214890413,0.9841926786751819,0.9849580837743082,0.9865397728151345,0.9880248852182718,0.9892663860921111,0.9909738999090147,0.9915130963174765,0.9922070188803089,0.992815407208154,0.9926621464137533,0.993392182919933,0.991401516441533,1.0,0.9926953419004291
219,0.10531164529607642,0.539382321288888,0.5428394668273552,0.5358257739156832,0.5276118611418619,0.5193361750755832,0.5125918452041932,0.5051113788502232,0.49478950528985655,0.4803008501857587,0.4676542603216044,0.4650334195410902,0.48203410270137337,0.5091757711841988,0.5258529366800546,0.5322452452491698,0.5295269980472868,0.5109467183675245,0.5015260481886403,0.5402735604957415,0.6287777315890862,0.7058314595521018,0.7204962493588165,0.7382368985831042,0.7588140033517823,0.7685208856091151,0.790489991644309,0.8091773314937315,0.8246798474104003,0.8120416081883017,0.8209335394364612,0.8423992067421361,0.9037570778513844,0.9503664008626397,0.8783819037479318,0.7611077468021896,0.6609679429474141,0.5996447696480861,0.5692164233968559,0.559693504254282,0.5556525988990236,0.5543949584908542,0.5549353265175672,0.5554613010990148,0.5562279653128483,0.5591811213761979,0.5595720283098767,0.5588519981587855,0.5579813894063064,0.5577470142375606,0.5576437318581172,0.5576342541132214,0.5584132603215819,0.5609101773609152,0.5643831482789711,0.5670095918785778,0.5679194715377646,0.5791835277543649,0.5867958632027417,0.5952654686433729,0.6041893598929584,0.605173796586928,0.605668046140361,0.6029009080647101,0.5998211085841894,0.596050978890984,0.5916088971686844,0.587271904463601,0.5833826394300837,0.5803955306499622,0.5784192113670525,0.5774726595556006,0.5777588745472921,0.5795004668804848,0.5828750689084133,0.5885972092196217,0.5985307181030963,0.6143281295851275,0.6262343023622868,0.6470071057479095,0.6711635954996894,0.6791065226983742,0.6827296329012018,0.6872531700020534,0.6913396044098917,0.6933699115751893,0.6925910804259687,0.6884657680404948,0.6833958837611663,0.6795435935912318,0.6768954611776106,0.6753319756254872,0.6808856675744406,0.6808440418581886,0.6805422572064174,0.6812247444420185,0.6835122245067647,0.6893327581789883,0.6988277867378226,0.7128028565342455,0.7306971160679804,0.7537190711709016,0.7748218895685535,0.7876937823391527,0.9118144478975349,0.9407734840209413,0.9515200126519985,0.9612635523729155,0.9718496757757293,0.972743087060462,0.9691370792574425,0.9686653491631108,0.9652496836451846,0.9594494647516532,0.9528517179336268,0.945828495472434,0.9387416896668205,0.9319392659453413,0.9252521416947729,0.9190021326751329,0.9133203366969506,0.9074517332020797,0.9020404223087438,0.8970705441678413,0.892088652986764,0.8878880819457116,0.8846001367208178,0.8822206240903521,0.881576845277496,0.88225648173143,0.8828956143939974,0.8844847002151383,0.8876059751659993,0.8915135285418986,0.8960955795832419,0.9006090307142266,0.9039297852583138,0.9059881511256507,0.9098951291746405,0.9143720586569848,0.9172919392411135,0.9192095237122835,0.9201960722968997,0.9158191208418452,0.9028196103793255,0.9768132589620396,0.9813025193959467,0.9878257477679486,0.9903475971084131,0.9897629443327018,0.9890452347807841,0.9886976089463309,0.9854154961134627,0.9892183627628465,0.9897989528518354,0.9904817443112381,0.9913695561012201,0.9918654814141069,0.9915888260575604,0.9910709992868829,0.9903216296666831,0.9894450451490875,0.9885653484900084,0.987483191557883,0.9863227543009208,0.9850766545722469,0.9836431953583987,0.982099088852733,0.980211473276909,0.9781727417555475,0.975617418223108,0.9730708042552402,0.970572398649303,0.9696668003516832,0.9694631123739343,0.9712966922450278,0.974209909023111,0.9773284645649398,0.9803694296719634,0.9820890197431232,0.9828169413711888,0.9839173060808635,0.9851110947659015,0.982950578183671,0.984948546101473,0.9856975945758686,0.9873248774998671,0.988901403887555,0.9901721391471683,0.9920114999142893,0.9925171943647669,0.9933127156402373,0.9938868792332838,0.9936458150978902,0.9946569438640571,0.992890961974916,0.9926953419004291,1.0
